id,barcode,prediction
WRKY_1:10023437-10023686_binding_1080,1,0.8224244117736816
WRKY_1:10023437-10023686_non_binding_710,1,0.8270436525344849
WRKY_1:10023437-10023686_reference_binding_2114,1,0.8273524641990662
WRKY_1:10079324-10079573_non_binding_1711,1,0.9091401100158691
WRKY_1:10079324-10079573_non_binding_1828,1,0.9079258441925049
WRKY_1:10079324-10079573_reference_binding_2351,1,0.8981360793113708
WRKY_1:10102436-10102685_non_binding_537,1,0.9047389030456543
WRKY_1:10102436-10102685_non_binding_843,1,0.9085782170295715
WRKY_1:10102436-10102685_reference_binding_1989,1,0.9096148014068604
WRKY_1:10146600-10146849_binding_1026,1,0.9295565485954285
WRKY_1:10146600-10146849_binding_1045,1,0.9279475808143616
WRKY_1:10146600-10146849_binding_1116,1,0.9278749823570251
WRKY_1:10146600-10146849_binding_1124,1,0.9285363554954529
WRKY_1:10146600-10146849_binding_1187,1,0.9286772012710571
WRKY_1:10146600-10146849_binding_1192,1,0.9283210635185242
WRKY_1:10146600-10146849_binding_1343,1,0.9274019598960876
WRKY_1:10146600-10146849_binding_202,1,0.9227288365364075
WRKY_1:10146600-10146849_binding_259,1,0.9209814667701721
WRKY_1:10146600-10146849_binding_324,1,0.9270977973937988
WRKY_1:10146600-10146849_binding_354,1,0.9167498350143433
WRKY_1:10146600-10146849_binding_363,1,0.9162026047706604
WRKY_1:10146600-10146849_binding_378,1,0.9190906286239624
WRKY_1:10146600-10146849_binding_399,1,0.9227385520935059
WRKY_1:10146600-10146849_binding_465,1,0.9197285771369934
WRKY_1:10146600-10146849_binding_475,1,0.9164432287216187
WRKY_1:10146600-10146849_binding_495,1,0.9250413179397583
WRKY_1:10146600-10146849_binding_497,1,0.928071916103363
WRKY_1:10146600-10146849_binding_89,1,0.9186171889305115
WRKY_1:10146600-10146849_reference_binding_1927,1,0.9291357398033142
WRKY_1:10264180-10264429_binding_1271,1,0.8251312375068665
WRKY_1:10264180-10264429_non_binding_769,1,0.831402063369751
WRKY_1:10264180-10264429_non_binding_861,1,0.8240593671798706
WRKY_1:10264180-10264429_reference_binding_2148,1,0.8141099214553833
WRKY_1:10333638-10333887_non_binding_1604,1,0.8570903539657593
WRKY_1:10333638-10333887_non_binding_1644,1,0.873925507068634
WRKY_1:10333638-10333887_non_binding_1812,1,0.8615057468414307
WRKY_1:10333638-10333887_non_binding_1837,1,0.8564388155937195
WRKY_1:10333638-10333887_non_binding_962,1,0.8720375895500183
WRKY_1:10333638-10333887_reference_binding_2239,1,0.8677036166191101
WRKY_1:10361942-10362191_binding_189,1,0.8521740436553955
WRKY_1:10361942-10362191_binding_219,1,0.8613447546958923
WRKY_1:10361942-10362191_binding_294,1,0.8411795496940613
WRKY_1:10361942-10362191_binding_435,1,0.8546576499938965
WRKY_1:10361942-10362191_non_binding_1392,1,0.865016758441925
WRKY_1:10361942-10362191_non_binding_1475,1,0.8618266582489014
WRKY_1:10361942-10362191_reference_binding_1942,1,0.8662019968032837
WRKY_1:10378611-10378860_non_binding_848,1,0.876056432723999
WRKY_1:10378611-10378860_reference_binding_2193,1,0.875103235244751
WRKY_1:10441436-10441685_non_binding_1791,1,0.9172186255455017
WRKY_1:10441436-10441685_non_binding_555,1,0.9156595468521118
WRKY_1:10441436-10441685_reference_binding_2002,1,0.9142251014709473
WRKY_1:10455473-10455722_non_binding_1660,1,0.9214109778404236
WRKY_1:10455473-10455722_non_binding_1716,1,0.911543607711792
WRKY_1:10455473-10455722_non_binding_1866,1,0.9198086857795715
WRKY_1:10480476-10480725_non_binding_800,1,0.8879454731941223
WRKY_1:10480476-10480725_reference_binding_2165,1,0.8877297639846802
WRKY_1:10496963-10497212_non_binding_1876,1,0.9072660803794861
WRKY_1:10496963-10497212_reference_binding_2378,1,0.910139799118042
WRKY_1:10783479-10783728_non_binding_1499,1,0.8991411924362183
WRKY_1:10783479-10783728_reference_binding_2306,1,0.8964934349060059
WRKY_1:10824313-10824562_non_binding_1672,1,0.8637920022010803
WRKY_1:10824313-10824562_reference_binding_2341,1,0.8657979965209961
WRKY_1:10854384-10854633_binding_1076,1,0.9054085612297058
WRKY_1:10854384-10854633_reference_binding_2262,1,0.9111602306365967
WRKY_1:1087187-1087436_non_binding_548,1,0.8827848434448242
WRKY_1:1087187-1087436_non_binding_644,1,0.8803231716156006
WRKY_1:1087187-1087436_reference_binding_1996,1,0.8808217644691467
WRKY_1:10927293-10927542_binding_1010,1,0.922484815120697
WRKY_1:10927293-10927542_binding_1094,1,0.9257214069366455
WRKY_1:10927293-10927542_binding_1132,1,0.9232338666915894
WRKY_1:10927293-10927542_binding_1170,1,0.9230588674545288
WRKY_1:10927293-10927542_binding_1218,1,0.9256312251091003
WRKY_1:10927293-10927542_binding_1239,1,0.9263618588447571
WRKY_1:10927293-10927542_binding_1253,1,0.9241501688957214
WRKY_1:10927293-10927542_binding_1305,1,0.924808919429779
WRKY_1:10927293-10927542_binding_1340,1,0.9246062636375427
WRKY_1:10927293-10927542_binding_1354,1,0.9221590161323547
WRKY_1:10927293-10927542_binding_1359,1,0.9235430955886841
WRKY_1:10927293-10927542_binding_1367,1,0.9246721863746643
WRKY_1:10927293-10927542_binding_1368,1,0.9215816855430603
WRKY_1:10927293-10927542_binding_254,1,0.9270642995834351
WRKY_1:10927293-10927542_binding_278,1,0.9249220490455627
WRKY_1:10927293-10927542_binding_402,1,0.9258045554161072
WRKY_1:10927293-10927542_binding_64,1,0.9256346821784973
WRKY_1:10927293-10927542_binding_91,1,0.9184143543243408
WRKY_1:10927293-10927542_binding_93,1,0.9245774745941162
WRKY_1:10927293-10927542_binding_99,1,0.9240869283676147
WRKY_1:10927293-10927542_non_binding_994,1,0.92279452085495
WRKY_1:10927293-10927542_reference_binding_1917,1,0.9235038757324219
WRKY_1:1101396-1101645_non_binding_1479,1,0.898886501789093
WRKY_1:1101396-1101645_non_binding_829,1,0.8909808397293091
WRKY_1:1101396-1101645_reference_binding_2183,1,0.898331880569458
WRKY_1:11229331-11229580_binding_143,1,0.8633736371994019
WRKY_1:11229331-11229580_binding_395,1,0.8640902042388916
WRKY_1:11229331-11229580_non_binding_1503,1,0.865558922290802
WRKY_1:11229331-11229580_non_binding_966,1,0.8647695779800415
WRKY_1:11229331-11229580_non_binding_993,1,0.8657003045082092
WRKY_1:11229331-11229580_reference_binding_1939,1,0.865393877029419
WRKY_1:11236693-11236942_non_binding_1726,1,0.9161248207092285
WRKY_1:11236693-11236942_reference_binding_2354,1,0.9134547114372253
WRKY_1:11301507-11301756_non_binding_1875,1,0.8862804770469666
WRKY_1:11301507-11301756_non_binding_579,1,0.8841543793678284
WRKY_1:11301507-11301756_reference_binding_2022,1,0.8942698240280151
WRKY_1:11389357-11389606_non_binding_1736,1,0.9230867624282837
WRKY_1:11389357-11389606_reference_binding_2357,1,0.9196678400039673
WRKY_1:11405748-11405997_non_binding_845,1,0.8946676850318909
WRKY_1:11405748-11405997_reference_binding_2191,1,0.8959620594978333
WRKY_1:11426718-11426967_binding_1006,1,0.9141185283660889
WRKY_1:11426718-11426967_reference_binding_2253,1,0.9153886437416077
WRKY_1:11460914-11461163_non_binding_1814,1,0.917620837688446
WRKY_1:11460914-11461163_non_binding_647,1,0.909332811832428
WRKY_1:11460914-11461163_non_binding_654,1,0.8987770080566406
WRKY_1:11460914-11461163_non_binding_835,1,0.9030585289001465
WRKY_1:11460914-11461163_reference_binding_2070,1,0.9022960066795349
WRKY_1:11478980-11479229_non_binding_1527,1,0.861407995223999
WRKY_1:11478980-11479229_reference_binding_2312,1,0.8618003129959106
WRKY_1:11523657-11523906_non_binding_855,1,0.7505889534950256
WRKY_1:11523657-11523906_reference_binding_2195,1,0.7545151114463806
WRKY_1:11598355-11598604_non_binding_1720,1,0.8978464603424072
WRKY_1:11598355-11598604_non_binding_744,1,0.8947960734367371
WRKY_1:11598355-11598604_reference_binding_2132,1,0.8907743692398071
WRKY_1:11755178-11755427_non_binding_864,1,0.8814175128936768
WRKY_1:11755178-11755427_reference_binding_2201,1,0.8835397958755493
WRKY_1:11775900-11776149_non_binding_1748,1,0.9334812164306641
WRKY_1:11775900-11776149_reference_binding_2359,1,0.9314731359481812
WRKY_1:11786829-11787078_non_binding_1574,1,0.8807373046875
WRKY_1:11786829-11787078_non_binding_1591,1,0.8834192156791687
WRKY_1:11786829-11787078_non_binding_927,1,0.8796778321266174
WRKY_1:11786829-11787078_reference_binding_2225,1,0.8818767666816711
WRKY_1:11787887-11788136_binding_1293,1,0.7909198999404907
WRKY_1:11787887-11788136_binding_1365,1,0.7971293926239014
WRKY_1:11787887-11788136_non_binding_958,1,0.7952660322189331
WRKY_1:11808656-11808905_binding_1054,1,0.8887544870376587
WRKY_1:11808656-11808905_binding_467,1,0.893831729888916
WRKY_1:11808656-11808905_non_binding_886,1,0.8871346116065979
WRKY_1:11808656-11808905_reference_binding_1955,1,0.887223482131958
WRKY_1:11874732-11874981_non_binding_807,1,0.8899261355400085
WRKY_1:11874732-11874981_non_binding_822,1,0.8944053649902344
WRKY_1:11874732-11874981_non_binding_921,1,0.8936277627944946
WRKY_1:11874732-11874981_reference_binding_2169,1,0.8909518718719482
WRKY_1:11880170-11880419_non_binding_605,1,0.8889769911766052
WRKY_1:11880170-11880419_reference_binding_2041,1,0.8908563256263733
WRKY_1:11979335-11979584_binding_1051,1,0.8913134336471558
WRKY_1:11979335-11979584_binding_112,1,0.8908134698867798
WRKY_1:11979335-11979584_binding_1160,1,0.8955473303794861
WRKY_1:11979335-11979584_binding_12,1,0.8979778289794922
WRKY_1:11979335-11979584_binding_1206,1,0.8891749978065491
WRKY_1:11979335-11979584_binding_1226,1,0.8950892686843872
WRKY_1:11979335-11979584_binding_1260,1,0.8881876468658447
WRKY_1:11979335-11979584_binding_144,1,0.897903561592102
WRKY_1:11979335-11979584_binding_248,1,0.8824751377105713
WRKY_1:11979335-11979584_binding_277,1,0.8975182175636292
WRKY_1:11979335-11979584_binding_326,1,0.8904750943183899
WRKY_1:11979335-11979584_binding_401,1,0.8967094421386719
WRKY_1:11979335-11979584_binding_426,1,0.8923503756523132
WRKY_1:11979335-11979584_binding_45,1,0.8933404088020325
WRKY_1:11979335-11979584_binding_476,1,0.9000170230865479
WRKY_1:11979335-11979584_binding_494,1,0.8957883715629578
WRKY_1:11979335-11979584_non_binding_782,1,0.8821090459823608
WRKY_1:11979335-11979584_non_binding_976,1,0.8964755535125732
WRKY_1:11979335-11979584_non_binding_998,1,0.889584481716156
WRKY_1:11979335-11979584_reference_binding_1891,1,0.8930019736289978
WRKY_1:1199576-1199825_non_binding_1559,1,0.8869416117668152
WRKY_1:1199576-1199825_non_binding_1784,1,0.9104607701301575
WRKY_1:1199576-1199825_non_binding_1872,1,0.9151250720024109
WRKY_1:1199576-1199825_non_binding_693,1,0.8779815435409546
WRKY_1:1199576-1199825_reference_binding_2101,1,0.8859556317329407
WRKY_1:1200570-1200819_non_binding_997,1,0.8937729597091675
WRKY_1:1200570-1200819_reference_binding_2251,1,0.8832366466522217
WRKY_1:12015524-12015773_binding_1048,1,0.8765460252761841
WRKY_1:12015524-12015773_non_binding_1780,1,0.8874725103378296
WRKY_1:12015524-12015773_non_binding_549,1,0.8785525560379028
WRKY_1:12015524-12015773_reference_binding_1997,1,0.8781912922859192
WRKY_1:12287262-12287511_binding_1055,1,0.903876006603241
WRKY_1:12287262-12287511_binding_267,1,0.9055605530738831
WRKY_1:12287262-12287511_binding_333,1,0.9094763994216919
WRKY_1:12287262-12287511_binding_416,1,0.9106442928314209
WRKY_1:12287262-12287511_binding_48,1,0.9088302850723267
WRKY_1:12287262-12287511_binding_498,1,0.9070352911949158
WRKY_1:12287262-12287511_non_binding_771,1,0.9009826183319092
WRKY_1:12287262-12287511_non_binding_996,1,0.9068905115127563
WRKY_1:12287262-12287511_reference_binding_1910,1,0.8986152410507202
WRKY_1:12293187-12293436_non_binding_908,1,0.907215416431427
WRKY_1:12293187-12293436_reference_binding_2220,1,0.9112716913223267
WRKY_1:12305277-12305526_non_binding_903,1,0.9239805340766907
WRKY_1:12305277-12305526_reference_binding_2217,1,0.9221225380897522
WRKY_1:12350220-12350469_binding_1193,1,0.9129804372787476
WRKY_1:12350220-12350469_non_binding_599,1,0.9143102765083313
WRKY_1:12350220-12350469_non_binding_839,1,0.9168561697006226
WRKY_1:12350220-12350469_reference_binding_2036,1,0.9115943312644958
WRKY_1:12352095-12352344_binding_428,1,0.8417330384254456
WRKY_1:12352095-12352344_non_binding_652,1,0.852509617805481
WRKY_1:12352095-12352344_reference_binding_1954,1,0.8540316820144653
WRKY_1:12356279-12356528_binding_1225,1,0.8604030013084412
WRKY_1:12356279-12356528_non_binding_1428,1,0.861697793006897
WRKY_1:12356279-12356528_non_binding_1460,1,0.8581125736236572
WRKY_1:12356279-12356528_non_binding_611,1,0.859941840171814
WRKY_1:12356279-12356528_reference_binding_2045,1,0.858704686164856
WRKY_1:12370715-12370964_non_binding_1406,1,0.9169676303863525
WRKY_1:12370715-12370964_non_binding_1670,1,0.9158437848091125
WRKY_1:12370715-12370964_non_binding_1707,1,0.9117389917373657
WRKY_1:12370715-12370964_non_binding_1727,1,0.9158498048782349
WRKY_1:12370715-12370964_non_binding_1749,1,0.9138830304145813
WRKY_1:12370715-12370964_reference_binding_2283,1,0.9148175120353699
WRKY_1:12465974-12466223_non_binding_1623,1,0.8755666017532349
WRKY_1:12465974-12466223_non_binding_1811,1,0.8663920164108276
WRKY_1:12465974-12466223_reference_binding_2330,1,0.8792254328727722
WRKY_1:12473730-12473979_non_binding_1614,1,0.9047600030899048
WRKY_1:12473730-12473979_non_binding_1794,1,0.8970009088516235
WRKY_1:12473730-12473979_reference_binding_2328,1,0.9060600996017456
WRKY_1:12548357-12548606_non_binding_1779,1,0.8748503923416138
WRKY_1:12548357-12548606_reference_binding_2367,1,0.8731117844581604
WRKY_1:12555942-12556191_non_binding_1758,1,0.8919393420219421
WRKY_1:12555942-12556191_non_binding_1841,1,0.8917173743247986
WRKY_1:12555942-12556191_non_binding_892,1,0.8775243759155273
WRKY_1:12555942-12556191_reference_binding_2212,1,0.880771815776825
WRKY_1:12577659-12577908_non_binding_1725,1,0.9089357852935791
WRKY_1:12577659-12577908_non_binding_690,1,0.8875707387924194
WRKY_1:12577659-12577908_non_binding_706,1,0.8852042555809021
WRKY_1:12577659-12577908_non_binding_866,1,0.8845541477203369
WRKY_1:12577659-12577908_reference_binding_2100,1,0.8856385350227356
WRKY_1:12722721-12722970_binding_1031,1,0.8689907193183899
WRKY_1:12722721-12722970_binding_1174,1,0.8719357848167419
WRKY_1:12722721-12722970_non_binding_1466,1,0.8667103052139282
WRKY_1:12722721-12722970_non_binding_1514,1,0.8590496778488159
WRKY_1:12722721-12722970_non_binding_681,1,0.87167888879776
WRKY_1:12722721-12722970_non_binding_733,1,0.8681287169456482
WRKY_1:12722721-12722970_reference_binding_2094,1,0.8651131987571716
WRKY_1:12906139-12906388_binding_1200,1,0.8942018747329712
WRKY_1:12906139-12906388_non_binding_1397,1,0.893783688545227
WRKY_1:12906139-12906388_non_binding_1547,1,0.8977095484733582
WRKY_1:12906139-12906388_non_binding_603,1,0.8958773612976074
WRKY_1:12906139-12906388_reference_binding_2039,1,0.8961260914802551
WRKY_1:12910299-12910548_non_binding_745,1,0.8611303567886353
WRKY_1:12910299-12910548_reference_binding_2133,1,0.8598657846450806
WRKY_1:12964688-12964937_non_binding_1504,1,0.9203848242759705
WRKY_1:12964688-12964937_non_binding_566,1,0.913924515247345
WRKY_1:12964688-12964937_non_binding_629,1,0.9217666387557983
WRKY_1:12982928-12983177_binding_1279,1,0.8665792942047119
WRKY_1:12982928-12983177_binding_26,1,0.8695672750473022
WRKY_1:12982928-12983177_binding_300,1,0.8796241283416748
WRKY_1:12982928-12983177_binding_377,1,0.8612642884254456
WRKY_1:12982928-12983177_binding_420,1,0.8589041233062744
WRKY_1:12982928-12983177_non_binding_1515,1,0.8666684031486511
WRKY_1:12982928-12983177_non_binding_876,1,0.8697513341903687
WRKY_1:12982928-12983177_non_binding_937,1,0.8640886545181274
WRKY_1:12982928-12983177_reference_binding_1899,1,0.8652318716049194
WRKY_1:12996271-12996520_non_binding_814,1,0.8670781254768372
WRKY_1:12996271-12996520_reference_binding_2174,1,0.8677024841308594
WRKY_1:13042774-13043023_non_binding_1685,1,0.8526579141616821
WRKY_1:13042774-13043023_non_binding_1712,1,0.8410486578941345
WRKY_1:13042774-13043023_reference_binding_2346,1,0.8464398384094238
WRKY_1:13085643-13085892_non_binding_1861,1,0.9279550313949585
WRKY_1:13319354-13319603_binding_1242,1,0.8956896066665649
WRKY_1:13319354-13319603_non_binding_1440,1,0.8995894193649292
WRKY_1:13319354-13319603_non_binding_1481,1,0.8914771676063538
WRKY_1:13319354-13319603_non_binding_1790,1,0.9077927470207214
WRKY_1:13319354-13319603_non_binding_642,1,0.8910287618637085
WRKY_1:13319354-13319603_non_binding_723,1,0.8871216773986816
WRKY_1:13319354-13319603_reference_binding_2068,1,0.8934463858604431
WRKY_1:13381418-13381667_non_binding_965,1,0.9199572801589966
WRKY_1:13381418-13381667_reference_binding_2241,1,0.9196897745132446
WRKY_1:13384923-13385172_non_binding_1389,1,0.869010865688324
WRKY_1:13384923-13385172_non_binding_1509,1,0.8643340468406677
WRKY_1:13384923-13385172_non_binding_1668,1,0.8630207777023315
WRKY_1:13384923-13385172_non_binding_1698,1,0.8621500134468079
WRKY_1:13384923-13385172_non_binding_700,1,0.8660764098167419
WRKY_1:13384923-13385172_reference_binding_2106,1,0.8690130710601807
WRKY_1:13440603-13440852_non_binding_883,1,0.8885800838470459
WRKY_1:13440603-13440852_reference_binding_2209,1,0.8848457336425781
WRKY_1:13463232-13463481_non_binding_1628,1,0.8814048767089844
WRKY_1:13463232-13463481_non_binding_602,1,0.8777778148651123
WRKY_1:13463232-13463481_non_binding_672,1,0.8849123120307922
WRKY_1:13463232-13463481_reference_binding_2038,1,0.8807215094566345
WRKY_1:13498411-13498660_non_binding_778,1,0.921198844909668
WRKY_1:13498411-13498660_non_binding_874,1,0.9208616018295288
WRKY_1:13498411-13498660_reference_binding_2154,1,0.9218029379844666
WRKY_1:13509554-13509803_non_binding_596,1,0.9194238185882568
WRKY_1:13509554-13509803_non_binding_972,1,0.9200742840766907
WRKY_1:13509554-13509803_reference_binding_2033,1,0.9136658310890198
WRKY_1:13541724-13541973_non_binding_504,1,0.8966761827468872
WRKY_1:13541724-13541973_non_binding_580,1,0.8872361183166504
WRKY_1:13541724-13541973_reference_binding_1959,1,0.8883448243141174
WRKY_1:13568910-13569159_non_binding_834,1,0.844687819480896
WRKY_1:13568910-13569159_non_binding_977,1,0.8690474033355713
WRKY_1:13568910-13569159_reference_binding_2187,1,0.85115647315979
WRKY_1:13669619-13669868_non_binding_1652,1,0.8569967746734619
WRKY_1:13669619-13669868_reference_binding_2334,1,0.8456599712371826
WRKY_1:13700955-13701204_non_binding_1806,1,0.8308746218681335
WRKY_1:13700955-13701204_non_binding_625,1,0.8452903628349304
WRKY_1:13700955-13701204_reference_binding_2054,1,0.8424760699272156
WRKY_1:13713037-13713286_non_binding_1844,1,0.8890892267227173
WRKY_1:13713037-13713286_reference_binding_2373,1,0.8796384930610657
WRKY_1:13831601-13831850_non_binding_588,1,0.8573415875434875
WRKY_1:13831601-13831850_reference_binding_2029,1,0.8538740277290344
WRKY_1:13888927-13889176_non_binding_524,1,0.8608688712120056
WRKY_1:13888927-13889176_reference_binding_1977,1,0.8620495200157166
WRKY_1:14189352-14189601_binding_1027,1,0.869674801826477
WRKY_1:14189352-14189601_non_binding_1594,1,0.8668246865272522
WRKY_1:14189352-14189601_non_binding_899,1,0.8697124719619751
WRKY_1:14189352-14189601_reference_binding_2215,1,0.8680345416069031
WRKY_1:14434586-14434835_binding_1108,1,0.8955975770950317
WRKY_1:14434586-14434835_non_binding_837,1,0.88385409116745
WRKY_1:14434586-14434835_reference_binding_2189,1,0.8835757970809937
WRKY_1:14438375-14438624_non_binding_586,1,0.8695061802864075
WRKY_1:14438375-14438624_reference_binding_2027,1,0.8688012957572937
WRKY_1:1464374-1464623_binding_1153,1,0.8784704208374023
WRKY_1:1464374-1464623_binding_1188,1,0.85907381772995
WRKY_1:1464374-1464623_non_binding_1564,1,0.8646953701972961
WRKY_1:1464374-1464623_non_binding_1772,1,0.866845965385437
WRKY_1:1464374-1464623_non_binding_1847,1,0.8580213189125061
WRKY_1:1464374-1464623_non_binding_669,1,0.8479064106941223
WRKY_1:1464374-1464623_reference_binding_2087,1,0.8492421507835388
WRKY_1:14657743-14657992_binding_1145,1,0.9093394875526428
WRKY_1:14657743-14657992_non_binding_808,1,0.9042924642562866
WRKY_1:14657743-14657992_reference_binding_2170,1,0.9095873832702637
WRKY_1:1473365-1473614_non_binding_1494,1,0.9044355750083923
WRKY_1:1473365-1473614_non_binding_1620,1,0.9017031788825989
WRKY_1:1473365-1473614_non_binding_1864,1,0.9033796787261963
WRKY_1:1473365-1473614_non_binding_823,1,0.9020815491676331
WRKY_1:1473365-1473614_reference_binding_2179,1,0.903645396232605
WRKY_1:1475442-1475691_binding_1078,1,0.8841269016265869
WRKY_1:1475442-1475691_reference_binding_1961,1,0.8710232377052307
WRKY_1:14818736-14818985_non_binding_1601,1,0.9230976104736328
WRKY_1:14818736-14818985_reference_binding_2325,1,0.9216429591178894
WRKY_1:14853236-14853485_non_binding_676,1,0.8592724800109863
WRKY_1:14853236-14853485_non_binding_722,1,0.8685855865478516
WRKY_1:14853236-14853485_non_binding_956,1,0.8684513568878174
WRKY_1:14853236-14853485_reference_binding_2091,1,0.8666572570800781
WRKY_1:15001579-15001828_non_binding_626,1,0.8983370065689087
WRKY_1:15001579-15001828_reference_binding_2055,1,0.8972780108451843
WRKY_1:15006264-15006513_non_binding_1657,1,0.9226774573326111
WRKY_1:15006264-15006513_non_binding_659,1,0.9257625937461853
WRKY_1:15006264-15006513_non_binding_851,1,0.9271427392959595
WRKY_1:15006264-15006513_non_binding_917,1,0.9273737668991089
WRKY_1:15006264-15006513_reference_binding_2079,1,0.9245308637619019
WRKY_1:1509751-1510000_non_binding_1512,1,0.9192943572998047
WRKY_1:1509751-1510000_reference_binding_2309,1,0.9214153289794922
WRKY_1:15218559-15218808_binding_226,1,0.9257614612579346
WRKY_1:15218559-15218808_binding_355,1,0.9244205951690674
WRKY_1:15218559-15218808_binding_360,1,0.9273284077644348
WRKY_1:15218559-15218808_binding_70,1,0.9291918873786926
WRKY_1:15218559-15218808_non_binding_840,1,0.9242748618125916
WRKY_1:15292705-15292954_non_binding_533,1,0.9295552968978882
WRKY_1:15292705-15292954_reference_binding_1986,1,0.9270604848861694
WRKY_1:15295037-15295286_binding_1198,1,0.9085906147956848
WRKY_1:15295037-15295286_binding_1267,1,0.9167359471321106
WRKY_1:15295037-15295286_binding_1345,1,0.9132854342460632
WRKY_1:15295037-15295286_non_binding_689,1,0.911231517791748
WRKY_1:15295037-15295286_reference_binding_2099,1,0.909743070602417
WRKY_1:15314714-15314963_binding_0,1,0.926386296749115
WRKY_1:15314714-15314963_binding_1220,1,0.926946759223938
WRKY_1:15314714-15314963_binding_1331,1,0.9260685443878174
WRKY_1:15314714-15314963_binding_239,1,0.9171211123466492
WRKY_1:15314714-15314963_binding_357,1,0.9280169010162354
WRKY_1:15314714-15314963_binding_496,1,0.9265457391738892
WRKY_1:15314714-15314963_non_binding_1452,1,0.9283742308616638
WRKY_1:15314714-15314963_non_binding_558,1,0.9276476502418518
WRKY_1:15314714-15314963_non_binding_634,1,0.9270230531692505
WRKY_1:15314714-15314963_non_binding_968,1,0.9250509142875671
WRKY_1:15314714-15314963_reference_binding_1880,1,0.9273476004600525
WRKY_1:15390808-15391057_binding_1077,1,0.9243057370185852
WRKY_1:15393140-15393389_binding_1033,1,0.9046257138252258
WRKY_1:15393140-15393389_non_binding_818,1,0.9053241014480591
WRKY_1:15621473-15621722_binding_1000,1,0.862787127494812
WRKY_1:15621473-15621722_binding_1079,1,0.8689825534820557
WRKY_1:15621473-15621722_binding_1107,1,0.8650274276733398
WRKY_1:15621473-15621722_non_binding_906,1,0.8685793876647949
WRKY_1:15621473-15621722_reference_binding_2219,1,0.869246780872345
WRKY_1:1576141-1576390_non_binding_686,1,0.8851690888404846
WRKY_1:1576141-1576390_non_binding_873,1,0.8852437734603882
WRKY_1:1576141-1576390_reference_binding_2096,1,0.8849507570266724
WRKY_1:15963313-15963562_binding_1111,1,0.8810235261917114
WRKY_1:15963313-15963562_non_binding_1441,1,0.8773862719535828
WRKY_1:15963313-15963562_reference_binding_2267,1,0.8737896680831909
WRKY_1:16013778-16014027_non_binding_651,1,0.8630231618881226
WRKY_1:16013778-16014027_reference_binding_2073,1,0.864094078540802
WRKY_1:16052861-16053110_binding_1209,1,0.9289191365242004
WRKY_1:16052861-16053110_binding_1255,1,0.9293059706687927
WRKY_1:16052861-16053110_binding_1290,1,0.9290661811828613
WRKY_1:16052861-16053110_binding_1332,1,0.9291635155677795
WRKY_1:16052861-16053110_binding_1377,1,0.9298436641693115
WRKY_1:16052861-16053110_binding_256,1,0.9320036172866821
WRKY_1:16052861-16053110_binding_270,1,0.9363679885864258
WRKY_1:16052861-16053110_binding_310,1,0.9323081970214844
WRKY_1:16052861-16053110_binding_314,1,0.9323065280914307
WRKY_1:16052861-16053110_binding_327,1,0.9322613477706909
WRKY_1:16052861-16053110_binding_348,1,0.9344202280044556
WRKY_1:16052861-16053110_binding_383,1,0.9290021657943726
WRKY_1:16052861-16053110_binding_39,1,0.9308570027351379
WRKY_1:16052861-16053110_binding_442,1,0.932729184627533
WRKY_1:16052861-16053110_binding_453,1,0.9340183734893799
WRKY_1:16052861-16053110_binding_454,1,0.9294826984405518
WRKY_1:16052861-16053110_reference_binding_1904,1,0.9299017190933228
WRKY_1:16068252-16068501_non_binding_735,1,0.8922910690307617
WRKY_1:16068252-16068501_non_binding_936,1,0.895556628704071
WRKY_1:16068252-16068501_reference_binding_2126,1,0.8932281732559204
WRKY_1:16105048-16105297_non_binding_1688,1,0.9110451340675354
WRKY_1:16105048-16105297_non_binding_1770,1,0.9086726903915405
WRKY_1:16105048-16105297_non_binding_519,1,0.8996931314468384
WRKY_1:16105048-16105297_non_binding_854,1,0.9053665399551392
WRKY_1:16105048-16105297_reference_binding_1972,1,0.9029337763786316
WRKY_1:16108814-16109063_non_binding_1690,1,0.9145204424858093
WRKY_1:16108814-16109063_reference_binding_2348,1,0.913909912109375
WRKY_1:1613221-1613470_binding_6,1,0.895602285861969
WRKY_1:1613221-1613470_reference_binding_1885,1,0.8851784467697144
WRKY_1:16147487-16147736_non_binding_617,1,0.9165955781936646
WRKY_1:16147487-16147736_reference_binding_2050,1,0.917631983757019
WRKY_1:16285824-16286073_non_binding_1577,1,0.9122650623321533
WRKY_1:16297806-16298055_non_binding_1694,1,0.8925004601478577
WRKY_1:16297806-16298055_non_binding_655,1,0.9099454879760742
WRKY_1:16297806-16298055_non_binding_720,1,0.9103376269340515
WRKY_1:16297806-16298055_non_binding_987,1,0.902073085308075
WRKY_1:16297806-16298055_reference_binding_2075,1,0.9091475605964661
WRKY_1:16322885-16323134_non_binding_1412,1,0.8830951452255249
WRKY_1:16322885-16323134_non_binding_1450,1,0.8800048232078552
WRKY_1:16322885-16323134_non_binding_1735,1,0.9025105834007263
WRKY_1:16322885-16323134_reference_binding_2286,1,0.8814239501953125
WRKY_1:16381393-16381642_non_binding_542,1,0.8845891952514648
WRKY_1:16381393-16381642_non_binding_727,1,0.881239116191864
WRKY_1:16381393-16381642_non_binding_895,1,0.8939118981361389
WRKY_1:16381393-16381642_reference_binding_1992,1,0.8822856545448303
WRKY_1:16492611-16492860_non_binding_871,1,0.9136708378791809
WRKY_1:16492611-16492860_reference_binding_2204,1,0.9122835397720337
WRKY_1:16512417-16512666_non_binding_1548,1,0.9081237316131592
WRKY_1:16512417-16512666_non_binding_1738,1,0.912680983543396
WRKY_1:16512417-16512666_non_binding_1822,1,0.9121705293655396
WRKY_1:16512859-16513108_binding_1039,1,0.9303066730499268
WRKY_1:16512859-16513108_non_binding_1824,1,0.9299986958503723
WRKY_1:16512859-16513108_non_binding_668,1,0.9319839477539062
WRKY_1:16512859-16513108_non_binding_713,1,0.9299681186676025
WRKY_1:16512859-16513108_non_binding_973,1,0.9310476779937744
WRKY_1:16512859-16513108_reference_binding_2086,1,0.9310491681098938
WRKY_1:16521553-16521802_non_binding_1709,1,0.9136976003646851
WRKY_1:16521553-16521802_non_binding_578,1,0.9062751531600952
WRKY_1:16521553-16521802_non_binding_684,1,0.9128538370132446
WRKY_1:16521553-16521802_reference_binding_2021,1,0.908211886882782
WRKY_1:16550934-16551183_non_binding_1501,1,0.8943537473678589
WRKY_1:16550934-16551183_non_binding_1563,1,0.8953080177307129
WRKY_1:16550934-16551183_non_binding_705,1,0.8918904066085815
WRKY_1:16550934-16551183_non_binding_793,1,0.9006872773170471
WRKY_1:16550934-16551183_reference_binding_2111,1,0.8891863822937012
WRKY_1:16557330-16557579_non_binding_1865,1,0.9146989583969116
WRKY_1:16557330-16557579_reference_binding_2377,1,0.906805694103241
WRKY_1:16673765-16674014_non_binding_953,1,0.9334847331047058
WRKY_1:16747321-16747570_non_binding_541,1,0.9315181374549866
WRKY_1:16747321-16747570_reference_binding_1991,1,0.9332056641578674
WRKY_1:1680021-1680270_binding_1230,1,0.9200820922851562
WRKY_1:1680021-1680270_binding_244,1,0.9191640019416809
WRKY_1:1680021-1680270_binding_245,1,0.9214054942131042
WRKY_1:1680021-1680270_binding_293,1,0.9224700331687927
WRKY_1:1680021-1680270_binding_364,1,0.9180797338485718
WRKY_1:1680021-1680270_binding_4,1,0.9185939431190491
WRKY_1:1680021-1680270_binding_473,1,0.9156293272972107
WRKY_1:1680021-1680270_binding_92,1,0.9193156361579895
WRKY_1:1680021-1680270_non_binding_1632,1,0.9108294248580933
WRKY_1:1680021-1680270_non_binding_1868,1,0.921692967414856
WRKY_1:1680021-1680270_non_binding_609,1,0.9155678749084473
WRKY_1:1680021-1680270_reference_binding_1883,1,0.913996696472168
WRKY_1:16806154-16806403_non_binding_1482,1,0.8945682644844055
WRKY_1:16806154-16806403_non_binding_1493,1,0.8916771411895752
WRKY_1:16806154-16806403_non_binding_1708,1,0.8984558582305908
WRKY_1:16806154-16806403_non_binding_1739,1,0.9008859992027283
WRKY_1:16806154-16806403_non_binding_1860,1,0.8989786505699158
WRKY_1:16806154-16806403_non_binding_683,1,0.8928623199462891
WRKY_1:16806154-16806403_reference_binding_2095,1,0.8935748934745789
WRKY_1:16896291-16896540_binding_1215,1,0.9015651941299438
WRKY_1:16896291-16896540_non_binding_801,1,0.9058605432510376
WRKY_1:16896291-16896540_non_binding_925,1,0.9032663702964783
WRKY_1:16896291-16896540_reference_binding_2166,1,0.9030811190605164
WRKY_1:16929062-16929311_non_binding_1678,1,0.8989526033401489
WRKY_1:16929062-16929311_non_binding_1722,1,0.9028515815734863
WRKY_1:16929062-16929311_non_binding_1869,1,0.904379665851593
WRKY_1:16929062-16929311_reference_binding_2343,1,0.8840534090995789
WRKY_1:16934871-16935120_non_binding_1519,1,0.8834511637687683
WRKY_1:16934871-16935120_non_binding_1560,1,0.880720853805542
WRKY_1:16934871-16935120_non_binding_560,1,0.8860750794410706
WRKY_1:16934871-16935120_reference_binding_2004,1,0.8803167939186096
WRKY_1:17108019-17108268_binding_1232,1,0.8423349261283875
WRKY_1:17108019-17108268_reference_binding_2277,1,0.8382992148399353
WRKY_1:17199688-17199937_binding_1118,1,0.875401496887207
WRKY_1:17199688-17199937_binding_1265,1,0.8692150115966797
WRKY_1:17199688-17199937_reference_binding_2268,1,0.861517608165741
WRKY_1:17248348-17248597_non_binding_1848,1,0.8948140740394592
WRKY_1:17248348-17248597_non_binding_707,1,0.8857585191726685
WRKY_1:17248348-17248597_non_binding_933,1,0.8863864541053772
WRKY_1:17248348-17248597_reference_binding_2112,1,0.8831219673156738
WRKY_1:17291279-17291528_non_binding_1728,1,0.8963682055473328
WRKY_1:17291279-17291528_non_binding_950,1,0.8917639851570129
WRKY_1:17291279-17291528_reference_binding_2235,1,0.8931934237480164
WRKY_1:17320948-17321197_non_binding_1431,1,0.9052729606628418
WRKY_1:17320948-17321197_non_binding_1472,1,0.9118735194206238
WRKY_1:17320948-17321197_non_binding_893,1,0.9143227338790894
WRKY_1:17320948-17321197_non_binding_913,1,0.9147679209709167
WRKY_1:17320948-17321197_non_binding_929,1,0.9072946906089783
WRKY_1:17320948-17321197_reference_binding_2213,1,0.9069917798042297
WRKY_1:17474254-17474503_binding_1044,1,0.8663422465324402
WRKY_1:17474254-17474503_binding_43,1,0.8853169083595276
WRKY_1:17474254-17474503_non_binding_1476,1,0.8669746518135071
WRKY_1:17474254-17474503_non_binding_1673,1,0.8777561187744141
WRKY_1:17474254-17474503_non_binding_923,1,0.870466947555542
WRKY_1:17474254-17474503_reference_binding_1908,1,0.8639337420463562
WRKY_1:17508337-17508586_non_binding_1742,1,0.8903282880783081
WRKY_1:17508337-17508586_non_binding_1764,1,0.8899056315422058
WRKY_1:17508337-17508586_non_binding_702,1,0.8768561482429504
WRKY_1:17508337-17508586_non_binding_928,1,0.8728843331336975
WRKY_1:17508337-17508586_reference_binding_2108,1,0.8764554858207703
WRKY_1:17516532-17516781_non_binding_1729,1,0.8786783218383789
WRKY_1:17516532-17516781_non_binding_1807,1,0.8825110793113708
WRKY_1:17516532-17516781_non_binding_641,1,0.8587793111801147
WRKY_1:17516532-17516781_reference_binding_2067,1,0.8660879135131836
WRKY_1:17523015-17523264_binding_1171,1,0.8668166995048523
WRKY_1:17523015-17523264_non_binding_1386,1,0.8688508868217468
WRKY_1:17523015-17523264_non_binding_551,1,0.8646972179412842
WRKY_1:17523015-17523264_non_binding_804,1,0.8716149926185608
WRKY_1:17523015-17523264_reference_binding_1999,1,0.8622511029243469
WRKY_1:17606693-17606942_non_binding_1732,1,0.9136434197425842
WRKY_1:17606693-17606942_reference_binding_2344,1,0.899125874042511
WRKY_1:17663270-17663519_non_binding_1710,1,0.8594158887863159
WRKY_1:17663270-17663519_reference_binding_2350,1,0.8632264137268066
WRKY_1:17688133-17688382_non_binding_1699,1,0.8751392364501953
WRKY_1:17688133-17688382_non_binding_1705,1,0.8783657550811768
WRKY_1:17688133-17688382_non_binding_1867,1,0.8722357153892517
WRKY_1:17688133-17688382_non_binding_862,1,0.8634948134422302
WRKY_1:17688133-17688382_reference_binding_2199,1,0.8619675636291504
WRKY_1:1777611-1777860_non_binding_657,1,0.872626006603241
WRKY_1:1777611-1777860_non_binding_709,1,0.8712640404701233
WRKY_1:1777611-1777860_reference_binding_2077,1,0.8746105432510376
WRKY_1:17827374-17827623_non_binding_1500,1,0.8865675926208496
WRKY_1:1793949-1794198_binding_332,1,0.8657576441764832
WRKY_1:1793949-1794198_binding_393,1,0.8639542460441589
WRKY_1:1793949-1794198_non_binding_742,1,0.8731842637062073
WRKY_1:1793949-1794198_non_binding_954,1,0.8781574964523315
WRKY_1:1793949-1794198_reference_binding_1949,1,0.8730164170265198
WRKY_1:18034927-18035176_non_binding_635,1,0.8765031099319458
WRKY_1:18034927-18035176_non_binding_783,1,0.8793653845787048
WRKY_1:18034927-18035176_reference_binding_2061,1,0.8784506320953369
WRKY_1:18081554-18081803_non_binding_1751,1,0.8953798413276672
WRKY_1:18081554-18081803_non_binding_711,1,0.8879638910293579
WRKY_1:18081554-18081803_reference_binding_2115,1,0.8838691115379333
WRKY_1:18161703-18161952_binding_1022,1,0.9119403958320618
WRKY_1:18161703-18161952_reference_binding_2256,1,0.912465512752533
WRKY_1:18166097-18166346_binding_1101,1,0.8384101390838623
WRKY_1:18166097-18166346_binding_1146,1,0.8368065357208252
WRKY_1:18166097-18166346_binding_214,1,0.8398812413215637
WRKY_1:18166097-18166346_binding_74,1,0.8423436284065247
WRKY_1:18166097-18166346_reference_binding_1921,1,0.8268691301345825
WRKY_1:18246962-18247211_binding_153,1,0.882639467716217
WRKY_1:18246962-18247211_binding_365,1,0.8787544965744019
WRKY_1:18246962-18247211_binding_60,1,0.8881113529205322
WRKY_1:18246962-18247211_binding_71,1,0.885582685470581
WRKY_1:18246962-18247211_non_binding_1511,1,0.8780201077461243
WRKY_1:18246962-18247211_reference_binding_1915,1,0.8816446661949158
WRKY_1:18349020-18349269_non_binding_1766,1,0.9105831384658813
WRKY_1:18349020-18349269_reference_binding_2363,1,0.9028184413909912
WRKY_1:1860873-1861122_non_binding_1470,1,0.8851161599159241
WRKY_1:1860873-1861122_non_binding_1796,1,0.9075095057487488
WRKY_1:1860873-1861122_reference_binding_2300,1,0.8844683170318604
WRKY_1:18612383-18612632_non_binding_1390,1,0.8562104105949402
WRKY_1:18612383-18612632_non_binding_653,1,0.8635945320129395
WRKY_1:18612383-18612632_reference_binding_2074,1,0.8602423667907715
WRKY_1:18651215-18651464_non_binding_607,1,0.8731280565261841
WRKY_1:18651215-18651464_reference_binding_2043,1,0.876733660697937
WRKY_1:18659075-18659324_non_binding_1463,1,0.8670778274536133
WRKY_1:18659075-18659324_non_binding_1538,1,0.8726261258125305
WRKY_1:18659075-18659324_non_binding_737,1,0.8676947951316833
WRKY_1:18659075-18659324_reference_binding_2128,1,0.8721002340316772
WRKY_1:18673424-18673673_binding_1115,1,0.819693922996521
WRKY_1:18673424-18673673_non_binding_882,1,0.8167906999588013
WRKY_1:18673424-18673673_reference_binding_2208,1,0.8244376182556152
WRKY_1:18729839-18730088_non_binding_1831,1,0.8693013787269592
WRKY_1:18729839-18730088_non_binding_738,1,0.8648896217346191
WRKY_1:18729839-18730088_non_binding_885,1,0.8718807101249695
WRKY_1:18729839-18730088_non_binding_985,1,0.8692298531532288
WRKY_1:18729839-18730088_reference_binding_2129,1,0.8676382303237915
WRKY_1:18757525-18757774_non_binding_532,1,0.8284142017364502
WRKY_1:18757525-18757774_reference_binding_1985,1,0.8314919471740723
WRKY_1:18779338-18779587_non_binding_1483,1,0.8427708148956299
WRKY_1:18779338-18779587_reference_binding_2303,1,0.8435540199279785
WRKY_1:18784710-18784959_non_binding_1387,1,0.9104291200637817
WRKY_1:18784710-18784959_non_binding_1686,1,0.9141669273376465
WRKY_1:18784710-18784959_non_binding_708,1,0.9045455455780029
WRKY_1:18784710-18784959_reference_binding_2113,1,0.9097940325737
WRKY_1:18888890-18889139_binding_1024,1,0.911922037601471
WRKY_1:18888890-18889139_binding_1258,1,0.9083094596862793
WRKY_1:18888890-18889139_binding_1280,1,0.9091964364051819
WRKY_1:18888890-18889139_binding_1289,1,0.9173046350479126
WRKY_1:18888890-18889139_non_binding_1401,1,0.9216283559799194
WRKY_1:18888890-18889139_non_binding_1629,1,0.9201395511627197
WRKY_1:18888890-18889139_non_binding_1765,1,0.9117711782455444
WRKY_1:18888890-18889139_non_binding_1789,1,0.9119742512702942
WRKY_1:18888890-18889139_non_binding_697,1,0.9103614091873169
WRKY_1:18888890-18889139_non_binding_788,1,0.904778778553009
WRKY_1:18888890-18889139_reference_binding_2104,1,0.9151108264923096
WRKY_1:18917435-18917684_non_binding_1550,1,0.8906404972076416
WRKY_1:18917435-18917684_reference_binding_2316,1,0.8919693827629089
WRKY_1:19102590-19102839_binding_1008,1,0.8764949440956116
WRKY_1:19102590-19102839_binding_1041,1,0.8761097192764282
WRKY_1:19102590-19102839_binding_1113,1,0.8700575828552246
WRKY_1:19102590-19102839_binding_1156,1,0.8720018863677979
WRKY_1:19102590-19102839_binding_1210,1,0.8762374520301819
WRKY_1:19102590-19102839_binding_1266,1,0.8758828639984131
WRKY_1:19102590-19102839_binding_1298,1,0.8735581636428833
WRKY_1:19102590-19102839_binding_1309,1,0.8701032400131226
WRKY_1:19102590-19102839_binding_1319,1,0.8704910278320312
WRKY_1:19102590-19102839_binding_29,1,0.8970728516578674
WRKY_1:19102590-19102839_binding_307,1,0.8984938859939575
WRKY_1:19102590-19102839_binding_311,1,0.8990775942802429
WRKY_1:19102590-19102839_binding_493,1,0.9004100561141968
WRKY_1:19102590-19102839_binding_56,1,0.8980703353881836
WRKY_1:19102590-19102839_reference_binding_1901,1,0.8725946545600891
WRKY_1:1910489-1910738_non_binding_1469,1,0.8454239368438721
WRKY_1:1910489-1910738_non_binding_667,1,0.8497974276542664
WRKY_1:1910489-1910738_non_binding_942,1,0.8399549722671509
WRKY_1:19111190-19111439_non_binding_1734,1,0.8277325630187988
WRKY_1:19111190-19111439_non_binding_1805,1,0.8282963037490845
WRKY_1:19111190-19111439_reference_binding_2102,1,0.8289192914962769
WRKY_1:19166223-19166472_non_binding_961,1,0.8277583122253418
WRKY_1:19166223-19166472_reference_binding_2238,1,0.828162431716919
WRKY_1:19225576-19225825_binding_173,1,0.8689846992492676
WRKY_1:19225576-19225825_non_binding_1593,1,0.8685057759284973
WRKY_1:19225576-19225825_non_binding_1721,1,0.8670486211776733
WRKY_1:19225576-19225825_non_binding_592,1,0.8561989665031433
WRKY_1:19225576-19225825_reference_binding_1941,1,0.8583862781524658
WRKY_1:1923602-1923851_non_binding_1451,1,0.8884214162826538
WRKY_1:1923602-1923851_reference_binding_2296,1,0.888590395450592
WRKY_1:19349432-19349681_non_binding_664,1,0.9220733642578125
WRKY_1:19349432-19349681_reference_binding_2083,1,0.9233859181404114
WRKY_1:19358007-19358256_non_binding_1454,1,0.8620679974555969
WRKY_1:19358007-19358256_reference_binding_2297,1,0.85873943567276
WRKY_1:19363161-19363410_non_binding_1775,1,0.9063225388526917
WRKY_1:19363161-19363410_reference_binding_2366,1,0.8781639933586121
WRKY_1:19395005-19395254_non_binding_1411,1,0.8954162001609802
WRKY_1:19395005-19395254_non_binding_1534,1,0.8894603252410889
WRKY_1:19395005-19395254_non_binding_1843,1,0.887502133846283
WRKY_1:19395005-19395254_non_binding_827,1,0.8931664228439331
WRKY_1:19395005-19395254_reference_binding_2181,1,0.8927084803581238
WRKY_1:1945055-1945304_non_binding_1731,1,0.8101204633712769
WRKY_1:1945055-1945304_reference_binding_2355,1,0.7960752844810486
WRKY_1:19455411-19455660_binding_1081,1,0.8630735278129578
WRKY_1:19455411-19455660_non_binding_1674,1,0.8454607129096985
WRKY_1:19455411-19455660_non_binding_731,1,0.8602495789527893
WRKY_1:19455411-19455660_non_binding_975,1,0.8606104850769043
WRKY_1:19455411-19455660_non_binding_992,1,0.8592672348022461
WRKY_1:19455411-19455660_reference_binding_2124,1,0.8600914478302002
WRKY_1:19468872-19469121_non_binding_810,1,0.8849356770515442
WRKY_1:19468872-19469121_non_binding_859,1,0.8882833123207092
WRKY_1:19468872-19469121_non_binding_880,1,0.8948120474815369
WRKY_1:19468872-19469121_non_binding_931,1,0.8851451873779297
WRKY_1:19468872-19469121_reference_binding_2171,1,0.8864999413490295
WRKY_1:19489477-19489726_non_binding_1391,1,0.8436833620071411
WRKY_1:19489477-19489726_non_binding_1497,1,0.8455093502998352
WRKY_1:19489477-19489726_non_binding_1658,1,0.8582552075386047
WRKY_1:19489477-19489726_non_binding_868,1,0.8491774797439575
WRKY_1:19489477-19489726_reference_binding_2203,1,0.8444161415100098
WRKY_1:19505284-19505533_non_binding_911,1,0.8835088610649109
WRKY_1:19505284-19505533_reference_binding_2221,1,0.8840559124946594
WRKY_1:1954548-1954797_non_binding_687,1,0.91664719581604
WRKY_1:1954548-1954797_non_binding_691,1,0.9217926859855652
WRKY_1:1954548-1954797_non_binding_692,1,0.9233687520027161
WRKY_1:1954548-1954797_non_binding_753,1,0.9153339862823486
WRKY_1:1954548-1954797_reference_binding_2097,1,0.9189303517341614
WRKY_1:1962661-1962910_non_binding_1425,1,0.9241694808006287
WRKY_1:1962661-1962910_non_binding_825,1,0.9261214733123779
WRKY_1:1962661-1962910_reference_binding_2180,1,0.9254406094551086
WRKY_1:19725943-19726192_non_binding_1453,1,0.857520341873169
WRKY_1:19725943-19726192_non_binding_1793,1,0.8851321339607239
WRKY_1:19725943-19726192_non_binding_1873,1,0.8970343470573425
WRKY_1:19725943-19726192_non_binding_964,1,0.8525415658950806
WRKY_1:19725943-19726192_reference_binding_2240,1,0.8563194870948792
WRKY_1:19733615-19733864_binding_192,1,0.9225262403488159
WRKY_1:19733615-19733864_binding_222,1,0.9204335808753967
WRKY_1:19733615-19733864_binding_328,1,0.9250952005386353
WRKY_1:19733615-19733864_binding_36,1,0.9169111251831055
WRKY_1:19733615-19733864_binding_369,1,0.9208078980445862
WRKY_1:19733615-19733864_binding_390,1,0.9221112728118896
WRKY_1:19733615-19733864_binding_76,1,0.9212932586669922
WRKY_1:19733615-19733864_binding_8,1,0.9223276376724243
WRKY_1:19733615-19733864_non_binding_784,1,0.9208633303642273
WRKY_1:19733615-19733864_non_binding_833,1,0.921402633190155
WRKY_1:19733615-19733864_reference_binding_1887,1,0.9233006834983826
WRKY_1:19820881-19821130_binding_1214,1,0.892747700214386
WRKY_1:19820881-19821130_reference_binding_2275,1,0.8967361450195312
WRKY_1:19910204-19910453_non_binding_1400,1,0.8842270970344543
WRKY_1:19910204-19910453_non_binding_604,1,0.8858159184455872
WRKY_1:19910204-19910453_reference_binding_2040,1,0.8850371837615967
WRKY_1:19958068-19958317_non_binding_1606,1,0.8781706690788269
WRKY_1:19958068-19958317_non_binding_1692,1,0.8923583030700684
WRKY_1:19958068-19958317_non_binding_543,1,0.8856317400932312
WRKY_1:19958068-19958317_reference_binding_1993,1,0.8844525814056396
WRKY_1:20009403-20009652_non_binding_521,1,0.9016992449760437
WRKY_1:20009403-20009652_reference_binding_1974,1,0.8984576463699341
WRKY_1:20019831-20020080_binding_1119,1,0.9033702611923218
WRKY_1:20019831-20020080_binding_1148,1,0.9112622737884521
WRKY_1:20019831-20020080_binding_1269,1,0.8996877074241638
WRKY_1:20019831-20020080_non_binding_830,1,0.9024098515510559
WRKY_1:20019831-20020080_reference_binding_2184,1,0.9011729955673218
WRKY_1:20076603-20076852_non_binding_1650,1,0.8577309846878052
WRKY_1:20076603-20076852_reference_binding_2332,1,0.8345546126365662
WRKY_1:20119500-20119749_non_binding_746,1,0.9171008467674255
WRKY_1:20119500-20119749_reference_binding_2134,1,0.9181951284408569
WRKY_1:20132065-20132314_non_binding_1544,1,0.9172083735466003
WRKY_1:20222795-20223044_non_binding_564,1,0.8858940005302429
WRKY_1:20222795-20223044_reference_binding_2008,1,0.8852168321609497
WRKY_1:20280683-20280932_non_binding_572,1,0.8784434199333191
WRKY_1:20280683-20280932_non_binding_616,1,0.8834788203239441
WRKY_1:20280683-20280932_non_binding_794,1,0.8750554323196411
WRKY_1:20280683-20280932_reference_binding_2015,1,0.8880725502967834
WRKY_1:2031885-2032134_non_binding_1458,1,0.8827123045921326
WRKY_1:2031885-2032134_non_binding_1687,1,0.9000376462936401
WRKY_1:2031885-2032134_non_binding_531,1,0.8935810327529907
WRKY_1:2031885-2032134_reference_binding_1984,1,0.8884920477867126
WRKY_1:20420589-20420838_non_binding_1426,1,0.8799331188201904
WRKY_1:20420589-20420838_non_binding_570,1,0.8822326064109802
WRKY_1:20420589-20420838_non_binding_907,1,0.8800448775291443
WRKY_1:20420589-20420838_reference_binding_2013,1,0.8760963082313538
WRKY_1:20464401-20464650_non_binding_696,1,0.8834376931190491
WRKY_1:20464401-20464650_non_binding_842,1,0.8866908550262451
WRKY_1:20464401-20464650_reference_binding_2103,1,0.8870739340782166
WRKY_1:20472304-20472553_non_binding_1767,1,0.9110901355743408
WRKY_1:20472304-20472553_non_binding_924,1,0.8842050433158875
WRKY_1:20472304-20472553_reference_binding_2223,1,0.88166743516922
WRKY_1:20551039-20551288_binding_1082,1,0.9039099812507629
WRKY_1:20551039-20551288_non_binding_1528,1,0.9064533710479736
WRKY_1:20551039-20551288_non_binding_520,1,0.908944308757782
WRKY_1:20551039-20551288_reference_binding_1973,1,0.906780481338501
WRKY_1:20578531-20578780_non_binding_1832,1,0.863292396068573
WRKY_1:20578531-20578780_reference_binding_2371,1,0.8539301156997681
WRKY_1:20636700-20636949_non_binding_838,1,0.8700814843177795
WRKY_1:20636700-20636949_non_binding_875,1,0.870268702507019
WRKY_1:20636700-20636949_non_binding_967,1,0.8666684627532959
WRKY_1:20636700-20636949_non_binding_995,1,0.8659542202949524
WRKY_1:20636700-20636949_reference_binding_2190,1,0.8670806288719177
WRKY_1:20843909-20844158_non_binding_1667,1,0.9100421667098999
WRKY_1:20843909-20844158_non_binding_512,1,0.9170181155204773
WRKY_1:20843909-20844158_non_binding_547,1,0.9051938056945801
WRKY_1:20843909-20844158_non_binding_601,1,0.9131737947463989
WRKY_1:20843909-20844158_non_binding_622,1,0.9080854058265686
WRKY_1:20843909-20844158_reference_binding_1967,1,0.911166787147522
WRKY_1:20845202-20845451_non_binding_945,1,0.9171328544616699
WRKY_1:20845202-20845451_reference_binding_2233,1,0.9181377291679382
WRKY_1:20861272-20861521_non_binding_1603,1,0.8715184330940247
WRKY_1:20861272-20861521_non_binding_1786,1,0.8606690764427185
WRKY_1:20861272-20861521_non_binding_658,1,0.8767146468162537
WRKY_1:20861272-20861521_reference_binding_2078,1,0.8751912713050842
WRKY_1:20997310-20997559_binding_1114,1,0.8879795670509338
WRKY_1:20997310-20997559_non_binding_1583,1,0.8826615214347839
WRKY_1:20997310-20997559_non_binding_577,1,0.8795706033706665
WRKY_1:20997310-20997559_non_binding_673,1,0.8878738880157471
WRKY_1:20997310-20997559_reference_binding_2020,1,0.8838621377944946
WRKY_1:21257204-21257453_non_binding_1643,1,0.8485541939735413
WRKY_1:21257204-21257453_non_binding_1745,1,0.8541916608810425
WRKY_1:21257204-21257453_non_binding_575,1,0.8522366881370544
WRKY_1:21257204-21257453_reference_binding_2018,1,0.8509154915809631
WRKY_1:21364227-21364476_non_binding_1615,1,0.9290161728858948
WRKY_1:21364227-21364476_non_binding_865,1,0.9310653805732727
WRKY_1:21364227-21364476_reference_binding_2202,1,0.928320050239563
WRKY_1:21385167-21385416_non_binding_1540,1,0.8441931009292603
WRKY_1:21385167-21385416_non_binding_1546,1,0.8515502214431763
WRKY_1:21385167-21385416_non_binding_1636,1,0.8699660301208496
WRKY_1:21385167-21385416_non_binding_612,1,0.8466525077819824
WRKY_1:21385167-21385416_non_binding_740,1,0.8413272500038147
WRKY_1:21385167-21385416_non_binding_774,1,0.8491629362106323
WRKY_1:21385167-21385416_reference_binding_2046,1,0.8425577282905579
WRKY_1:21392496-21392745_non_binding_1402,1,0.8783783912658691
WRKY_1:21392496-21392745_non_binding_1719,1,0.8881218433380127
WRKY_1:21585216-21585465_binding_1325,1,0.916286826133728
WRKY_1:21585216-21585465_reference_binding_2280,1,0.9130773544311523
WRKY_1:21650847-21651096_non_binding_643,1,0.886062741279602
WRKY_1:21650847-21651096_non_binding_914,1,0.8884907364845276
WRKY_1:21650847-21651096_reference_binding_2069,1,0.8866543769836426
WRKY_1:21665312-21665561_binding_1066,1,0.9092149138450623
WRKY_1:21665312-21665561_binding_1117,1,0.907412588596344
WRKY_1:21665312-21665561_non_binding_614,1,0.9095619320869446
WRKY_1:21665312-21665561_reference_binding_2048,1,0.905156135559082
WRKY_1:21746306-21746555_binding_1017,1,0.9026254415512085
WRKY_1:21746306-21746555_binding_1030,1,0.9006060361862183
WRKY_1:21746306-21746555_binding_1065,1,0.8884368538856506
WRKY_1:21746306-21746555_binding_115,1,0.8910679221153259
WRKY_1:21746306-21746555_binding_1157,1,0.8919747471809387
WRKY_1:21746306-21746555_binding_1203,1,0.8965790867805481
WRKY_1:21746306-21746555_binding_1329,1,0.8987248539924622
WRKY_1:21746306-21746555_binding_14,1,0.8859815001487732
WRKY_1:21746306-21746555_binding_141,1,0.8799571394920349
WRKY_1:21746306-21746555_binding_157,1,0.8783473372459412
WRKY_1:21746306-21746555_binding_168,1,0.892482578754425
WRKY_1:21746306-21746555_binding_169,1,0.8853095769882202
WRKY_1:21746306-21746555_binding_179,1,0.8828751444816589
WRKY_1:21746306-21746555_binding_18,1,0.8745593428611755
WRKY_1:21746306-21746555_binding_194,1,0.8868651390075684
WRKY_1:21746306-21746555_binding_20,1,0.8874697089195251
WRKY_1:21746306-21746555_binding_208,1,0.8833220601081848
WRKY_1:21746306-21746555_binding_238,1,0.8841553926467896
WRKY_1:21746306-21746555_binding_260,1,0.8825306296348572
WRKY_1:21746306-21746555_binding_284,1,0.8858135938644409
WRKY_1:21746306-21746555_binding_323,1,0.8816936016082764
WRKY_1:21746306-21746555_binding_329,1,0.891170084476471
WRKY_1:21746306-21746555_binding_341,1,0.8902691006660461
WRKY_1:21746306-21746555_binding_38,1,0.8690364360809326
WRKY_1:21746306-21746555_binding_389,1,0.8837566375732422
WRKY_1:21746306-21746555_binding_44,1,0.8797752261161804
WRKY_1:21746306-21746555_binding_441,1,0.8799532055854797
WRKY_1:21746306-21746555_binding_447,1,0.8898966908454895
WRKY_1:21746306-21746555_binding_456,1,0.8761760592460632
WRKY_1:21746306-21746555_binding_460,1,0.8870977163314819
WRKY_1:21746306-21746555_binding_461,1,0.8871838450431824
WRKY_1:21746306-21746555_binding_482,1,0.8845080137252808
WRKY_1:21746306-21746555_binding_59,1,0.8786760568618774
WRKY_1:21746306-21746555_binding_65,1,0.8873456716537476
WRKY_1:21746306-21746555_binding_94,1,0.8814371824264526
WRKY_1:21746306-21746555_binding_96,1,0.8762487173080444
WRKY_1:21746306-21746555_non_binding_1495,1,0.8922950029373169
WRKY_1:21746306-21746555_non_binding_841,1,0.8975323438644409
WRKY_1:21746306-21746555_reference_binding_1893,1,0.8936879634857178
WRKY_1:217922-218171_non_binding_1863,1,0.9189726114273071
WRKY_1:21878680-21878929_non_binding_1785,1,0.891207218170166
WRKY_1:21878680-21878929_non_binding_1821,1,0.8989745378494263
WRKY_1:21878680-21878929_reference_binding_2368,1,0.8884367942810059
WRKY_1:21931164-21931413_non_binding_726,1,0.8610031008720398
WRKY_1:21931164-21931413_reference_binding_2120,1,0.8629733324050903
WRKY_1:21951648-21951897_non_binding_1776,1,0.8881403803825378
WRKY_1:21951648-21951897_non_binding_633,1,0.8868457078933716
WRKY_1:21951648-21951897_reference_binding_2060,1,0.8837139010429382
WRKY_1:21965362-21965611_non_binding_1769,1,0.894273579120636
WRKY_1:21965362-21965611_reference_binding_2364,1,0.8779318928718567
WRKY_1:22034084-22034333_non_binding_688,1,0.9350611567497253
WRKY_1:22034084-22034333_reference_binding_2098,1,0.9349538683891296
WRKY_1:22038667-22038916_non_binding_666,1,0.8394792079925537
WRKY_1:22038667-22038916_reference_binding_2084,1,0.8366469740867615
WRKY_1:22053099-22053348_binding_1091,1,0.8951287865638733
WRKY_1:22053099-22053348_reference_binding_2264,1,0.8986404538154602
WRKY_1:22131185-22131434_binding_1263,1,0.8884965777397156
WRKY_1:22131185-22131434_reference_binding_2278,1,0.8917783498764038
WRKY_1:22180567-22180816_non_binding_856,1,0.8372275829315186
WRKY_1:22180567-22180816_reference_binding_2196,1,0.8342138528823853
WRKY_1:22209090-22209339_binding_250,1,0.8839535713195801
WRKY_1:22209090-22209339_non_binding_1462,1,0.890686571598053
WRKY_1:22209090-22209339_reference_binding_1945,1,0.8934943079948425
WRKY_1:2221793-2222042_non_binding_1839,1,0.932083785533905
WRKY_1:2221793-2222042_non_binding_699,1,0.914691686630249
WRKY_1:2221793-2222042_reference_binding_2105,1,0.9153879880905151
WRKY_1:22340937-22341186_non_binding_1762,1,0.8641325831413269
WRKY_1:22342955-22343204_non_binding_703,1,0.9017874598503113
WRKY_1:22342955-22343204_reference_binding_2109,1,0.8974204659461975
WRKY_1:22688401-22688650_binding_138,1,0.8980823755264282
WRKY_1:22688401-22688650_binding_233,1,0.9022793769836426
WRKY_1:22688401-22688650_binding_258,1,0.9027336835861206
WRKY_1:22688401-22688650_binding_451,1,0.8915808200836182
WRKY_1:22688401-22688650_non_binding_514,1,0.8880692720413208
WRKY_1:22688401-22688650_non_binding_552,1,0.8978160619735718
WRKY_1:22688401-22688650_non_binding_817,1,0.8996995091438293
WRKY_1:22688401-22688650_reference_binding_1937,1,0.8976588249206543
WRKY_1:22741524-22741773_non_binding_930,1,0.9129253625869751
WRKY_1:22741524-22741773_reference_binding_2226,1,0.9047999382019043
WRKY_1:22965784-22966033_binding_135,1,0.8611788749694824
WRKY_1:22965784-22966033_binding_174,1,0.8501318097114563
WRKY_1:22965784-22966033_binding_180,1,0.865598738193512
WRKY_1:22965784-22966033_binding_273,1,0.8722683787345886
WRKY_1:22965784-22966033_binding_276,1,0.8696660995483398
WRKY_1:22965784-22966033_binding_299,1,0.8589205145835876
WRKY_1:22965784-22966033_binding_405,1,0.8803766965866089
WRKY_1:22965784-22966033_binding_449,1,0.8731164336204529
WRKY_1:22965784-22966033_binding_73,1,0.8707519173622131
WRKY_1:22965784-22966033_reference_binding_1920,1,0.8819886445999146
WRKY_1:22998014-22998263_non_binding_1630,1,0.9284469485282898
WRKY_1:22998014-22998263_non_binding_984,1,0.9213335514068604
WRKY_1:22998014-22998263_reference_binding_2249,1,0.9241943359375
WRKY_1:23001936-23002185_non_binding_1416,1,0.8803023099899292
WRKY_1:23001936-23002185_non_binding_1647,1,0.8769089579582214
WRKY_1:23001936-23002185_non_binding_1757,1,0.8749780058860779
WRKY_1:23001936-23002185_reference_binding_2288,1,0.8827187418937683
WRKY_1:2306682-2306931_binding_1005,1,0.9161803126335144
WRKY_1:2306682-2306931_binding_101,1,0.9103953838348389
WRKY_1:2306682-2306931_binding_1028,1,0.9164533615112305
WRKY_1:2306682-2306931_binding_106,1,0.9072979092597961
WRKY_1:2306682-2306931_binding_1089,1,0.9188321232795715
WRKY_1:2306682-2306931_binding_1126,1,0.9159482717514038
WRKY_1:2306682-2306931_binding_1140,1,0.9157832264900208
WRKY_1:2306682-2306931_binding_1183,1,0.9164412617683411
WRKY_1:2306682-2306931_binding_1190,1,0.9146956205368042
WRKY_1:2306682-2306931_binding_1222,1,0.9162428975105286
WRKY_1:2306682-2306931_binding_1261,1,0.9160073399543762
WRKY_1:2306682-2306931_binding_1310,1,0.9185463786125183
WRKY_1:2306682-2306931_binding_1333,1,0.9174719452857971
WRKY_1:2306682-2306931_binding_1378,1,0.916711688041687
WRKY_1:2306682-2306931_binding_1379,1,0.9191952347755432
WRKY_1:2306682-2306931_binding_152,1,0.9061356782913208
WRKY_1:2306682-2306931_binding_167,1,0.9139177203178406
WRKY_1:2306682-2306931_binding_339,1,0.909014105796814
WRKY_1:2306682-2306931_binding_382,1,0.9111089110374451
WRKY_1:2306682-2306931_binding_429,1,0.9043770432472229
WRKY_1:2306682-2306931_binding_490,1,0.9094592928886414
WRKY_1:2306682-2306931_binding_88,1,0.9118905067443848
WRKY_1:2306682-2306931_reference_binding_1926,1,0.916445255279541
WRKY_1:23080127-23080376_non_binding_1455,1,0.8655990958213806
WRKY_1:23080127-23080376_non_binding_1488,1,0.8669332265853882
WRKY_1:23080127-23080376_non_binding_1618,1,0.8692724704742432
WRKY_1:23080127-23080376_non_binding_1744,1,0.8772557377815247
WRKY_1:23080127-23080376_reference_binding_2298,1,0.8681169748306274
WRKY_1:23100915-23101164_binding_1013,1,0.8675619959831238
WRKY_1:23100915-23101164_binding_1057,1,0.8570246696472168
WRKY_1:23100915-23101164_binding_1063,1,0.8676742315292358
WRKY_1:23100915-23101164_binding_1068,1,0.8648831844329834
WRKY_1:23100915-23101164_binding_109,1,0.8652005791664124
WRKY_1:23100915-23101164_binding_111,1,0.8754898905754089
WRKY_1:23100915-23101164_binding_1139,1,0.8645550012588501
WRKY_1:23100915-23101164_binding_1143,1,0.8600253462791443
WRKY_1:23100915-23101164_binding_1179,1,0.8624255657196045
WRKY_1:23100915-23101164_binding_120,1,0.8876937627792358
WRKY_1:23100915-23101164_binding_1233,1,0.8658084869384766
WRKY_1:23100915-23101164_binding_126,1,0.8793948888778687
WRKY_1:23100915-23101164_binding_1314,1,0.8652759790420532
WRKY_1:23100915-23101164_binding_150,1,0.877463161945343
WRKY_1:23100915-23101164_binding_170,1,0.8689360022544861
WRKY_1:23100915-23101164_binding_172,1,0.880485475063324
WRKY_1:23100915-23101164_binding_177,1,0.8881272077560425
WRKY_1:23100915-23101164_binding_199,1,0.8917684555053711
WRKY_1:23100915-23101164_binding_229,1,0.8889707326889038
WRKY_1:23100915-23101164_binding_232,1,0.8776707053184509
WRKY_1:23100915-23101164_binding_241,1,0.8715488910675049
WRKY_1:23100915-23101164_binding_247,1,0.8742218017578125
WRKY_1:23100915-23101164_binding_25,1,0.8801126480102539
WRKY_1:23100915-23101164_binding_255,1,0.878341555595398
WRKY_1:23100915-23101164_binding_266,1,0.880061149597168
WRKY_1:23100915-23101164_binding_286,1,0.8682342171669006
WRKY_1:23100915-23101164_binding_305,1,0.8853679895401001
WRKY_1:23100915-23101164_binding_312,1,0.8656035661697388
WRKY_1:23100915-23101164_binding_32,1,0.8809429407119751
WRKY_1:23100915-23101164_binding_33,1,0.8804253935813904
WRKY_1:23100915-23101164_binding_338,1,0.8772676587104797
WRKY_1:23100915-23101164_binding_340,1,0.8704178929328918
WRKY_1:23100915-23101164_binding_344,1,0.8794414401054382
WRKY_1:23100915-23101164_binding_359,1,0.884462296962738
WRKY_1:23100915-23101164_binding_37,1,0.8838910460472107
WRKY_1:23100915-23101164_binding_370,1,0.8803371787071228
WRKY_1:23100915-23101164_binding_375,1,0.878553032875061
WRKY_1:23100915-23101164_binding_386,1,0.8689761161804199
WRKY_1:23100915-23101164_binding_432,1,0.8817489147186279
WRKY_1:23100915-23101164_binding_445,1,0.8805042505264282
WRKY_1:23100915-23101164_binding_448,1,0.8773702383041382
WRKY_1:23100915-23101164_binding_450,1,0.8699287176132202
WRKY_1:23100915-23101164_binding_452,1,0.8806750774383545
WRKY_1:23100915-23101164_binding_464,1,0.876822829246521
WRKY_1:23100915-23101164_binding_485,1,0.8690697550773621
WRKY_1:23100915-23101164_binding_491,1,0.8815419673919678
WRKY_1:23100915-23101164_binding_62,1,0.8828844428062439
WRKY_1:23100915-23101164_binding_69,1,0.8664354681968689
WRKY_1:23100915-23101164_reference_binding_1898,1,0.8619356155395508
WRKY_1:23198995-23199244_non_binding_1607,1,0.8585448861122131
WRKY_1:23198995-23199244_non_binding_704,1,0.8523879051208496
WRKY_1:23198995-23199244_non_binding_812,1,0.8595889806747437
WRKY_1:23198995-23199244_non_binding_919,1,0.8570279479026794
WRKY_1:23198995-23199244_reference_binding_2110,1,0.8549595475196838
WRKY_1:23271439-23271688_non_binding_1815,1,0.8899304270744324
WRKY_1:23271439-23271688_non_binding_571,1,0.8634265661239624
WRKY_1:23271439-23271688_non_binding_763,1,0.858024537563324
WRKY_1:23271439-23271688_reference_binding_2014,1,0.8576816916465759
WRKY_1:2327797-2328046_non_binding_1659,1,0.9234417676925659
WRKY_1:2327797-2328046_reference_binding_2337,1,0.9151765704154968
WRKY_1:2328127-2328376_binding_384,1,0.8902170658111572
WRKY_1:2328127-2328376_non_binding_806,1,0.9067519903182983
WRKY_1:2328127-2328376_reference_binding_1952,1,0.9074758291244507
WRKY_1:23281517-23281766_non_binding_511,1,0.8677632212638855
WRKY_1:23281517-23281766_non_binding_646,1,0.8673257231712341
WRKY_1:23281517-23281766_reference_binding_1966,1,0.865749716758728
WRKY_1:23304393-23304642_binding_1053,1,0.8498249053955078
WRKY_1:23304393-23304642_non_binding_630,1,0.8601076006889343
WRKY_1:23304393-23304642_reference_binding_2057,1,0.8524556159973145
WRKY_1:23349620-23349869_non_binding_508,1,0.8999531269073486
WRKY_1:23349620-23349869_non_binding_536,1,0.8979659676551819
WRKY_1:23349620-23349869_reference_binding_1963,1,0.8976003527641296
WRKY_1:23511550-23511799_non_binding_1413,1,0.8912103176116943
WRKY_1:23511550-23511799_non_binding_1612,1,0.8865042328834534
WRKY_1:23511550-23511799_non_binding_777,1,0.8823731541633606
WRKY_1:23511550-23511799_non_binding_894,1,0.8837129473686218
WRKY_1:23511550-23511799_reference_binding_2153,1,0.8914576768875122
WRKY_1:23687153-23687402_non_binding_1524,1,0.8565922975540161
WRKY_1:23687153-23687402_reference_binding_2310,1,0.8572301864624023
WRKY_1:23702778-23703027_non_binding_662,1,0.8417547941207886
WRKY_1:23702778-23703027_reference_binding_2081,1,0.8472164273262024
WRKY_1:23713288-23713537_non_binding_1415,1,0.8958501219749451
WRKY_1:23713288-23713537_reference_binding_2287,1,0.8867922425270081
WRKY_1:237741-237990_non_binding_1610,1,0.8381111025810242
WRKY_1:237741-237990_reference_binding_2327,1,0.8423128724098206
WRKY_1:23806720-23806969_non_binding_1414,1,0.8899346590042114
WRKY_1:23806720-23806969_non_binding_939,1,0.8900249600410461
WRKY_1:23806720-23806969_reference_binding_2229,1,0.8921792507171631
WRKY_1:23843378-23843627_non_binding_587,1,0.870265007019043
WRKY_1:23843378-23843627_reference_binding_2028,1,0.8699000477790833
WRKY_1:23868824-23869073_non_binding_1434,1,0.8499754667282104
WRKY_1:23868824-23869073_non_binding_1781,1,0.8585016131401062
WRKY_1:23868824-23869073_non_binding_526,1,0.8665999174118042
WRKY_1:23868824-23869073_non_binding_922,1,0.8728809356689453
WRKY_1:23868824-23869073_non_binding_946,1,0.8562394976615906
WRKY_1:23868824-23869073_reference_binding_1979,1,0.8695943355560303
WRKY_1:23892156-23892405_binding_1191,1,0.8849511742591858
WRKY_1:23906249-23906498_binding_279,1,0.868920087814331
WRKY_1:23906249-23906498_reference_binding_1948,1,0.8570147752761841
WRKY_1:2392796-2393045_non_binding_1421,1,0.908309817314148
WRKY_1:2392796-2393045_non_binding_982,1,0.9084405303001404
WRKY_1:2392796-2393045_reference_binding_2248,1,0.9035944938659668
WRKY_1:2393080-2393329_binding_1240,1,0.8908838033676147
WRKY_1:2393080-2393329_binding_191,1,0.9022467732429504
WRKY_1:2393080-2393329_binding_217,1,0.9156639575958252
WRKY_1:2393080-2393329_binding_243,1,0.9048725366592407
WRKY_1:2393080-2393329_binding_337,1,0.9095865488052368
WRKY_1:2393080-2393329_binding_35,1,0.9014049768447876
WRKY_1:2393080-2393329_binding_90,1,0.9126160740852356
WRKY_1:2393080-2393329_non_binding_556,1,0.9004397988319397
WRKY_1:2393080-2393329_non_binding_628,1,0.8958501219749451
WRKY_1:2393080-2393329_reference_binding_1903,1,0.8939269185066223
WRKY_1:24108540-24108789_non_binding_501,1,0.8782113194465637
WRKY_1:24108540-24108789_non_binding_595,1,0.8775339722633362
WRKY_1:24108540-24108789_reference_binding_1944,1,0.8806921243667603
WRKY_1:24119224-24119473_non_binding_1422,1,0.892823338508606
WRKY_1:24119224-24119473_non_binding_1457,1,0.8940889239311218
WRKY_1:24119224-24119473_non_binding_1531,1,0.8940678834915161
WRKY_1:24119224-24119473_non_binding_1753,1,0.8924921751022339
WRKY_1:24119224-24119473_reference_binding_2289,1,0.8924697637557983
WRKY_1:24142242-24142491_non_binding_1571,1,0.9395797252655029
WRKY_1:24142242-24142491_reference_binding_2321,1,0.9422978758811951
WRKY_1:24149623-24149872_non_binding_1689,1,0.850134015083313
WRKY_1:24149623-24149872_reference_binding_2347,1,0.8439899682998657
WRKY_1:24220236-24220485_binding_1102,1,0.9267284274101257
WRKY_1:24220236-24220485_binding_1105,1,0.9291579127311707
WRKY_1:24220236-24220485_binding_1159,1,0.9300415515899658
WRKY_1:24220236-24220485_binding_1195,1,0.9299798607826233
WRKY_1:24220236-24220485_binding_1199,1,0.930334210395813
WRKY_1:24220236-24220485_binding_123,1,0.9347909092903137
WRKY_1:24220236-24220485_binding_1372,1,0.9299343228340149
WRKY_1:24220236-24220485_binding_165,1,0.9387862682342529
WRKY_1:24220236-24220485_binding_196,1,0.9328092336654663
WRKY_1:24220236-24220485_binding_22,1,0.934981644153595
WRKY_1:24220236-24220485_binding_236,1,0.9291161894798279
WRKY_1:24220236-24220485_binding_261,1,0.9314640164375305
WRKY_1:24220236-24220485_binding_264,1,0.9359860420227051
WRKY_1:24220236-24220485_binding_280,1,0.9362826943397522
WRKY_1:24220236-24220485_binding_282,1,0.9348926544189453
WRKY_1:24220236-24220485_binding_385,1,0.9341224431991577
WRKY_1:24220236-24220485_binding_396,1,0.940262496471405
WRKY_1:24220236-24220485_binding_407,1,0.9341204762458801
WRKY_1:24220236-24220485_binding_413,1,0.9369121789932251
WRKY_1:24220236-24220485_binding_434,1,0.9326909780502319
WRKY_1:24220236-24220485_binding_440,1,0.934752881526947
WRKY_1:24220236-24220485_binding_458,1,0.9331150650978088
WRKY_1:24220236-24220485_binding_46,1,0.9332541823387146
WRKY_1:24220236-24220485_binding_95,1,0.9344061017036438
WRKY_1:24220236-24220485_reference_binding_1896,1,0.9283292889595032
WRKY_1:24230209-24230458_non_binding_1645,1,0.9040778875350952
WRKY_1:24230209-24230458_non_binding_554,1,0.8812825083732605
WRKY_1:24230209-24230458_reference_binding_2001,1,0.8739919066429138
WRKY_1:24242357-24242606_binding_1042,1,0.8522153496742249
WRKY_1:24242357-24242606_binding_1071,1,0.8510152101516724
WRKY_1:24242357-24242606_binding_1151,1,0.8504253029823303
WRKY_1:24242357-24242606_binding_1250,1,0.8526146411895752
WRKY_1:24242357-24242606_binding_1259,1,0.852353036403656
WRKY_1:24242357-24242606_binding_1357,1,0.8509033918380737
WRKY_1:24242357-24242606_non_binding_1562,1,0.8524318337440491
WRKY_1:24242357-24242606_reference_binding_2258,1,0.8528059720993042
WRKY_1:2432150-2432399_non_binding_1718,1,0.900545060634613
WRKY_1:2432150-2432399_reference_binding_2352,1,0.8918272852897644
WRKY_1:24337336-24337585_binding_1019,1,0.9022205471992493
WRKY_1:24337336-24337585_binding_1228,1,0.8883960247039795
WRKY_1:24337336-24337585_binding_1278,1,0.8983839154243469
WRKY_1:24337336-24337585_binding_40,1,0.9019573926925659
WRKY_1:24337336-24337585_non_binding_557,1,0.8920717239379883
WRKY_1:24337336-24337585_non_binding_682,1,0.8955449461936951
WRKY_1:24337336-24337585_reference_binding_1905,1,0.8863232135772705
WRKY_1:24352812-24353061_binding_102,1,0.8576588034629822
WRKY_1:24352812-24353061_binding_1020,1,0.8582190871238708
WRKY_1:24352812-24353061_binding_110,1,0.8576592206954956
WRKY_1:24352812-24353061_binding_1165,1,0.8571892380714417
WRKY_1:24352812-24353061_binding_1238,1,0.8585577011108398
WRKY_1:24352812-24353061_binding_124,1,0.8669031858444214
WRKY_1:24352812-24353061_binding_1245,1,0.8676666617393494
WRKY_1:24352812-24353061_binding_1312,1,0.8517605662345886
WRKY_1:24352812-24353061_binding_1321,1,0.8576602935791016
WRKY_1:24352812-24353061_binding_1349,1,0.8545207381248474
WRKY_1:24352812-24353061_binding_1366,1,0.8610442280769348
WRKY_1:24352812-24353061_binding_1370,1,0.8706871867179871
WRKY_1:24352812-24353061_binding_161,1,0.8452478051185608
WRKY_1:24352812-24353061_binding_198,1,0.8585772514343262
WRKY_1:24352812-24353061_binding_211,1,0.863952100276947
WRKY_1:24352812-24353061_binding_350,1,0.8438994884490967
WRKY_1:24352812-24353061_binding_398,1,0.8609630465507507
WRKY_1:24352812-24353061_binding_484,1,0.8647899031639099
WRKY_1:24352812-24353061_reference_binding_1929,1,0.8548751473426819
WRKY_1:24496902-24497151_non_binding_1585,1,0.9214500188827515
WRKY_1:24496902-24497151_non_binding_1788,1,0.9147591590881348
WRKY_1:24496902-24497151_non_binding_568,1,0.9175515174865723
WRKY_1:24496902-24497151_non_binding_685,1,0.9163816571235657
WRKY_1:24496902-24497151_reference_binding_2012,1,0.9212642908096313
WRKY_1:24590424-24590673_non_binding_1684,1,0.8998950123786926
WRKY_1:24590424-24590673_non_binding_1840,1,0.8923771381378174
WRKY_1:24590424-24590673_reference_binding_2345,1,0.887712836265564
WRKY_1:24665686-24665935_binding_147,1,0.869197428226471
WRKY_1:24665686-24665935_binding_28,1,0.8689751029014587
WRKY_1:24665686-24665935_binding_418,1,0.8701364994049072
WRKY_1:24665686-24665935_binding_479,1,0.8647911548614502
WRKY_1:24665686-24665935_binding_486,1,0.8675999045372009
WRKY_1:24665686-24665935_non_binding_1551,1,0.8792557716369629
WRKY_1:24665686-24665935_non_binding_802,1,0.8767374157905579
WRKY_1:24665686-24665935_reference_binding_1900,1,0.8759242296218872
WRKY_1:24679605-24679854_binding_1202,1,0.9178112149238586
WRKY_1:24679605-24679854_non_binding_1792,1,0.9257583022117615
WRKY_1:24679605-24679854_non_binding_545,1,0.9228629469871521
WRKY_1:24679605-24679854_reference_binding_1994,1,0.9214761257171631
WRKY_1:24683177-24683426_binding_1012,1,0.863415002822876
WRKY_1:24683177-24683426_binding_1131,1,0.8697314262390137
WRKY_1:24683177-24683426_binding_1176,1,0.8693079352378845
WRKY_1:24683177-24683426_binding_1189,1,0.8721376061439514
WRKY_1:24683177-24683426_binding_1323,1,0.8707104325294495
WRKY_1:24683177-24683426_binding_1335,1,0.872515857219696
WRKY_1:24683177-24683426_reference_binding_2254,1,0.8670477271080017
WRKY_1:24685995-24686244_non_binding_1676,1,0.9051133990287781
WRKY_1:24685995-24686244_non_binding_615,1,0.8921855688095093
WRKY_1:24685995-24686244_reference_binding_2049,1,0.8967185020446777
WRKY_1:24711646-24711895_non_binding_1432,1,0.9152780771255493
WRKY_1:24711646-24711895_non_binding_1845,1,0.9190715551376343
WRKY_1:24711646-24711895_non_binding_573,1,0.9140411615371704
WRKY_1:24711646-24711895_reference_binding_2016,1,0.9115278720855713
WRKY_1:24755241-24755490_binding_104,1,0.922983705997467
WRKY_1:24755241-24755490_binding_366,1,0.9259685277938843
WRKY_1:24755241-24755490_binding_372,1,0.925101101398468
WRKY_1:24755241-24755490_non_binding_1567,1,0.918725311756134
WRKY_1:24755241-24755490_non_binding_759,1,0.9138436317443848
WRKY_1:24755241-24755490_non_binding_857,1,0.9106773734092712
WRKY_1:24755241-24755490_non_binding_948,1,0.9143304228782654
WRKY_1:24755241-24755490_reference_binding_1930,1,0.9138162136077881
WRKY_1:24781169-24781418_binding_1047,1,0.9094140529632568
WRKY_1:24781169-24781418_binding_1155,1,0.9193392395973206
WRKY_1:24781169-24781418_binding_1167,1,0.9170520305633545
WRKY_1:24781169-24781418_non_binding_1773,1,0.9252232313156128
WRKY_1:24781169-24781418_reference_binding_2259,1,0.913320779800415
WRKY_1:2478926-2479175_non_binding_1444,1,0.8726384043693542
WRKY_1:2478926-2479175_reference_binding_2292,1,0.8721729516983032
WRKY_1:24842677-24842926_non_binding_618,1,0.8636577725410461
WRKY_1:24842677-24842926_non_binding_698,1,0.8626248240470886
WRKY_1:24842677-24842926_reference_binding_2051,1,0.8625192642211914
WRKY_1:25118753-25119002_non_binding_1553,1,0.9070135354995728
WRKY_1:25118753-25119002_reference_binding_2317,1,0.9013042449951172
WRKY_1:25161804-25162053_non_binding_1486,1,0.8876088857650757
WRKY_1:25161804-25162053_non_binding_760,1,0.8890228271484375
WRKY_1:25161804-25162053_reference_binding_2143,1,0.8868078589439392
WRKY_1:25203436-25203685_non_binding_1445,1,0.8847605586051941
WRKY_1:25203436-25203685_reference_binding_2293,1,0.8836873173713684
WRKY_1:25250108-25250357_non_binding_538,1,0.9015657901763916
WRKY_1:25250108-25250357_reference_binding_1990,1,0.9016525149345398
WRKY_1:25263098-25263347_non_binding_678,1,0.8991609811782837
WRKY_1:25263098-25263347_reference_binding_2092,1,0.8958666920661926
WRKY_1:25269173-25269422_non_binding_1477,1,0.8948637843132019
WRKY_1:25269173-25269422_reference_binding_2301,1,0.8857131600379944
WRKY_1:25312599-25312848_non_binding_632,1,0.8361367583274841
WRKY_1:25312599-25312848_reference_binding_2059,1,0.8417178392410278
WRKY_1:25329496-25329745_binding_347,1,0.8270575404167175
WRKY_1:25329496-25329745_non_binding_1539,1,0.8584865927696228
WRKY_1:25329496-25329745_reference_binding_1951,1,0.8581935167312622
WRKY_1:25350580-25350829_non_binding_1752,1,0.9163333773612976
WRKY_1:25350580-25350829_non_binding_597,1,0.921074628829956
WRKY_1:25350580-25350829_non_binding_732,1,0.9192945957183838
WRKY_1:25350580-25350829_non_binding_781,1,0.9191408157348633
WRKY_1:25350580-25350829_non_binding_912,1,0.9216395020484924
WRKY_1:25350580-25350829_reference_binding_2034,1,0.9246872663497925
WRKY_1:25452904-25453153_binding_1216,1,0.8934085965156555
WRKY_1:25452904-25453153_binding_1294,1,0.8891048431396484
WRKY_1:25452904-25453153_binding_1358,1,0.9001956582069397
WRKY_1:25452904-25453153_non_binding_1396,1,0.8965173363685608
WRKY_1:25452904-25453153_non_binding_1508,1,0.8999928832054138
WRKY_1:25452904-25453153_non_binding_1605,1,0.900691568851471
WRKY_1:25452904-25453153_non_binding_947,1,0.890662670135498
WRKY_1:25452904-25453153_reference_binding_2234,1,0.8970822095870972
WRKY_1:25459845-25460094_non_binding_1436,1,0.8961802124977112
WRKY_1:25459845-25460094_non_binding_550,1,0.8826593160629272
WRKY_1:25459845-25460094_reference_binding_1998,1,0.8854910135269165
WRKY_1:25485093-25485342_non_binding_503,1,0.9036056995391846
WRKY_1:25485093-25485342_reference_binding_1958,1,0.9045482873916626
WRKY_1:25513796-25514045_non_binding_1532,1,0.8483749032020569
WRKY_1:25513796-25514045_non_binding_1825,1,0.8521943688392639
WRKY_1:25513796-25514045_non_binding_1851,1,0.8428683280944824
WRKY_1:25513796-25514045_non_binding_1856,1,0.8432380557060242
WRKY_1:25513796-25514045_non_binding_530,1,0.8521636128425598
WRKY_1:25513796-25514045_reference_binding_1983,1,0.8495389223098755
WRKY_1:25538626-25538875_non_binding_1816,1,0.91075199842453
WRKY_1:25538626-25538875_reference_binding_2369,1,0.9215931296348572
WRKY_1:25634690-25634939_binding_1133,1,0.8893910050392151
WRKY_1:25634690-25634939_binding_1178,1,0.8848447203636169
WRKY_1:25634690-25634939_binding_1180,1,0.8842812180519104
WRKY_1:25634690-25634939_binding_1211,1,0.8915305137634277
WRKY_1:25634690-25634939_non_binding_1487,1,0.8852813839912415
WRKY_1:25634690-25634939_reference_binding_2273,1,0.8869233727455139
WRKY_1:25712424-25712673_binding_1288,1,0.9277352690696716
WRKY_1:25712424-25712673_non_binding_565,1,0.9267598986625671
WRKY_1:25712424-25712673_reference_binding_2009,1,0.9278579950332642
WRKY_1:2573230-2573479_non_binding_1823,1,0.9111887216567993
WRKY_1:2573230-2573479_reference_binding_2370,1,0.8990868926048279
WRKY_1:25752179-25752428_non_binding_1642,1,0.898848831653595
WRKY_1:25752179-25752428_non_binding_1730,1,0.8948103785514832
WRKY_1:25752179-25752428_non_binding_593,1,0.9034334421157837
WRKY_1:25752179-25752428_reference_binding_2031,1,0.8994032144546509
WRKY_1:25828093-25828342_non_binding_1565,1,0.8894665837287903
WRKY_1:25828093-25828342_reference_binding_2319,1,0.8943125009536743
WRKY_1:25830544-25830793_binding_1059,1,0.8436570167541504
WRKY_1:25830544-25830793_binding_1104,1,0.8446158170700073
WRKY_1:25830544-25830793_binding_1112,1,0.8456698656082153
WRKY_1:25830544-25830793_binding_117,1,0.8436486124992371
WRKY_1:25830544-25830793_binding_1257,1,0.8444404006004333
WRKY_1:25830544-25830793_binding_13,1,0.849317193031311
WRKY_1:25830544-25830793_binding_1328,1,0.8441910147666931
WRKY_1:25830544-25830793_binding_134,1,0.8436563014984131
WRKY_1:25830544-25830793_binding_1369,1,0.8457202911376953
WRKY_1:25830544-25830793_binding_16,1,0.8440371155738831
WRKY_1:25830544-25830793_binding_181,1,0.8457644581794739
WRKY_1:25830544-25830793_binding_183,1,0.8424093127250671
WRKY_1:25830544-25830793_binding_200,1,0.8414625525474548
WRKY_1:25830544-25830793_binding_205,1,0.8458498120307922
WRKY_1:25830544-25830793_binding_227,1,0.8445606827735901
WRKY_1:25830544-25830793_binding_292,1,0.8414956331253052
WRKY_1:25830544-25830793_binding_31,1,0.8434267640113831
WRKY_1:25830544-25830793_binding_356,1,0.8451484441757202
WRKY_1:25830544-25830793_binding_362,1,0.8436429500579834
WRKY_1:25830544-25830793_binding_471,1,0.8422754406929016
WRKY_1:25830544-25830793_binding_481,1,0.8435608744621277
WRKY_1:25830544-25830793_binding_66,1,0.8435673713684082
WRKY_1:25830544-25830793_binding_77,1,0.8402483463287354
WRKY_1:25830544-25830793_reference_binding_1892,1,0.8449569940567017
WRKY_1:25890231-25890480_binding_1196,1,0.8986271619796753
WRKY_1:25890231-25890480_non_binding_1598,1,0.9046679735183716
WRKY_1:25890231-25890480_non_binding_730,1,0.9057278037071228
WRKY_1:25890231-25890480_reference_binding_2123,1,0.9004096984863281
WRKY_1:26012156-26012405_binding_1120,1,0.8952939510345459
WRKY_1:26012156-26012405_non_binding_1506,1,0.9041228294372559
WRKY_1:26012156-26012405_non_binding_1530,1,0.9052639007568359
WRKY_1:26029516-26029765_non_binding_1637,1,0.8878645896911621
WRKY_1:26029516-26029765_non_binding_1871,1,0.8851450681686401
WRKY_1:26029516-26029765_reference_binding_2331,1,0.8816571235656738
WRKY_1:26219788-26220037_binding_1075,1,0.9208653569221497
WRKY_1:26219788-26220037_non_binding_787,1,0.9259570240974426
WRKY_1:26219788-26220037_non_binding_878,1,0.9227094650268555
WRKY_1:26219788-26220037_reference_binding_2156,1,0.9226270914077759
WRKY_1:26237834-26238083_non_binding_529,1,0.8675552606582642
WRKY_1:26237834-26238083_non_binding_891,1,0.8688858151435852
WRKY_1:26237834-26238083_reference_binding_1982,1,0.864393413066864
WRKY_1:26250245-26250494_non_binding_517,1,0.9097079038619995
WRKY_1:26250245-26250494_non_binding_695,1,0.9073366522789001
WRKY_1:26250245-26250494_reference_binding_1970,1,0.9088131785392761
WRKY_1:26312720-26312969_non_binding_1820,1,0.8784201145172119
WRKY_1:26312720-26312969_non_binding_714,1,0.8632125854492188
WRKY_1:26312720-26312969_reference_binding_2117,1,0.8639467358589172
WRKY_1:26459110-26459359_non_binding_1498,1,0.8971734046936035
WRKY_1:26459110-26459359_non_binding_751,1,0.9050636291503906
WRKY_1:26459110-26459359_reference_binding_2137,1,0.899810254573822
WRKY_1:26476465-26476714_non_binding_559,1,0.9024407267570496
WRKY_1:26476465-26476714_non_binding_680,1,0.9012912511825562
WRKY_1:26476465-26476714_non_binding_910,1,0.9078556895256042
WRKY_1:26476465-26476714_reference_binding_2003,1,0.9023534059524536
WRKY_1:26479887-26480136_non_binding_610,1,0.9331443905830383
WRKY_1:26479887-26480136_reference_binding_2044,1,0.9339480996131897
WRKY_1:26568868-26569117_non_binding_1621,1,0.9258513450622559
WRKY_1:26568868-26569117_non_binding_1818,1,0.9159835577011108
WRKY_1:26568868-26569117_non_binding_1819,1,0.9127054214477539
WRKY_1:26568868-26569117_reference_binding_2329,1,0.925352156162262
WRKY_1:26598358-26598607_binding_1219,1,0.9199846386909485
WRKY_1:26598358-26598607_binding_1249,1,0.9164393544197083
WRKY_1:26598358-26598607_non_binding_1485,1,0.9175834655761719
WRKY_1:26598358-26598607_reference_binding_2276,1,0.9124880433082581
WRKY_1:26602557-26602806_non_binding_1596,1,0.9033357501029968
WRKY_1:26602557-26602806_non_binding_1858,1,0.9028146266937256
WRKY_1:26602557-26602806_reference_binding_2323,1,0.8974424600601196
WRKY_1:26631403-26631652_binding_1272,1,0.84064781665802
WRKY_1:26631403-26631652_binding_1273,1,0.8422192931175232
WRKY_1:26631403-26631652_binding_1296,1,0.8406826853752136
WRKY_1:26631403-26631652_binding_394,1,0.8274083137512207
WRKY_1:26631403-26631652_binding_436,1,0.8187623620033264
WRKY_1:26631403-26631652_binding_455,1,0.8244003057479858
WRKY_1:26631403-26631652_binding_488,1,0.8246430158615112
WRKY_1:26631403-26631652_binding_79,1,0.8325044512748718
WRKY_1:26631403-26631652_non_binding_590,1,0.8416716456413269
WRKY_1:26631403-26631652_reference_binding_1922,1,0.8431233763694763
WRKY_1:26640168-26640417_non_binding_1510,1,0.8739311099052429
WRKY_1:26640168-26640417_reference_binding_2308,1,0.87944096326828
WRKY_1:2664661-2664910_non_binding_1541,1,0.8991512060165405
WRKY_1:2664661-2664910_non_binding_1655,1,0.8965197801589966
WRKY_1:2664661-2664910_reference_binding_2314,1,0.8969228267669678
WRKY_1:26661879-26662128_non_binding_1870,1,0.9304043650627136
WRKY_1:26661879-26662128_non_binding_561,1,0.9246789216995239
WRKY_1:26661879-26662128_reference_binding_2005,1,0.9241342544555664
WRKY_1:26876054-26876303_non_binding_743,1,0.8642200827598572
WRKY_1:26876054-26876303_non_binding_890,1,0.8689351677894592
WRKY_1:26876054-26876303_reference_binding_2131,1,0.867074728012085
WRKY_1:26916849-26917098_non_binding_631,1,0.8877548575401306
WRKY_1:26916849-26917098_reference_binding_2058,1,0.8919457197189331
WRKY_1:26961925-26962174_non_binding_1523,1,0.8615047335624695
WRKY_1:26961925-26962174_non_binding_1580,1,0.8622597455978394
WRKY_1:26961925-26962174_non_binding_1625,1,0.8637030720710754
WRKY_1:26961925-26962174_non_binding_897,1,0.859031617641449
WRKY_1:26961925-26962174_reference_binding_2214,1,0.8630938529968262
WRKY_1:2703106-2703355_non_binding_1704,1,0.9295692443847656
WRKY_1:2703106-2703355_non_binding_969,1,0.9280107617378235
WRKY_1:2703106-2703355_reference_binding_2242,1,0.9290177822113037
WRKY_1:27036444-27036693_binding_1035,1,0.8523646593093872
WRKY_1:27036444-27036693_binding_1038,1,0.8521682024002075
WRKY_1:27036444-27036693_binding_1046,1,0.85120689868927
WRKY_1:27036444-27036693_binding_1052,1,0.8524091243743896
WRKY_1:27036444-27036693_binding_1073,1,0.8513892292976379
WRKY_1:27036444-27036693_binding_1121,1,0.8506923913955688
WRKY_1:27036444-27036693_binding_1150,1,0.8515841960906982
WRKY_1:27036444-27036693_binding_1221,1,0.8508252501487732
WRKY_1:27036444-27036693_binding_1236,1,0.8507910370826721
WRKY_1:27036444-27036693_binding_1302,1,0.8529642224311829
WRKY_1:27036444-27036693_binding_1320,1,0.8508897423744202
WRKY_1:27036444-27036693_binding_1330,1,0.8513180613517761
WRKY_1:27036444-27036693_binding_1355,1,0.8507314324378967
WRKY_1:27036444-27036693_binding_1364,1,0.8523713946342468
WRKY_1:27036444-27036693_binding_1373,1,0.851807177066803
WRKY_1:27036444-27036693_binding_422,1,0.854971170425415
WRKY_1:27036444-27036693_reference_binding_1953,1,0.850703239440918
WRKY_1:27083462-27083711_non_binding_1383,1,0.8653527498245239
WRKY_1:27083462-27083711_non_binding_944,1,0.866682231426239
WRKY_1:27125651-27125900_non_binding_1677,1,0.9238088130950928
WRKY_1:27125651-27125900_non_binding_1829,1,0.9200596809387207
WRKY_1:27125651-27125900_non_binding_1835,1,0.9049293994903564
WRKY_1:27125651-27125900_reference_binding_2342,1,0.9276814460754395
WRKY_1:27197778-27198027_non_binding_1803,1,0.9059971570968628
WRKY_1:27197778-27198027_non_binding_828,1,0.9071043729782104
WRKY_1:27197778-27198027_reference_binding_2182,1,0.9126434922218323
WRKY_1:27210145-27210394_non_binding_1717,1,0.9218629598617554
WRKY_1:27210145-27210394_non_binding_510,1,0.9207499623298645
WRKY_1:27210145-27210394_reference_binding_1965,1,0.9192255139350891
WRKY_1:2722305-2722554_non_binding_1525,1,0.8668696284294128
WRKY_1:2722305-2722554_reference_binding_2206,1,0.8690322637557983
WRKY_1:27376275-27376524_binding_1099,1,0.8964048624038696
WRKY_1:27376275-27376524_non_binding_1461,1,0.8977468013763428
WRKY_1:27376275-27376524_non_binding_813,1,0.8942965865135193
WRKY_1:27376275-27376524_reference_binding_2173,1,0.8888342380523682
WRKY_1:27444289-27444538_non_binding_1664,1,0.9029600620269775
WRKY_1:27444289-27444538_reference_binding_2340,1,0.8843014240264893
WRKY_1:27452047-27452296_non_binding_525,1,0.9148438572883606
WRKY_1:27452047-27452296_reference_binding_1978,1,0.9185736179351807
WRKY_1:27468717-27468966_non_binding_1763,1,0.8977020382881165
WRKY_1:27468717-27468966_non_binding_674,1,0.8783736228942871
WRKY_1:27468717-27468966_non_binding_918,1,0.8789160251617432
WRKY_1:27468717-27468966_reference_binding_2090,1,0.8755878210067749
WRKY_1:27522241-27522490_binding_1186,1,0.8496135473251343
WRKY_1:27522241-27522490_non_binding_1403,1,0.8558444976806641
WRKY_1:27652137-27652386_non_binding_1417,1,0.8863473534584045
WRKY_1:27652137-27652386_non_binding_752,1,0.8905670642852783
WRKY_1:27652137-27652386_reference_binding_2138,1,0.8838337659835815
WRKY_1:2767459-2767708_non_binding_1809,1,0.920278012752533
WRKY_1:2767459-2767708_non_binding_773,1,0.9037193059921265
WRKY_1:2767459-2767708_non_binding_901,1,0.9093632102012634
WRKY_1:2767459-2767708_non_binding_990,1,0.9121275544166565
WRKY_1:2767459-2767708_reference_binding_2151,1,0.9083888530731201
WRKY_1:27690201-27690450_binding_1004,1,0.9248121976852417
WRKY_1:27690201-27690450_binding_1021,1,0.9207668304443359
WRKY_1:27690201-27690450_binding_113,1,0.9284710884094238
WRKY_1:27690201-27690450_binding_1224,1,0.9245136380195618
WRKY_1:27690201-27690450_binding_1251,1,0.921649694442749
WRKY_1:27690201-27690450_binding_1270,1,0.924733579158783
WRKY_1:27690201-27690450_binding_1286,1,0.9250839352607727
WRKY_1:27690201-27690450_binding_203,1,0.9321422576904297
WRKY_1:27690201-27690450_binding_207,1,0.9266445636749268
WRKY_1:27690201-27690450_binding_220,1,0.9254159331321716
WRKY_1:27690201-27690450_binding_242,1,0.9261071085929871
WRKY_1:27690201-27690450_binding_262,1,0.9298233985900879
WRKY_1:27690201-27690450_binding_287,1,0.9292313456535339
WRKY_1:27690201-27690450_binding_289,1,0.9320364594459534
WRKY_1:27690201-27690450_binding_318,1,0.9321715831756592
WRKY_1:27690201-27690450_binding_374,1,0.9296742677688599
WRKY_1:27690201-27690450_binding_392,1,0.9288270473480225
WRKY_1:27690201-27690450_binding_408,1,0.9255207180976868
WRKY_1:27690201-27690450_binding_410,1,0.9262040853500366
WRKY_1:27690201-27690450_binding_438,1,0.9309092164039612
WRKY_1:27690201-27690450_binding_443,1,0.9311967492103577
WRKY_1:27690201-27690450_binding_472,1,0.9275125861167908
WRKY_1:27690201-27690450_binding_52,1,0.9274858236312866
WRKY_1:27690201-27690450_binding_55,1,0.9283139109611511
WRKY_1:27690201-27690450_reference_binding_1913,1,0.9241234064102173
WRKY_1:27722882-27723131_non_binding_1398,1,0.8757166266441345
WRKY_1:27722882-27723131_non_binding_1399,1,0.870926558971405
WRKY_1:27722882-27723131_reference_binding_2281,1,0.8806447982788086
WRKY_1:27726237-27726486_binding_146,1,0.9165515303611755
WRKY_1:27726237-27726486_binding_160,1,0.9109975695610046
WRKY_1:27726237-27726486_binding_178,1,0.9129698276519775
WRKY_1:27726237-27726486_binding_265,1,0.9230384230613708
WRKY_1:27726237-27726486_binding_296,1,0.9174595475196838
WRKY_1:27726237-27726486_binding_315,1,0.9166595339775085
WRKY_1:27726237-27726486_binding_321,1,0.9052523970603943
WRKY_1:27726237-27726486_binding_409,1,0.9236037135124207
WRKY_1:27726237-27726486_binding_469,1,0.9243223667144775
WRKY_1:27726237-27726486_binding_80,1,0.9133838415145874
WRKY_1:27773963-27774212_binding_1061,1,0.8163256049156189
WRKY_1:27773963-27774212_binding_1128,1,0.8076937198638916
WRKY_1:27773963-27774212_binding_1234,1,0.818860650062561
WRKY_1:27773963-27774212_non_binding_639,1,0.8154558539390564
WRKY_1:27773963-27774212_reference_binding_2065,1,0.8096843957901001
WRKY_1:2782660-2782909_non_binding_1834,1,0.8965030312538147
WRKY_1:2782660-2782909_non_binding_797,1,0.9112907648086548
WRKY_1:2782660-2782909_reference_binding_2163,1,0.9134830832481384
WRKY_1:27933394-27933643_binding_1043,1,0.9058265686035156
WRKY_1:27933394-27933643_binding_1083,1,0.9075690507888794
WRKY_1:27933394-27933643_binding_1173,1,0.9086523652076721
WRKY_1:27933394-27933643_binding_1246,1,0.9146932363510132
WRKY_1:27933394-27933643_binding_1248,1,0.9115124940872192
WRKY_1:27933394-27933643_binding_1256,1,0.910498857498169
WRKY_1:27933394-27933643_binding_1297,1,0.9126428961753845
WRKY_1:27933394-27933643_binding_1299,1,0.9093514084815979
WRKY_1:27933394-27933643_binding_1318,1,0.9134445786476135
WRKY_1:27933394-27933643_binding_156,1,0.910740315914154
WRKY_1:27933394-27933643_binding_184,1,0.9121671319007874
WRKY_1:27933394-27933643_binding_204,1,0.9094113707542419
WRKY_1:27933394-27933643_binding_209,1,0.9083880186080933
WRKY_1:27933394-27933643_binding_297,1,0.9086742997169495
WRKY_1:27933394-27933643_binding_306,1,0.9080433249473572
WRKY_1:27933394-27933643_binding_313,1,0.9154569506645203
WRKY_1:27933394-27933643_binding_331,1,0.9050359129905701
WRKY_1:27933394-27933643_binding_412,1,0.9119952321052551
WRKY_1:27933394-27933643_binding_463,1,0.9090216159820557
WRKY_1:27933394-27933643_binding_470,1,0.9081751108169556
WRKY_1:27933394-27933643_binding_84,1,0.9059855937957764
WRKY_1:27933394-27933643_binding_97,1,0.9075925946235657
WRKY_1:27933394-27933643_reference_binding_1923,1,0.9105063676834106
WRKY_1:28003120-28003369_non_binding_1714,1,0.9113765954971313
WRKY_1:28003120-28003369_non_binding_638,1,0.9032705426216125
WRKY_1:28003120-28003369_reference_binding_2064,1,0.9019472002983093
WRKY_1:28031445-28031694_non_binding_1661,1,0.9030733704566956
WRKY_1:28031445-28031694_non_binding_772,1,0.9027453660964966
WRKY_1:28031445-28031694_reference_binding_2150,1,0.9053621292114258
WRKY_1:28050086-28050335_non_binding_1490,1,0.935272753238678
WRKY_1:28050086-28050335_reference_binding_2304,1,0.935399055480957
WRKY_1:28222483-28222732_binding_1194,1,0.8971622586250305
WRKY_1:28222483-28222732_binding_1276,1,0.898871898651123
WRKY_1:28222483-28222732_binding_1281,1,0.8966783285140991
WRKY_1:28222483-28222732_binding_1303,1,0.8995721340179443
WRKY_1:28222483-28222732_binding_1338,1,0.8953941464424133
WRKY_1:28222483-28222732_binding_288,1,0.9012084007263184
WRKY_1:28222483-28222732_binding_47,1,0.913520872592926
WRKY_1:28222483-28222732_binding_54,1,0.9029830098152161
WRKY_1:28222483-28222732_reference_binding_1909,1,0.9003888964653015
WRKY_1:28231232-28231481_binding_1122,1,0.9238967299461365
WRKY_1:28231232-28231481_binding_1197,1,0.9309385418891907
WRKY_1:28231232-28231481_reference_binding_2270,1,0.9267538189888
WRKY_1:28231838-28232087_non_binding_1602,1,0.9106048345565796
WRKY_1:28231838-28232087_non_binding_546,1,0.9005112051963806
WRKY_1:28231838-28232087_reference_binding_1995,1,0.9047356843948364
WRKY_1:28282018-28282267_binding_1277,1,0.8847163915634155
WRKY_1:28282018-28282267_non_binding_1595,1,0.8902344703674316
WRKY_1:28282018-28282267_non_binding_1795,1,0.8927606344223022
WRKY_1:28282018-28282267_non_binding_765,1,0.8932703137397766
WRKY_1:28282018-28282267_reference_binding_2146,1,0.8916402459144592
WRKY_1:28469887-28470136_non_binding_1439,1,0.9009486436843872
WRKY_1:28469887-28470136_non_binding_598,1,0.9038431644439697
WRKY_1:28469887-28470136_reference_binding_2035,1,0.9042196869850159
WRKY_1:28482400-28482649_non_binding_522,1,0.9134221076965332
WRKY_1:28482400-28482649_reference_binding_1975,1,0.9173373579978943
WRKY_1:28501477-28501726_binding_1018,1,0.8898997902870178
WRKY_1:28501477-28501726_binding_1032,1,0.8955944776535034
WRKY_1:28501477-28501726_binding_1049,1,0.8968470096588135
WRKY_1:28501477-28501726_binding_1161,1,0.8944511413574219
WRKY_1:28501477-28501726_binding_1172,1,0.8865952491760254
WRKY_1:28501477-28501726_binding_1201,1,0.9020073413848877
WRKY_1:28501477-28501726_binding_1308,1,0.8994731903076172
WRKY_1:28501477-28501726_binding_131,1,0.9138906598091125
WRKY_1:28501477-28501726_binding_1351,1,0.9017675518989563
WRKY_1:28501477-28501726_binding_1371,1,0.8954300284385681
WRKY_1:28501477-28501726_binding_188,1,0.9102110862731934
WRKY_1:28501477-28501726_binding_221,1,0.9091535210609436
WRKY_1:28501477-28501726_binding_269,1,0.9090182185173035
WRKY_1:28501477-28501726_binding_290,1,0.9100925326347351
WRKY_1:28501477-28501726_binding_439,1,0.9110071063041687
WRKY_1:28501477-28501726_binding_68,1,0.9102615118026733
WRKY_1:28501477-28501726_reference_binding_1919,1,0.8956812620162964
WRKY_1:28522773-28523022_non_binding_1862,1,0.9224981665611267
WRKY_1:28522773-28523022_non_binding_902,1,0.9258161187171936
WRKY_1:28522773-28523022_reference_binding_2216,1,0.9266344904899597
WRKY_1:28524438-28524687_binding_1141,1,0.9098695516586304
WRKY_1:28524438-28524687_non_binding_1468,1,0.9043675065040588
WRKY_1:28524438-28524687_non_binding_1474,1,0.9039047956466675
WRKY_1:28524438-28524687_non_binding_1480,1,0.9083175659179688
WRKY_1:28524438-28524687_non_binding_1679,1,0.9193897843360901
WRKY_1:28524438-28524687_non_binding_770,1,0.904247522354126
WRKY_1:28524438-28524687_non_binding_820,1,0.9134054183959961
WRKY_1:28524438-28524687_reference_binding_2149,1,0.9059942960739136
WRKY_1:28546156-28546405_non_binding_1768,1,0.9242680072784424
WRKY_1:28546156-28546405_non_binding_805,1,0.9180676341056824
WRKY_1:28546156-28546405_reference_binding_2168,1,0.9211849570274353
WRKY_1:28562564-28562813_non_binding_1682,1,0.8623902201652527
WRKY_1:28562564-28562813_non_binding_832,1,0.8648965358734131
WRKY_1:28562564-28562813_reference_binding_2186,1,0.8648527264595032
WRKY_1:28577180-28577429_non_binding_637,1,0.8316931128501892
WRKY_1:28577180-28577429_non_binding_717,1,0.8315219879150391
WRKY_1:28577180-28577429_non_binding_724,1,0.8424952626228333
WRKY_1:28577180-28577429_non_binding_888,1,0.8444221615791321
WRKY_1:28577180-28577429_reference_binding_2063,1,0.8335069417953491
WRKY_1:28649619-28649868_binding_1208,1,0.8920331597328186
WRKY_1:28649619-28649868_non_binding_1681,1,0.901970386505127
WRKY_1:28649619-28649868_non_binding_858,1,0.8953412175178528
WRKY_1:28649619-28649868_reference_binding_2197,1,0.894647479057312
WRKY_1:28650856-28651105_non_binding_1578,1,0.909389078617096
WRKY_1:28650856-28651105_non_binding_1874,1,0.9199283123016357
WRKY_1:28650856-28651105_non_binding_515,1,0.9100005626678467
WRKY_1:28650856-28651105_non_binding_850,1,0.9093148112297058
WRKY_1:28650856-28651105_non_binding_869,1,0.9070345163345337
WRKY_1:28650856-28651105_reference_binding_1969,1,0.9084664583206177
WRKY_1:28749466-28749715_non_binding_1702,1,0.9309098720550537
WRKY_1:28749466-28749715_non_binding_1857,1,0.9253157377243042
WRKY_1:28749466-28749715_non_binding_600,1,0.9147777557373047
WRKY_1:28749466-28749715_reference_binding_2037,1,0.9136321544647217
WRKY_1:28916392-28916641_non_binding_847,1,0.8998757600784302
WRKY_1:28916392-28916641_reference_binding_2192,1,0.892186164855957
WRKY_1:29041926-29042175_binding_1097,1,0.918904185295105
WRKY_1:29041926-29042175_non_binding_785,1,0.9189513325691223
WRKY_1:29041926-29042175_reference_binding_2155,1,0.9234256148338318
WRKY_1:2906419-2906668_non_binding_1651,1,0.8720872402191162
WRKY_1:2906419-2906668_reference_binding_2333,1,0.8445413112640381
WRKY_1:29064705-29064954_binding_1177,1,0.8827013373374939
WRKY_1:29064705-29064954_non_binding_1496,1,0.8820674419403076
WRKY_1:29064705-29064954_non_binding_1613,1,0.8844922780990601
WRKY_1:29064705-29064954_reference_binding_2274,1,0.8832119107246399
WRKY_1:29067841-29068090_non_binding_513,1,0.907309353351593
WRKY_1:29067841-29068090_reference_binding_1968,1,0.9048078060150146
WRKY_1:29130931-29131180_non_binding_1737,1,0.8855350613594055
WRKY_1:29130931-29131180_reference_binding_2358,1,0.8769129514694214
WRKY_1:29194053-29194302_binding_1100,1,0.8355571627616882
WRKY_1:29194053-29194302_binding_345,1,0.8276843428611755
WRKY_1:29194053-29194302_non_binding_1489,1,0.8284960985183716
WRKY_1:29194053-29194302_non_binding_539,1,0.830631673336029
WRKY_1:29194053-29194302_reference_binding_1950,1,0.8311036825180054
WRKY_1:29328615-29328864_non_binding_1393,1,0.8974063396453857
WRKY_1:29328615-29328864_non_binding_509,1,0.898482084274292
WRKY_1:29328615-29328864_reference_binding_1964,1,0.8999819159507751
WRKY_1:29377811-29378060_non_binding_1755,1,0.8772635459899902
WRKY_1:29377811-29378060_non_binding_671,1,0.8824388384819031
WRKY_1:29377811-29378060_reference_binding_2089,1,0.8830034732818604
WRKY_1:29420075-29420324_non_binding_619,1,0.9013419151306152
WRKY_1:29420075-29420324_non_binding_719,1,0.901533305644989
WRKY_1:29420075-29420324_non_binding_780,1,0.8970654606819153
WRKY_1:29420075-29420324_reference_binding_2052,1,0.8955329060554504
WRKY_1:2942213-2942462_binding_190,1,0.9125033617019653
WRKY_1:2942213-2942462_binding_271,1,0.9201664924621582
WRKY_1:2942213-2942462_binding_275,1,0.9198580980300903
WRKY_1:2942213-2942462_binding_371,1,0.9174501299858093
WRKY_1:2942213-2942462_binding_480,1,0.9076908826828003
WRKY_1:2942213-2942462_binding_483,1,0.9166402220726013
WRKY_1:2942213-2942462_binding_49,1,0.9091482758522034
WRKY_1:2942213-2942462_non_binding_1545,1,0.892504096031189
WRKY_1:2942213-2942462_non_binding_569,1,0.887604832649231
WRKY_1:2942213-2942462_non_binding_725,1,0.8919363021850586
WRKY_1:2942213-2942462_non_binding_957,1,0.8875539302825928
WRKY_1:2942213-2942462_reference_binding_1911,1,0.8934780359268188
WRKY_1:29458861-29459110_non_binding_718,1,0.8790742754936218
WRKY_1:29458861-29459110_non_binding_721,1,0.8838722705841064
WRKY_1:29458861-29459110_reference_binding_2119,1,0.8830722570419312
WRKY_1:29513464-29513713_non_binding_761,1,0.8627522587776184
WRKY_1:29513464-29513713_non_binding_986,1,0.8504986763000488
WRKY_1:29513464-29513713_reference_binding_2144,1,0.8643529415130615
WRKY_1:29526121-29526370_non_binding_1438,1,0.8426735401153564
WRKY_1:29526121-29526370_non_binding_1572,1,0.8489794731140137
WRKY_1:29526121-29526370_non_binding_649,1,0.8399216532707214
WRKY_1:29526121-29526370_reference_binding_2072,1,0.8421704173088074
WRKY_1:29588153-29588402_non_binding_1518,1,0.8725608587265015
WRKY_1:29588153-29588402_non_binding_1624,1,0.8690261244773865
WRKY_1:29588153-29588402_non_binding_567,1,0.8605079650878906
WRKY_1:29588153-29588402_non_binding_844,1,0.8675745725631714
WRKY_1:29588153-29588402_reference_binding_2011,1,0.8690389394760132
WRKY_1:29676843-29677092_non_binding_889,1,0.8608759641647339
WRKY_1:29676843-29677092_non_binding_905,1,0.8607441186904907
WRKY_1:29676843-29677092_reference_binding_2211,1,0.8622521162033081
WRKY_1:29727302-29727551_non_binding_1408,1,0.8357856869697571
WRKY_1:29727302-29727551_non_binding_1536,1,0.8382230997085571
WRKY_1:29727302-29727551_reference_binding_2284,1,0.8363452553749084
WRKY_1:29734433-29734682_binding_136,1,0.8390631675720215
WRKY_1:29734433-29734682_binding_246,1,0.8348953723907471
WRKY_1:29734433-29734682_binding_415,1,0.8426806926727295
WRKY_1:29734433-29734682_reference_binding_1936,1,0.857299268245697
WRKY_1:29740202-29740451_binding_1088,1,0.9157860279083252
WRKY_1:29740202-29740451_reference_binding_2263,1,0.9140557646751404
WRKY_1:29845601-29845850_binding_1037,1,0.8972095847129822
WRKY_1:29845601-29845850_non_binding_1380,1,0.8906434178352356
WRKY_1:29845601-29845850_non_binding_528,1,0.8926807641983032
WRKY_1:29845601-29845850_non_binding_768,1,0.9015000462532043
WRKY_1:29845601-29845850_non_binding_952,1,0.8993176221847534
WRKY_1:29845601-29845850_reference_binding_1981,1,0.8928311467170715
WRKY_1:30008293-30008542_non_binding_1663,1,0.8947429060935974
WRKY_1:30008293-30008542_reference_binding_2339,1,0.9089169502258301
WRKY_1:30017653-30017902_binding_1204,1,0.8937438726425171
WRKY_1:30017653-30017902_non_binding_1437,1,0.8922945261001587
WRKY_1:30017653-30017902_non_binding_1581,1,0.8877291679382324
WRKY_1:30017653-30017902_non_binding_1584,1,0.8923941254615784
WRKY_1:30017653-30017902_non_binding_1590,1,0.8849931359291077
WRKY_1:30017653-30017902_non_binding_527,1,0.8952857851982117
WRKY_1:30017653-30017902_non_binding_916,1,0.897466242313385
WRKY_1:30017653-30017902_non_binding_941,1,0.8953081965446472
WRKY_1:30017653-30017902_reference_binding_1980,1,0.8889936804771423
WRKY_1:30055376-30055625_non_binding_1599,1,0.8770731091499329
WRKY_1:30055376-30055625_non_binding_1648,1,0.8646458387374878
WRKY_1:30055376-30055625_reference_binding_2324,1,0.8871222734451294
WRKY_1:30092095-30092344_non_binding_1433,1,0.856131911277771
WRKY_1:30092095-30092344_non_binding_1703,1,0.8740900158882141
WRKY_1:30092095-30092344_non_binding_790,1,0.8636568784713745
WRKY_1:30092095-30092344_reference_binding_2158,1,0.8609768152236938
WRKY_1:30155178-30155427_non_binding_1410,1,0.9140097498893738
WRKY_1:30155178-30155427_reference_binding_2285,1,0.9137227535247803
WRKY_1:30210103-30210352_non_binding_1558,1,0.8968666195869446
WRKY_1:30210103-30210352_reference_binding_2318,1,0.9004829525947571
WRKY_1:30235933-30236182_non_binding_1609,1,0.9097058773040771
WRKY_1:30235933-30236182_non_binding_1713,1,0.8688777685165405
WRKY_1:30235933-30236182_non_binding_1761,1,0.8896536231040955
WRKY_1:30235933-30236182_reference_binding_2326,1,0.8997699022293091
WRKY_1:30269237-30269486_binding_122,1,0.920257568359375
WRKY_1:30269237-30269486_binding_17,1,0.9177905321121216
WRKY_1:30269237-30269486_binding_215,1,0.9079962372779846
WRKY_1:30269237-30269486_binding_373,1,0.9215945601463318
WRKY_1:30269237-30269486_binding_437,1,0.9188370704650879
WRKY_1:30269237-30269486_non_binding_1435,1,0.9175165295600891
WRKY_1:30269237-30269486_non_binding_1543,1,0.91810142993927
WRKY_1:30269237-30269486_non_binding_650,1,0.9111608266830444
WRKY_1:30269237-30269486_non_binding_660,1,0.9172834753990173
WRKY_1:30269237-30269486_reference_binding_1894,1,0.9146619439125061
WRKY_1:30405119-30405368_non_binding_1701,1,0.9184579849243164
WRKY_1:30405119-30405368_non_binding_1777,1,0.9141796827316284
WRKY_1:30405119-30405368_non_binding_836,1,0.8961758613586426
WRKY_1:30405119-30405368_reference_binding_2188,1,0.8984194993972778
WRKY_1:3065031-3065280_binding_1023,1,0.8420872688293457
WRKY_1:3065031-3065280_binding_1136,1,0.8431267738342285
WRKY_1:3065031-3065280_binding_119,1,0.851693332195282
WRKY_1:3065031-3065280_binding_1291,1,0.8431182503700256
WRKY_1:3065031-3065280_binding_149,1,0.8487080335617065
WRKY_1:3065031-3065280_binding_164,1,0.8510546088218689
WRKY_1:3065031-3065280_binding_186,1,0.8564152121543884
WRKY_1:3065031-3065280_binding_335,1,0.856853187084198
WRKY_1:3065031-3065280_binding_419,1,0.8512912392616272
WRKY_1:3065031-3065280_binding_424,1,0.8450400829315186
WRKY_1:3065031-3065280_reference_binding_1932,1,0.845408022403717
WRKY_1:3103871-3104120_binding_1029,1,0.9110074043273926
WRKY_1:3103871-3104120_non_binding_736,1,0.9085007905960083
WRKY_1:3103871-3104120_non_binding_776,1,0.917545735836029
WRKY_1:3103871-3104120_reference_binding_2127,1,0.9089089035987854
WRKY_1:3253441-3253690_non_binding_1404,1,0.8358064293861389
WRKY_1:3253441-3253690_non_binding_1419,1,0.8317906856536865
WRKY_1:3253441-3253690_non_binding_1611,1,0.8291027545928955
WRKY_1:3253441-3253690_reference_binding_2282,1,0.8313842415809631
WRKY_1:3265644-3265893_non_binding_523,1,0.9206656217575073
WRKY_1:3265644-3265893_reference_binding_1976,1,0.9176409840583801
WRKY_1:3276601-3276850_non_binding_1617,1,0.8933117389678955
WRKY_1:3276601-3276850_non_binding_1631,1,0.8997840285301208
WRKY_1:3276601-3276850_non_binding_1754,1,0.8928742408752441
WRKY_1:3276601-3276850_non_binding_1808,1,0.8989552855491638
WRKY_1:3276601-3276850_non_binding_1859,1,0.8878891468048096
WRKY_1:3276601-3276850_non_binding_863,1,0.8865048289299011
WRKY_1:3276601-3276850_reference_binding_2200,1,0.8936682343482971
WRKY_1:3281162-3281411_non_binding_1513,1,0.9228482246398926
WRKY_1:3281162-3281411_non_binding_757,1,0.91493159532547
WRKY_1:3281162-3281411_reference_binding_2142,1,0.9200960993766785
WRKY_1:3312710-3312959_non_binding_1473,1,0.9044338464736938
WRKY_1:3312710-3312959_non_binding_1759,1,0.8795053362846375
WRKY_1:3312710-3312959_non_binding_904,1,0.8943384289741516
WRKY_1:3312710-3312959_reference_binding_2218,1,0.9056317806243896
WRKY_1:3340274-3340523_binding_478,1,0.8613778948783875
WRKY_1:3340274-3340523_non_binding_1459,1,0.8534795641899109
WRKY_1:3340274-3340523_non_binding_1579,1,0.8650996685028076
WRKY_1:3340274-3340523_non_binding_1626,1,0.8649510741233826
WRKY_1:3340274-3340523_non_binding_951,1,0.8639259934425354
WRKY_1:3340274-3340523_reference_binding_1956,1,0.8652926683425903
WRKY_1:3394774-3395023_binding_1016,1,0.8628348112106323
WRKY_1:3394774-3395023_binding_1237,1,0.8760685920715332
WRKY_1:3394774-3395023_non_binding_670,1,0.8661736249923706
WRKY_1:3394774-3395023_reference_binding_2088,1,0.8666213154792786
WRKY_1:3472675-3472924_binding_142,1,0.867443323135376
WRKY_1:3472675-3472924_binding_206,1,0.8676413297653198
WRKY_1:3472675-3472924_binding_304,1,0.8676844239234924
WRKY_1:3472675-3472924_binding_316,1,0.8684623837471008
WRKY_1:3472675-3472924_non_binding_849,1,0.8613043427467346
WRKY_1:3472675-3472924_non_binding_955,1,0.8617401719093323
WRKY_1:3472675-3472924_reference_binding_1938,1,0.8594682216644287
WRKY_1:3525594-3525843_non_binding_505,1,0.9071375131607056
WRKY_1:3525594-3525843_non_binding_516,1,0.901303231716156
WRKY_1:3525594-3525843_non_binding_766,1,0.9029653668403625
WRKY_1:3525594-3525843_reference_binding_1960,1,0.902884304523468
WRKY_1:3557904-3558153_non_binding_1521,1,0.9121465682983398
WRKY_1:3557904-3558153_non_binding_979,1,0.9145463109016418
WRKY_1:3557904-3558153_reference_binding_2245,1,0.9069467186927795
WRKY_1:3633935-3634184_binding_1129,1,0.8871095776557922
WRKY_1:3633935-3634184_binding_125,1,0.8949031829833984
WRKY_1:3633935-3634184_binding_1337,1,0.8972850441932678
WRKY_1:3633935-3634184_reference_binding_1934,1,0.8909331560134888
WRKY_1:3735765-3736014_non_binding_1448,1,0.8763898611068726
WRKY_1:3735765-3736014_non_binding_581,1,0.8776789307594299
WRKY_1:3735765-3736014_non_binding_675,1,0.8782221674919128
WRKY_1:3735765-3736014_reference_binding_2023,1,0.875292181968689
WRKY_1:3845052-3845301_binding_1025,1,0.8989155292510986
WRKY_1:3845052-3845301_binding_103,1,0.882000744342804
WRKY_1:3845052-3845301_binding_107,1,0.8918325304985046
WRKY_1:3845052-3845301_binding_1096,1,0.9041885137557983
WRKY_1:3845052-3845301_binding_1110,1,0.9030218720436096
WRKY_1:3845052-3845301_binding_1205,1,0.8952419757843018
WRKY_1:3845052-3845301_binding_1283,1,0.9055966734886169
WRKY_1:3845052-3845301_binding_1339,1,0.9010829925537109
WRKY_1:3845052-3845301_binding_1348,1,0.9057928323745728
WRKY_1:3845052-3845301_binding_1375,1,0.9064667224884033
WRKY_1:3845052-3845301_binding_139,1,0.8799259066581726
WRKY_1:3845052-3845301_binding_19,1,0.8977372646331787
WRKY_1:3845052-3845301_binding_2,1,0.8886449337005615
WRKY_1:3845052-3845301_binding_218,1,0.8776528239250183
WRKY_1:3845052-3845301_binding_23,1,0.883375346660614
WRKY_1:3845052-3845301_binding_234,1,0.882193922996521
WRKY_1:3845052-3845301_binding_30,1,0.8939465880393982
WRKY_1:3845052-3845301_binding_325,1,0.8802232146263123
WRKY_1:3845052-3845301_binding_361,1,0.8931130170822144
WRKY_1:3845052-3845301_binding_404,1,0.8843628764152527
WRKY_1:3845052-3845301_binding_72,1,0.8969510197639465
WRKY_1:3845052-3845301_binding_78,1,0.8902648091316223
WRKY_1:3845052-3845301_reference_binding_1882,1,0.9023256897926331
WRKY_1:3910109-3910358_non_binding_1542,1,0.8438699245452881
WRKY_1:3910109-3910358_non_binding_1569,1,0.8409516215324402
WRKY_1:3910109-3910358_non_binding_1573,1,0.8401058912277222
WRKY_1:3910109-3910358_non_binding_1669,1,0.8480955362319946
WRKY_1:3910109-3910358_reference_binding_2315,1,0.8393272757530212
WRKY_1:3962790-3963039_non_binding_748,1,0.910557746887207
WRKY_1:3962790-3963039_reference_binding_2135,1,0.9132387638092041
WRKY_1:4025250-4025499_non_binding_1409,1,0.8711732625961304
WRKY_1:4025250-4025499_non_binding_1442,1,0.8732569217681885
WRKY_1:4025250-4025499_non_binding_1723,1,0.8924200534820557
WRKY_1:4025250-4025499_non_binding_1799,1,0.8959254622459412
WRKY_1:4025250-4025499_non_binding_582,1,0.8654075264930725
WRKY_1:4025250-4025499_non_binding_867,1,0.8649255037307739
WRKY_1:4025250-4025499_reference_binding_2024,1,0.8681927919387817
WRKY_1:4158959-4159208_binding_1169,1,0.8870500326156616
WRKY_1:4158959-4159208_binding_212,1,0.8833727240562439
WRKY_1:4158959-4159208_binding_343,1,0.8795861005783081
WRKY_1:4158959-4159208_non_binding_677,1,0.8837925791740417
WRKY_1:4158959-4159208_reference_binding_1943,1,0.8837454915046692
WRKY_1:4169931-4170180_non_binding_1507,1,0.9069429039955139
WRKY_1:4169931-4170180_non_binding_701,1,0.8997018933296204
WRKY_1:4169931-4170180_non_binding_750,1,0.9130260944366455
WRKY_1:4169931-4170180_non_binding_786,1,0.9077579379081726
WRKY_1:4169931-4170180_reference_binding_2107,1,0.9054785370826721
WRKY_1:4190089-4190338_binding_1040,1,0.8879321217536926
WRKY_1:4190089-4190338_non_binding_1395,1,0.8972870707511902
WRKY_1:4190089-4190338_non_binding_507,1,0.8952033519744873
WRKY_1:4190089-4190338_non_binding_900,1,0.8899404406547546
WRKY_1:4190089-4190338_reference_binding_1962,1,0.8875081539154053
WRKY_1:4205095-4205344_binding_114,1,0.9139798283576965
WRKY_1:4205095-4205344_binding_1241,1,0.8953462243080139
WRKY_1:4205095-4205344_binding_128,1,0.9119945764541626
WRKY_1:4205095-4205344_binding_159,1,0.911054253578186
WRKY_1:4205095-4205344_binding_162,1,0.9108263850212097
WRKY_1:4205095-4205344_binding_187,1,0.9060009121894836
WRKY_1:4205095-4205344_binding_21,1,0.9004328846931458
WRKY_1:4205095-4205344_binding_27,1,0.9056953191757202
WRKY_1:4205095-4205344_binding_317,1,0.9137844443321228
WRKY_1:4205095-4205344_binding_381,1,0.9121066331863403
WRKY_1:4205095-4205344_binding_400,1,0.9134777784347534
WRKY_1:4205095-4205344_binding_425,1,0.9144806265830994
WRKY_1:4205095-4205344_binding_499,1,0.9087569713592529
WRKY_1:4205095-4205344_binding_57,1,0.909295380115509
WRKY_1:4205095-4205344_reference_binding_1895,1,0.9012877345085144
WRKY_1:4259109-4259358_non_binding_1635,1,0.8736734390258789
WRKY_1:4259109-4259358_non_binding_796,1,0.8398138284683228
WRKY_1:4259109-4259358_reference_binding_2162,1,0.8466705083847046
WRKY_1:4304948-4305197_non_binding_1491,1,0.9215048551559448
WRKY_1:4304948-4305197_reference_binding_2305,1,0.9170657396316528
WRKY_1:4390182-4390431_binding_1007,1,0.8772976994514465
WRKY_1:4390182-4390431_binding_1056,1,0.8706660866737366
WRKY_1:4390182-4390431_binding_1149,1,0.8759567141532898
WRKY_1:4390182-4390431_binding_132,1,0.8889588713645935
WRKY_1:4390182-4390431_binding_387,1,0.8876937627792358
WRKY_1:4390182-4390431_non_binding_959,1,0.8740032315254211
WRKY_1:4390182-4390431_reference_binding_1935,1,0.8763233423233032
WRKY_1:4422507-4422756_non_binding_1520,1,0.8803337812423706
WRKY_1:4422507-4422756_non_binding_1622,1,0.8767065405845642
WRKY_1:4422507-4422756_non_binding_1715,1,0.8908573389053345
WRKY_1:4422507-4422756_non_binding_860,1,0.8784522414207458
WRKY_1:4422507-4422756_reference_binding_2198,1,0.8787841200828552
WRKY_1:4483863-4484112_non_binding_974,1,0.9106227159500122
WRKY_1:4483863-4484112_reference_binding_2244,1,0.9106858968734741
WRKY_1:4527039-4527288_binding_1235,1,0.9238174557685852
WRKY_1:4527039-4527288_non_binding_1382,1,0.9255252480506897
WRKY_1:4527039-4527288_non_binding_1447,1,0.922807514667511
WRKY_1:4527039-4527288_non_binding_1516,1,0.9245327115058899
WRKY_1:4527039-4527288_non_binding_1627,1,0.9243241548538208
WRKY_1:4527039-4527288_non_binding_1741,1,0.9253661632537842
WRKY_1:4527039-4527288_non_binding_981,1,0.9213882684707642
WRKY_1:4527039-4527288_reference_binding_2247,1,0.9232681393623352
WRKY_1:4601094-4601343_non_binding_980,1,0.8968728184700012
WRKY_1:4601094-4601343_reference_binding_2246,1,0.8967655301094055
WRKY_1:4609538-4609787_binding_1074,1,0.8978416323661804
WRKY_1:4609538-4609787_binding_108,1,0.9000243544578552
WRKY_1:4609538-4609787_binding_1130,1,0.8964759707450867
WRKY_1:4609538-4609787_binding_1135,1,0.8910703063011169
WRKY_1:4609538-4609787_binding_1212,1,0.8873908519744873
WRKY_1:4609538-4609787_binding_1227,1,0.8925526142120361
WRKY_1:4609538-4609787_binding_1231,1,0.8884150385856628
WRKY_1:4609538-4609787_binding_1300,1,0.8930851221084595
WRKY_1:4609538-4609787_binding_1313,1,0.8856732845306396
WRKY_1:4609538-4609787_binding_137,1,0.8863779902458191
WRKY_1:4609538-4609787_binding_182,1,0.885070264339447
WRKY_1:4609538-4609787_binding_193,1,0.9003400206565857
WRKY_1:4609538-4609787_binding_201,1,0.9041334390640259
WRKY_1:4609538-4609787_binding_235,1,0.8869528770446777
WRKY_1:4609538-4609787_binding_272,1,0.8968079686164856
WRKY_1:4609538-4609787_binding_302,1,0.8959012627601624
WRKY_1:4609538-4609787_binding_342,1,0.9004000425338745
WRKY_1:4609538-4609787_binding_346,1,0.9071227312088013
WRKY_1:4609538-4609787_binding_379,1,0.8959830403327942
WRKY_1:4609538-4609787_binding_391,1,0.8980738520622253
WRKY_1:4609538-4609787_binding_411,1,0.8932788968086243
WRKY_1:4609538-4609787_binding_423,1,0.8891894817352295
WRKY_1:4609538-4609787_binding_431,1,0.9057948589324951
WRKY_1:4609538-4609787_binding_474,1,0.8990895748138428
WRKY_1:4609538-4609787_binding_58,1,0.890909731388092
WRKY_1:4609538-4609787_reference_binding_1914,1,0.8917551636695862
WRKY_1:4716206-4716455_non_binding_1771,1,0.899017870426178
WRKY_1:4716206-4716455_reference_binding_2365,1,0.9015247821807861
WRKY_1:4720578-4720827_non_binding_803,1,0.8356484174728394
WRKY_1:4720578-4720827_non_binding_826,1,0.8440893292427063
WRKY_1:4720578-4720827_reference_binding_2167,1,0.8371458649635315
WRKY_1:4721465-4721714_binding_1,1,0.9236739873886108
WRKY_1:4721465-4721714_binding_1070,1,0.931326687335968
WRKY_1:4721465-4721714_binding_1095,1,0.9315716624259949
WRKY_1:4721465-4721714_binding_1125,1,0.9306002855300903
WRKY_1:4721465-4721714_binding_1134,1,0.9300287365913391
WRKY_1:4721465-4721714_binding_129,1,0.9261284470558167
WRKY_1:4721465-4721714_binding_130,1,0.9269434809684753
WRKY_1:4721465-4721714_binding_1306,1,0.9288294315338135
WRKY_1:4721465-4721714_binding_133,1,0.9275586009025574
WRKY_1:4721465-4721714_binding_1334,1,0.9326224327087402
WRKY_1:4721465-4721714_binding_1352,1,0.9295721054077148
WRKY_1:4721465-4721714_binding_148,1,0.929279088973999
WRKY_1:4721465-4721714_binding_151,1,0.9305758476257324
WRKY_1:4721465-4721714_binding_175,1,0.9250143766403198
WRKY_1:4721465-4721714_binding_176,1,0.9269863367080688
WRKY_1:4721465-4721714_binding_263,1,0.9242557287216187
WRKY_1:4721465-4721714_binding_3,1,0.9263025522232056
WRKY_1:4721465-4721714_binding_319,1,0.9265382289886475
WRKY_1:4721465-4721714_binding_320,1,0.9252179265022278
WRKY_1:4721465-4721714_binding_351,1,0.9254420399665833
WRKY_1:4721465-4721714_binding_417,1,0.9272469878196716
WRKY_1:4721465-4721714_binding_427,1,0.9260045886039734
WRKY_1:4721465-4721714_binding_446,1,0.9285811185836792
WRKY_1:4721465-4721714_binding_457,1,0.9271258115768433
WRKY_1:4721465-4721714_binding_459,1,0.9260514974594116
WRKY_1:4721465-4721714_binding_462,1,0.9262821078300476
WRKY_1:4721465-4721714_binding_468,1,0.9263524413108826
WRKY_1:4721465-4721714_binding_53,1,0.9277092814445496
WRKY_1:4721465-4721714_binding_75,1,0.9269805550575256
WRKY_1:4721465-4721714_binding_82,1,0.9266242384910583
WRKY_1:4721465-4721714_binding_86,1,0.9267229437828064
WRKY_1:4721465-4721714_reference_binding_1881,1,0.9315291047096252
WRKY_1:4804587-4804836_binding_1092,1,0.9223996996879578
WRKY_1:4804587-4804836_binding_1138,1,0.9212678670883179
WRKY_1:4804587-4804836_binding_1284,1,0.9209531545639038
WRKY_1:4804587-4804836_reference_binding_2265,1,0.9213359951972961
WRKY_1:4865935-4866184_non_binding_1484,1,0.8625537753105164
WRKY_1:4865935-4866184_non_binding_535,1,0.8612459301948547
WRKY_1:4865935-4866184_non_binding_762,1,0.8621842861175537
WRKY_1:4865935-4866184_reference_binding_1988,1,0.8609988689422607
WRKY_1:5012628-5012877_non_binding_1407,1,0.9150440692901611
WRKY_1:5012628-5012877_non_binding_1633,1,0.9250031113624573
WRKY_1:5012628-5012877_non_binding_1747,1,0.9221324920654297
WRKY_1:5012628-5012877_non_binding_831,1,0.9108303785324097
WRKY_1:5012628-5012877_reference_binding_2185,1,0.9130309820175171
WRKY_1:5014036-5014285_binding_11,1,0.7683212161064148
WRKY_1:5014036-5014285_binding_388,1,0.7670860290527344
WRKY_1:5014036-5014285_non_binding_591,1,0.7475149035453796
WRKY_1:5014036-5014285_reference_binding_1890,1,0.7511814832687378
WRKY_1:5107949-5108198_non_binding_1568,1,0.9131755828857422
WRKY_1:5107949-5108198_non_binding_1798,1,0.9198607802391052
WRKY_1:5107949-5108198_non_binding_940,1,0.9183452725410461
WRKY_1:5107949-5108198_reference_binding_2230,1,0.9146624207496643
WRKY_1:5109344-5109593_binding_1062,1,0.8974122405052185
WRKY_1:5109344-5109593_binding_1162,1,0.887085497379303
WRKY_1:5109344-5109593_non_binding_640,1,0.892246425151825
WRKY_1:5109344-5109593_reference_binding_2066,1,0.8914064168930054
WRKY_1:5232479-5232728_non_binding_1429,1,0.8652973771095276
WRKY_1:5232479-5232728_non_binding_729,1,0.8736719489097595
WRKY_1:5232479-5232728_reference_binding_2122,1,0.8664913773536682
WRKY_1:534552-534801_non_binding_627,1,0.9026657938957214
WRKY_1:534552-534801_reference_binding_2056,1,0.8966615200042725
WRKY_1:5379198-5379447_non_binding_679,1,0.8870902061462402
WRKY_1:5379198-5379447_reference_binding_2093,1,0.8868089318275452
WRKY_1:5403809-5404058_non_binding_1557,1,0.9027141332626343
WRKY_1:5403809-5404058_non_binding_728,1,0.9012171030044556
WRKY_1:5403809-5404058_reference_binding_2121,1,0.9041703939437866
WRKY_1:5410613-5410862_non_binding_1424,1,0.8948509693145752
WRKY_1:5410613-5410862_non_binding_1464,1,0.8933624625205994
WRKY_1:5410613-5410862_non_binding_1587,1,0.8918644785881042
WRKY_1:5410613-5410862_non_binding_1675,1,0.9055278301239014
WRKY_1:5410613-5410862_non_binding_1838,1,0.9053863286972046
WRKY_1:5410613-5410862_non_binding_594,1,0.8865672945976257
WRKY_1:5410613-5410862_reference_binding_2032,1,0.8922223448753357
WRKY_1:5415336-5415585_non_binding_934,1,0.8653531670570374
WRKY_1:5415336-5415585_reference_binding_2228,1,0.8654203414916992
WRKY_1:5538228-5538477_binding_1036,1,0.8910396695137024
WRKY_1:5538228-5538477_binding_1086,1,0.8948878049850464
WRKY_1:5538228-5538477_binding_1098,1,0.8890814781188965
WRKY_1:5538228-5538477_binding_1137,1,0.8792067766189575
WRKY_1:5538228-5538477_binding_1152,1,0.8881521224975586
WRKY_1:5538228-5538477_binding_1163,1,0.8951658606529236
WRKY_1:5538228-5538477_binding_1223,1,0.8908651471138
WRKY_1:5538228-5538477_binding_1244,1,0.8886110186576843
WRKY_1:5538228-5538477_binding_1292,1,0.8960310816764832
WRKY_1:5538228-5538477_binding_1327,1,0.8943771123886108
WRKY_1:5538228-5538477_binding_1342,1,0.8862076997756958
WRKY_1:5538228-5538477_binding_1361,1,0.8861647844314575
WRKY_1:5538228-5538477_binding_1376,1,0.8860763907432556
WRKY_1:5538228-5538477_binding_15,1,0.8827686905860901
WRKY_1:5538228-5538477_binding_213,1,0.8962927460670471
WRKY_1:5538228-5538477_binding_228,1,0.8866015076637268
WRKY_1:5538228-5538477_binding_230,1,0.9029541015625
WRKY_1:5538228-5538477_binding_283,1,0.8869609832763672
WRKY_1:5538228-5538477_binding_397,1,0.8855194449424744
WRKY_1:5538228-5538477_binding_403,1,0.885541558265686
WRKY_1:5538228-5538477_binding_487,1,0.8871181011199951
WRKY_1:5538228-5538477_binding_492,1,0.88816899061203
WRKY_1:5538228-5538477_binding_51,1,0.8844698071479797
WRKY_1:5538228-5538477_binding_9,1,0.9004002213478088
WRKY_1:5538228-5538477_reference_binding_1888,1,0.8917692303657532
WRKY_1:5695815-5696064_non_binding_1653,1,0.7917065024375916
WRKY_1:5695815-5696064_reference_binding_2335,1,0.7899268269538879
WRKY_1:5751559-5751808_binding_251,1,0.9277628660202026
WRKY_1:5751559-5751808_non_binding_1802,1,0.9294417500495911
WRKY_1:5751559-5751808_reference_binding_1946,1,0.9349896907806396
WRKY_1:5777991-5778240_non_binding_1787,1,0.8832714557647705
WRKY_1:5777991-5778240_non_binding_1797,1,0.8821857571601868
WRKY_1:5777991-5778240_non_binding_500,1,0.8777588605880737
WRKY_1:5777991-5778240_reference_binding_1957,1,0.8844385147094727
WRKY_1:5790536-5790785_non_binding_767,1,0.8984549641609192
WRKY_1:5790536-5790785_non_binding_824,1,0.9004353284835815
WRKY_1:5790536-5790785_reference_binding_2147,1,0.900128960609436
WRKY_1:5818069-5818318_binding_1060,1,0.9060894846916199
WRKY_1:5818069-5818318_reference_binding_2260,1,0.9013486504554749
WRKY_1:5833708-5833957_binding_1002,1,0.8443632125854492
WRKY_1:5833708-5833957_binding_1058,1,0.8447039723396301
WRKY_1:5833708-5833957_binding_1084,1,0.8465562462806702
WRKY_1:5833708-5833957_binding_1166,1,0.8480398058891296
WRKY_1:5833708-5833957_binding_1274,1,0.8457171320915222
WRKY_1:5833708-5833957_binding_1295,1,0.8487269878387451
WRKY_1:5833708-5833957_binding_1326,1,0.8483911752700806
WRKY_1:5833708-5833957_binding_1341,1,0.8464038372039795
WRKY_1:5833708-5833957_binding_1362,1,0.8381586670875549
WRKY_1:5833708-5833957_binding_1374,1,0.84035724401474
WRKY_1:5833708-5833957_binding_155,1,0.8369462490081787
WRKY_1:5833708-5833957_binding_185,1,0.830281138420105
WRKY_1:5833708-5833957_binding_225,1,0.8389618992805481
WRKY_1:5833708-5833957_binding_330,1,0.8398225903511047
WRKY_1:5833708-5833957_binding_34,1,0.829721987247467
WRKY_1:5833708-5833957_binding_477,1,0.8400195837020874
WRKY_1:5833708-5833957_binding_63,1,0.8445178270339966
WRKY_1:5833708-5833957_non_binding_544,1,0.8427974581718445
WRKY_1:5833708-5833957_reference_binding_1902,1,0.8474916815757751
WRKY_1:5833977-5834226_binding_1064,1,0.9043179750442505
WRKY_1:5833977-5834226_non_binding_1505,1,0.9041615128517151
WRKY_1:5833977-5834226_non_binding_741,1,0.8976371884346008
WRKY_1:5833977-5834226_non_binding_896,1,0.9053105115890503
WRKY_1:5833977-5834226_reference_binding_2130,1,0.9020200967788696
WRKY_1:5974594-5974843_non_binding_795,1,0.8528745174407959
WRKY_1:5974594-5974843_reference_binding_2161,1,0.8537058234214783
WRKY_1:6018009-6018258_non_binding_1846,1,0.8117643594741821
WRKY_1:6018009-6018258_non_binding_715,1,0.8329159021377563
WRKY_1:6018009-6018258_non_binding_989,1,0.8336418867111206
WRKY_1:6018009-6018258_reference_binding_2118,1,0.8305820226669312
WRKY_1:6067873-6068122_binding_24,1,0.898844301700592
WRKY_1:6067873-6068122_binding_274,1,0.8955581784248352
WRKY_1:6067873-6068122_binding_353,1,0.8926638960838318
WRKY_1:6067873-6068122_binding_376,1,0.8974944949150085
WRKY_1:6067873-6068122_non_binding_540,1,0.8856865763664246
WRKY_1:6067873-6068122_reference_binding_1897,1,0.8945779204368591
WRKY_1:610438-610687_non_binding_1405,1,0.8990314602851868
WRKY_1:610438-610687_non_binding_756,1,0.9068717360496521
WRKY_1:610438-610687_non_binding_846,1,0.9101603031158447
WRKY_1:610438-610687_reference_binding_2141,1,0.9032548666000366
WRKY_1:6197198-6197447_non_binding_1467,1,0.9085543155670166
WRKY_1:6197198-6197447_non_binding_749,1,0.9049365520477295
WRKY_1:6197198-6197447_non_binding_978,1,0.9126904010772705
WRKY_1:6197198-6197447_reference_binding_2136,1,0.9084590077400208
WRKY_1:6198574-6198823_non_binding_1384,1,0.8576018810272217
WRKY_1:6198574-6198823_non_binding_1782,1,0.8794166445732117
WRKY_1:6198574-6198823_non_binding_754,1,0.8518274426460266
WRKY_1:6198574-6198823_reference_binding_2139,1,0.8539544939994812
WRKY_1:6248649-6248898_non_binding_734,1,0.8095163106918335
WRKY_1:6248649-6248898_reference_binding_2125,1,0.8082877993583679
WRKY_1:627146-627395_binding_1015,1,0.85426265001297
WRKY_1:627146-627395_binding_1142,1,0.8537148833274841
WRKY_1:627146-627395_reference_binding_2255,1,0.8551743626594543
WRKY_1:6300274-6300523_non_binding_1733,1,0.8789728879928589
WRKY_1:6300274-6300523_reference_binding_2356,1,0.874093234539032
WRKY_1:6373088-6373337_non_binding_881,1,0.8867654204368591
WRKY_1:6373088-6373337_reference_binding_2207,1,0.8843098282814026
WRKY_1:6432186-6432435_binding_1254,1,0.9092766046524048
WRKY_1:6432186-6432435_non_binding_821,1,0.9163380861282349
WRKY_1:6432186-6432435_reference_binding_2178,1,0.9116159081459045
WRKY_1:658161-658410_binding_158,1,0.9016980528831482
WRKY_1:658161-658410_binding_444,1,0.901432991027832
WRKY_1:658161-658410_reference_binding_1940,1,0.9037986397743225
WRKY_1:6619800-6620049_non_binding_1526,1,0.91490638256073
WRKY_1:6619800-6620049_reference_binding_2311,1,0.9164974093437195
WRKY_1:6621246-6621495_binding_1050,1,0.8952900171279907
WRKY_1:6621246-6621495_binding_154,1,0.9040563106536865
WRKY_1:6621246-6621495_binding_210,1,0.9114305973052979
WRKY_1:6621246-6621495_binding_224,1,0.896828293800354
WRKY_1:6621246-6621495_binding_295,1,0.906558632850647
WRKY_1:6621246-6621495_binding_309,1,0.9090067744255066
WRKY_1:6621246-6621495_binding_358,1,0.9074439406394958
WRKY_1:6621246-6621495_binding_421,1,0.9030574560165405
WRKY_1:6621246-6621495_binding_67,1,0.9134700894355774
WRKY_1:6621246-6621495_non_binding_853,1,0.8973469734191895
WRKY_1:6621246-6621495_reference_binding_1918,1,0.9006189703941345
WRKY_1:6625391-6625640_binding_116,1,0.8237749338150024
WRKY_1:6625391-6625640_binding_1282,1,0.8421399593353271
WRKY_1:6625391-6625640_binding_1304,1,0.840631902217865
WRKY_1:6625391-6625640_binding_1322,1,0.8506573438644409
WRKY_1:6625391-6625640_binding_1346,1,0.8352640271186829
WRKY_1:6625391-6625640_binding_368,1,0.8309931755065918
WRKY_1:6625391-6625640_non_binding_739,1,0.8520092368125916
WRKY_1:6625391-6625640_non_binding_747,1,0.8342989683151245
WRKY_1:6625391-6625640_reference_binding_1931,1,0.8387273550033569
WRKY_1:6652554-6652803_non_binding_764,1,0.8587523102760315
WRKY_1:6728233-6728482_non_binding_755,1,0.8645827174186707
WRKY_1:6728233-6728482_reference_binding_2140,1,0.8708239793777466
WRKY_1:6746795-6747044_binding_1264,1,0.7490881681442261
WRKY_1:6746795-6747044_reference_binding_2279,1,0.7552169561386108
WRKY_1:6766656-6766905_binding_50,1,0.8848142027854919
WRKY_1:6766656-6766905_reference_binding_1912,1,0.8933520317077637
WRKY_1:6791933-6792182_binding_100,1,0.8801062107086182
WRKY_1:6791933-6792182_binding_1001,1,0.8810980916023254
WRKY_1:6791933-6792182_binding_1090,1,0.8750098347663879
WRKY_1:6791933-6792182_binding_1147,1,0.879944920539856
WRKY_1:6791933-6792182_binding_1217,1,0.8809245824813843
WRKY_1:6791933-6792182_binding_1285,1,0.8801556825637817
WRKY_1:6791933-6792182_binding_1287,1,0.8812185525894165
WRKY_1:6791933-6792182_binding_1311,1,0.8796030282974243
WRKY_1:6791933-6792182_binding_1316,1,0.8807693719863892
WRKY_1:6791933-6792182_binding_1324,1,0.8852542638778687
WRKY_1:6791933-6792182_binding_1344,1,0.8767972588539124
WRKY_1:6791933-6792182_binding_1360,1,0.8787419199943542
WRKY_1:6791933-6792182_binding_163,1,0.8813204169273376
WRKY_1:6791933-6792182_binding_223,1,0.8861903548240662
WRKY_1:6791933-6792182_binding_252,1,0.8616652488708496
WRKY_1:6791933-6792182_binding_301,1,0.880723774433136
WRKY_1:6791933-6792182_binding_380,1,0.8724433779716492
WRKY_1:6791933-6792182_binding_466,1,0.8773868680000305
WRKY_1:6791933-6792182_binding_7,1,0.8817211985588074
WRKY_1:6791933-6792182_non_binding_1388,1,0.8745207190513611
WRKY_1:6791933-6792182_reference_binding_1886,1,0.8736826777458191
WRKY_1:6914327-6914576_non_binding_1826,1,0.8899015188217163
WRKY_1:6914327-6914576_non_binding_816,1,0.8887647986412048
WRKY_1:6914327-6914576_non_binding_935,1,0.8890044689178467
WRKY_1:6914327-6914576_reference_binding_2176,1,0.8886752128601074
WRKY_1:7050399-7050648_binding_1123,1,0.8679957389831543
WRKY_1:7050399-7050648_reference_binding_2271,1,0.8724307417869568
WRKY_1:706670-706919_binding_98,1,0.8746629357337952
WRKY_1:706670-706919_non_binding_949,1,0.8709139823913574
WRKY_1:706670-706919_reference_binding_1928,1,0.8663500547409058
WRKY_1:7083177-7083426_non_binding_1430,1,0.9079561233520508
WRKY_1:7083177-7083426_reference_binding_2291,1,0.9084907174110413
WRKY_1:7106704-7106953_non_binding_1750,1,0.8919051289558411
WRKY_1:7106704-7106953_non_binding_1800,1,0.886482298374176
WRKY_1:7106704-7106953_non_binding_1813,1,0.8910031914710999
WRKY_1:7106704-7106953_reference_binding_2360,1,0.8776997327804565
WRKY_1:7171123-7171372_binding_1003,1,0.9080345034599304
WRKY_1:7171123-7171372_binding_1087,1,0.913061797618866
WRKY_1:7171123-7171372_binding_1247,1,0.9045891761779785
WRKY_1:7171123-7171372_reference_binding_2252,1,0.9083361625671387
WRKY_1:7188402-7188651_non_binding_1616,1,0.9089576601982117
WRKY_1:7188402-7188651_non_binding_799,1,0.901135265827179
WRKY_1:7188402-7188651_reference_binding_2164,1,0.9058113694190979
WRKY_1:724003-724252_non_binding_1566,1,0.9228551387786865
WRKY_1:724003-724252_reference_binding_2320,1,0.9219396114349365
WRKY_1:7261084-7261333_non_binding_1641,1,0.9167526364326477
WRKY_1:7261084-7261333_non_binding_1683,1,0.9159317016601562
WRKY_1:7261084-7261333_non_binding_574,1,0.9132091403007507
WRKY_1:7375596-7375845_non_binding_1649,1,0.8946161866188049
WRKY_1:7375596-7375845_non_binding_1654,1,0.899074912071228
WRKY_1:7375596-7375845_non_binding_1691,1,0.8987026810646057
WRKY_1:7375596-7375845_non_binding_1756,1,0.8987207412719727
WRKY_1:7375596-7375845_non_binding_852,1,0.8981157541275024
WRKY_1:7375596-7375845_reference_binding_2194,1,0.8916286826133728
WRKY_1:7392926-7393175_non_binding_1588,1,0.9111728668212891
WRKY_1:7392926-7393175_non_binding_1666,1,0.9014561772346497
WRKY_1:7392926-7393175_non_binding_1804,1,0.9017565250396729
WRKY_1:7392926-7393175_non_binding_1836,1,0.8987075686454773
WRKY_1:7392926-7393175_reference_binding_2322,1,0.9131696820259094
WRKY_1:7448351-7448600_binding_1109,1,0.8212948441505432
WRKY_1:7448351-7448600_binding_253,1,0.8650846481323242
WRKY_1:7448351-7448600_non_binding_1662,1,0.8710933327674866
WRKY_1:7448351-7448600_non_binding_1671,1,0.8717062473297119
WRKY_1:7448351-7448600_reference_binding_1947,1,0.8290311098098755
WRKY_1:7491189-7491438_non_binding_1492,1,0.9186258316040039
WRKY_1:7491189-7491438_non_binding_1570,1,0.9165747165679932
WRKY_1:7491189-7491438_non_binding_1693,1,0.9280236959457397
WRKY_1:7491189-7491438_non_binding_636,1,0.9174167513847351
WRKY_1:7491189-7491438_non_binding_645,1,0.9179508090019226
WRKY_1:7491189-7491438_non_binding_809,1,0.9192765951156616
WRKY_1:7491189-7491438_reference_binding_2062,1,0.9176945090293884
WRKY_1:7508589-7508838_binding_1154,1,0.9071494936943054
WRKY_1:7508589-7508838_binding_1213,1,0.9041174650192261
WRKY_1:7508589-7508838_binding_1268,1,0.9024762511253357
WRKY_1:7508589-7508838_binding_1315,1,0.9053657650947571
WRKY_1:7508589-7508838_binding_1336,1,0.9012520909309387
WRKY_1:7508589-7508838_non_binding_1502,1,0.9101635813713074
WRKY_1:7508589-7508838_non_binding_1552,1,0.8991871476173401
WRKY_1:7508589-7508838_non_binding_1556,1,0.9076372981071472
WRKY_1:7508589-7508838_non_binding_1597,1,0.9076213240623474
WRKY_1:7508589-7508838_non_binding_792,1,0.912842333316803
WRKY_1:7508589-7508838_non_binding_960,1,0.9090591073036194
WRKY_1:7508589-7508838_non_binding_970,1,0.896564245223999
WRKY_1:7508589-7508838_reference_binding_2160,1,0.9070321321487427
WRKY_1:7529158-7529407_non_binding_1665,1,0.8977482318878174
WRKY_1:7529158-7529407_non_binding_811,1,0.895088255405426
WRKY_1:7529158-7529407_reference_binding_2172,1,0.8892907500267029
WRKY_1:7553229-7553478_non_binding_1760,1,0.9237423539161682
WRKY_1:7553229-7553478_non_binding_1801,1,0.9259706139564514
WRKY_1:7553229-7553478_non_binding_1878,1,0.924137532711029
WRKY_1:7553229-7553478_non_binding_1879,1,0.9192607402801514
WRKY_1:7553229-7553478_reference_binding_2361,1,0.9241219758987427
WRKY_1:7627766-7628015_non_binding_1423,1,0.8641758561134338
WRKY_1:7627766-7628015_reference_binding_2290,1,0.8747867345809937
WRKY_1:7661304-7661553_binding_127,1,0.9041595458984375
WRKY_1:7661304-7661553_binding_1275,1,0.905149519443512
WRKY_1:7661304-7661553_binding_1301,1,0.9052719473838806
WRKY_1:7661304-7661553_binding_298,1,0.9038029909133911
WRKY_1:7661304-7661553_binding_303,1,0.9044697284698486
WRKY_1:7661304-7661553_binding_308,1,0.9010838866233826
WRKY_1:7661304-7661553_binding_352,1,0.9069510102272034
WRKY_1:7661304-7661553_binding_87,1,0.9040631651878357
WRKY_1:7661304-7661553_non_binding_1427,1,0.9085322618484497
WRKY_1:7661304-7661553_non_binding_1465,1,0.9054685831069946
WRKY_1:7661304-7661553_non_binding_1537,1,0.9066972136497498
WRKY_1:7661304-7661553_non_binding_1554,1,0.910348653793335
WRKY_1:7661304-7661553_non_binding_1589,1,0.9031081795692444
WRKY_1:7661304-7661553_non_binding_1608,1,0.9115377068519592
WRKY_1:7661304-7661553_non_binding_502,1,0.8976960182189941
WRKY_1:7661304-7661553_reference_binding_1925,1,0.9043747782707214
WRKY_1:7813734-7813983_non_binding_932,1,0.9068080186843872
WRKY_1:7813734-7813983_non_binding_991,1,0.9023370742797852
WRKY_1:7813734-7813983_reference_binding_2227,1,0.9067763090133667
WRKY_1:7861658-7861907_non_binding_943,1,0.8313628435134888
WRKY_1:7861658-7861907_reference_binding_2231,1,0.8183228969573975
WRKY_1:7897705-7897954_non_binding_1697,1,0.9152337312698364
WRKY_1:7897705-7897954_reference_binding_2349,1,0.9101238250732422
WRKY_1:7910420-7910669_non_binding_1394,1,0.9052899479866028
WRKY_1:7910420-7910669_non_binding_563,1,0.9000897407531738
WRKY_1:7910420-7910669_non_binding_665,1,0.8999991416931152
WRKY_1:7910420-7910669_reference_binding_2007,1,0.9009077548980713
WRKY_1:8024095-8024344_non_binding_1478,1,0.9169963002204895
WRKY_1:8024095-8024344_non_binding_1640,1,0.9214911460876465
WRKY_1:8024095-8024344_non_binding_1646,1,0.9249329566955566
WRKY_1:8024095-8024344_non_binding_1783,1,0.9221623539924622
WRKY_1:8024095-8024344_non_binding_1817,1,0.9248585104942322
WRKY_1:8024095-8024344_reference_binding_2302,1,0.9219824075698853
WRKY_1:8049090-8049339_binding_1069,1,0.8764874339103699
WRKY_1:8049090-8049339_reference_binding_2261,1,0.8756347894668579
WRKY_1:8073307-8073556_non_binding_1740,1,0.8389822244644165
WRKY_1:8073307-8073556_non_binding_576,1,0.8377414345741272
WRKY_1:8073307-8073556_non_binding_716,1,0.8466702699661255
WRKY_1:8073307-8073556_reference_binding_2019,1,0.8435264825820923
WRKY_1:8212035-8212284_binding_1243,1,0.8756584525108337
WRKY_1:8212035-8212284_non_binding_926,1,0.8769661784172058
WRKY_1:8212035-8212284_reference_binding_2224,1,0.8770440220832825
WRKY_1:8212578-8212827_binding_1067,1,0.87727290391922
WRKY_1:8212578-8212827_binding_1085,1,0.8804892897605896
WRKY_1:8212578-8212827_binding_1181,1,0.8789150714874268
WRKY_1:8212578-8212827_binding_1184,1,0.8744142055511475
WRKY_1:8212578-8212827_binding_1229,1,0.8827430605888367
WRKY_1:8212578-8212827_binding_1252,1,0.8782541751861572
WRKY_1:8212578-8212827_binding_1356,1,0.8783852458000183
WRKY_1:8212578-8212827_binding_171,1,0.8690891265869141
WRKY_1:8212578-8212827_binding_268,1,0.8828291296958923
WRKY_1:8212578-8212827_binding_334,1,0.8671801090240479
WRKY_1:8212578-8212827_binding_42,1,0.8717470169067383
WRKY_1:8212578-8212827_binding_433,1,0.8722933530807495
WRKY_1:8220945-8221194_non_binding_884,1,0.8600596189498901
WRKY_1:8220945-8221194_reference_binding_2210,1,0.8570073246955872
WRKY_1:8260304-8260553_non_binding_1639,1,0.8858010768890381
WRKY_1:8260304-8260553_reference_binding_1987,1,0.8699029088020325
WRKY_1:8354504-8354753_non_binding_1420,1,0.8829956650733948
WRKY_1:8354504-8354753_non_binding_775,1,0.8848357796669006
WRKY_1:8354504-8354753_reference_binding_2152,1,0.8805823922157288
WRKY_1:8360342-8360591_non_binding_661,1,0.8946810960769653
WRKY_1:8360342-8360591_reference_binding_2080,1,0.8925625681877136
WRKY_1:8368541-8368790_non_binding_1385,1,0.8657118082046509
WRKY_1:8368541-8368790_non_binding_1517,1,0.8670824766159058
WRKY_1:8368541-8368790_non_binding_1582,1,0.8653918504714966
WRKY_1:8368541-8368790_non_binding_1600,1,0.8632631301879883
WRKY_1:8368541-8368790_non_binding_872,1,0.8619991540908813
WRKY_1:8368541-8368790_reference_binding_2205,1,0.864892840385437
WRKY_1:8514806-8515055_non_binding_1535,1,0.8724968433380127
WRKY_1:8514806-8515055_non_binding_1833,1,0.8860228657722473
WRKY_1:8514806-8515055_non_binding_606,1,0.8720669150352478
WRKY_1:8514806-8515055_reference_binding_2042,1,0.8714892268180847
WRKY_1:8537256-8537505_binding_1168,1,0.8829647302627563
WRKY_1:8537256-8537505_binding_166,1,0.8710723519325256
WRKY_1:8537256-8537505_binding_197,1,0.8723715543746948
WRKY_1:8537256-8537505_binding_257,1,0.8696466684341431
WRKY_1:8537256-8537505_binding_41,1,0.8810105919837952
WRKY_1:8537256-8537505_non_binding_983,1,0.8775057196617126
WRKY_1:8537256-8537505_reference_binding_1906,1,0.8841001987457275
WRKY_1:855782-856031_binding_10,1,0.9350190758705139
WRKY_1:855782-856031_binding_1009,1,0.9399847984313965
WRKY_1:855782-856031_binding_1014,1,0.9385320544242859
WRKY_1:855782-856031_binding_1158,1,0.9384996891021729
WRKY_1:855782-856031_binding_1175,1,0.938256561756134
WRKY_1:855782-856031_binding_1262,1,0.9393114447593689
WRKY_1:855782-856031_binding_1307,1,0.9401693344116211
WRKY_1:855782-856031_binding_1347,1,0.9383121728897095
WRKY_1:855782-856031_binding_1350,1,0.9390742182731628
WRKY_1:855782-856031_binding_1353,1,0.941369354724884
WRKY_1:855782-856031_binding_291,1,0.9367207884788513
WRKY_1:855782-856031_non_binding_583,1,0.9420518279075623
WRKY_1:855782-856031_non_binding_920,1,0.9420265555381775
WRKY_1:855782-856031_reference_binding_1889,1,0.9404277801513672
WRKY_1:8585800-8586049_non_binding_988,1,0.8644381761550903
WRKY_1:8585800-8586049_reference_binding_2250,1,0.8714207410812378
WRKY_1:8686138-8686387_non_binding_1586,1,0.921297013759613
WRKY_1:8686138-8686387_non_binding_621,1,0.9229857921600342
WRKY_1:8686138-8686387_non_binding_909,1,0.9114145040512085
WRKY_1:8686138-8686387_reference_binding_2053,1,0.9197304844856262
WRKY_1:8747405-8747654_binding_105,1,0.8672020435333252
WRKY_1:8747405-8747654_binding_231,1,0.874211311340332
WRKY_1:8747405-8747654_binding_336,1,0.873371422290802
WRKY_1:8747405-8747654_binding_367,1,0.8724221587181091
WRKY_1:8747405-8747654_binding_85,1,0.872948169708252
WRKY_1:8747405-8747654_non_binding_620,1,0.8707085847854614
WRKY_1:8747405-8747654_reference_binding_1924,1,0.8704630732536316
WRKY_1:8773118-8773367_non_binding_798,1,0.9177994132041931
WRKY_1:8787497-8787746_non_binding_656,1,0.9225538372993469
WRKY_1:8787497-8787746_non_binding_870,1,0.9182047843933105
WRKY_1:8787497-8787746_non_binding_963,1,0.9208170771598816
WRKY_1:8787497-8787746_reference_binding_2076,1,0.924842357635498
WRKY_1:880343-880592_non_binding_553,1,0.8865669369697571
WRKY_1:880343-880592_non_binding_758,1,0.8715854287147522
WRKY_1:880343-880592_non_binding_879,1,0.8870736360549927
WRKY_1:880343-880592_reference_binding_2000,1,0.8756102323532104
WRKY_1:8824404-8824653_non_binding_1877,1,0.9149354100227356
WRKY_1:8846538-8846787_non_binding_1592,1,0.9309421181678772
WRKY_1:8846538-8846787_non_binding_1619,1,0.9297727346420288
WRKY_1:8846538-8846787_non_binding_562,1,0.9292306303977966
WRKY_1:8846538-8846787_reference_binding_2006,1,0.9302302598953247
WRKY_1:8863563-8863812_non_binding_1638,1,0.8979630470275879
WRKY_1:8863563-8863812_non_binding_613,1,0.9013301134109497
WRKY_1:8863563-8863812_reference_binding_2047,1,0.9029690623283386
WRKY_1:8864269-8864518_non_binding_1418,1,0.8610203862190247
WRKY_1:8864269-8864518_non_binding_648,1,0.8616166114807129
WRKY_1:8864269-8864518_reference_binding_2071,1,0.8612414598464966
WRKY_1:9027722-9027971_non_binding_1456,1,0.8918598294258118
WRKY_1:9027722-9027971_reference_binding_2299,1,0.8869878053665161
WRKY_1:903958-904207_binding_1011,1,0.9366942048072815
WRKY_1:903958-904207_binding_1317,1,0.9338753819465637
WRKY_1:903958-904207_non_binding_1529,1,0.9361708760261536
WRKY_1:903958-904207_non_binding_1555,1,0.9377148747444153
WRKY_1:903958-904207_non_binding_819,1,0.9362673163414001
WRKY_1:903958-904207_non_binding_898,1,0.9373094439506531
WRKY_1:903958-904207_reference_binding_2177,1,0.9370704889297485
WRKY_1:9127761-9128010_non_binding_518,1,0.8722165822982788
WRKY_1:9127761-9128010_non_binding_999,1,0.8598111867904663
WRKY_1:9127761-9128010_reference_binding_1971,1,0.8761566281318665
WRKY_1:9209492-9209741_non_binding_1656,1,0.9100241661071777
WRKY_1:9209492-9209741_reference_binding_2336,1,0.8933928608894348
WRKY_1:9320986-9321235_binding_1164,1,0.8853698372840881
WRKY_1:9320986-9321235_non_binding_1778,1,0.8931280970573425
WRKY_1:9320986-9321235_non_binding_584,1,0.8923313021659851
WRKY_1:9320986-9321235_reference_binding_2025,1,0.8919083476066589
WRKY_1:9394782-9395031_non_binding_1700,1,0.8990823030471802
WRKY_1:9394782-9395031_non_binding_1853,1,0.8989250659942627
WRKY_1:9394782-9395031_non_binding_1854,1,0.8921419978141785
WRKY_1:9394782-9395031_non_binding_789,1,0.8846043348312378
WRKY_1:9394782-9395031_reference_binding_2157,1,0.8820638656616211
WRKY_1:9434202-9434451_non_binding_1696,1,0.915540874004364
WRKY_1:9434202-9434451_non_binding_712,1,0.9198637008666992
WRKY_1:9434202-9434451_reference_binding_2116,1,0.9181123375892639
WRKY_1:9481162-9481411_non_binding_1746,1,0.9163175821304321
WRKY_1:9481162-9481411_non_binding_815,1,0.9226758480072021
WRKY_1:9481162-9481411_reference_binding_2175,1,0.9192047715187073
WRKY_1:9516577-9516826_non_binding_1724,1,0.865061342716217
WRKY_1:9516577-9516826_reference_binding_2353,1,0.8590846657752991
WRKY_1:9544169-9544418_non_binding_585,1,0.8622043132781982
WRKY_1:9544169-9544418_reference_binding_2026,1,0.8667365312576294
WRKY_1:9608800-9609049_binding_121,1,0.8697769641876221
WRKY_1:9608800-9609049_non_binding_624,1,0.8857129216194153
WRKY_1:9608800-9609049_reference_binding_1933,1,0.8767527937889099
WRKY_1:9610929-9611178_non_binding_1449,1,0.9289498329162598
WRKY_1:9610929-9611178_reference_binding_2295,1,0.9252757430076599
WRKY_1:9698945-9699194_binding_1127,1,0.8507595658302307
WRKY_1:9698945-9699194_reference_binding_2272,1,0.8519899845123291
WRKY_1:9701045-9701294_non_binding_1533,1,0.8949229717254639
WRKY_1:9701045-9701294_reference_binding_2313,1,0.8950051665306091
WRKY_1:9775064-9775313_binding_1144,1,0.9036685228347778
WRKY_1:9775064-9775313_non_binding_1695,1,0.8992146253585815
WRKY_1:9775064-9775313_non_binding_791,1,0.9078888893127441
WRKY_1:9775064-9775313_non_binding_938,1,0.9040856957435608
WRKY_1:9775064-9775313_reference_binding_2159,1,0.9007112979888916
WRKY_1:9871146-9871395_binding_118,1,0.8989942073822021
WRKY_1:9871146-9871395_binding_140,1,0.9004310965538025
WRKY_1:9871146-9871395_binding_145,1,0.8987328410148621
WRKY_1:9871146-9871395_binding_195,1,0.8955055475234985
WRKY_1:9871146-9871395_binding_237,1,0.8992047309875488
WRKY_1:9871146-9871395_binding_281,1,0.8971123695373535
WRKY_1:9871146-9871395_binding_322,1,0.896349310874939
WRKY_1:9871146-9871395_binding_430,1,0.8888708353042603
WRKY_1:9871146-9871395_binding_61,1,0.8956161737442017
WRKY_1:9871146-9871395_non_binding_1443,1,0.9029409289360046
WRKY_1:9871146-9871395_non_binding_623,1,0.9013318419456482
WRKY_1:9871146-9871395_non_binding_779,1,0.8974515795707703
WRKY_1:9871146-9871395_reference_binding_1916,1,0.9032972455024719
WRKY_1:9884620-9884869_reference_binding_2030,1,0.914898157119751
WRKY_1:992691-992940_non_binding_1850,1,0.8292099833488464
WRKY_1:992691-992940_reference_binding_2374,1,0.8303553462028503
WRKY_1:9939573-9939822_non_binding_1446,1,0.9081664681434631
WRKY_1:9939573-9939822_non_binding_1522,1,0.9062246680259705
WRKY_1:9939573-9939822_non_binding_1561,1,0.9032065272331238
WRKY_1:9939573-9939822_non_binding_1849,1,0.917891800403595
WRKY_1:9939573-9939822_reference_binding_2294,1,0.9040609002113342
bHLH_1:10012805-10013054_non_binding_1665,1,0.8545502424240112
bHLH_1:10012805-10013054_reference_binding_2876,1,0.8604055047035217
bHLH_1:10030927-10031176_non_binding_503,1,0.8794587850570679
bHLH_1:10030927-10031176_reference_binding_2336,1,0.8781077861785889
bHLH_1:10056180-10056429_binding_1025,1,0.899487316608429
bHLH_1:10056180-10056429_reference_binding_2693,1,0.9006702303886414
bHLH_1:10077520-10077769_reference_binding_2371,1,0.9223304390907288
bHLH_1:10081845-10082094_binding_261,1,0.8731549382209778
bHLH_1:10081845-10082094_binding_88,1,0.8825631141662598
bHLH_1:10081845-10082094_reference_binding_2083,1,0.8931873440742493
bHLH_1:10147517-10147766_non_binding_1659,1,0.8918967247009277
bHLH_1:10147517-10147766_non_binding_1893,1,0.892478883266449
bHLH_1:10147517-10147766_non_binding_1978,1,0.8865727782249451
bHLH_1:10147517-10147766_reference_binding_2872,1,0.8918690085411072
bHLH_1:10166476-10166725_binding_1257,1,0.8887273669242859
bHLH_1:10166476-10166725_binding_1354,1,0.8928812742233276
bHLH_1:10166476-10166725_binding_1427,1,0.8890231251716614
bHLH_1:10166476-10166725_reference_binding_2754,1,0.8955449461936951
bHLH_1:10253524-10253773_binding_1145,1,0.9020372033119202
bHLH_1:10253524-10253773_reference_binding_2735,1,0.9119606614112854
bHLH_1:10256536-10256785_non_binding_1706,1,0.865189254283905
bHLH_1:10256536-10256785_non_binding_547,1,0.8610540628433228
bHLH_1:10256536-10256785_reference_binding_2380,1,0.8606190085411072
bHLH_1:10313276-10313525_non_binding_705,1,0.9131470322608948
bHLH_1:10313276-10313525_reference_binding_2507,1,0.9174107909202576
bHLH_1:10373353-10373602_binding_42,1,0.8885526061058044
bHLH_1:10373353-10373602_reference_binding_2040,1,0.871702253818512
bHLH_1:10376388-10376637_binding_1092,1,0.8902876377105713
bHLH_1:10376388-10376637_binding_1372,1,0.898215115070343
bHLH_1:10376388-10376637_reference_binding_2717,1,0.8922246098518372
bHLH_1:10378285-10378534_binding_1004,1,0.8728664517402649
bHLH_1:10378285-10378534_binding_146,1,0.8659965395927429
bHLH_1:10378285-10378534_binding_275,1,0.8699564337730408
bHLH_1:10378285-10378534_reference_binding_2129,1,0.8622431755065918
bHLH_1:10433339-10433588_non_binding_856,1,0.9145705103874207
bHLH_1:10433339-10433588_reference_binding_2607,1,0.9148725271224976
bHLH_1:10470540-10470789_binding_1032,1,0.8280842304229736
bHLH_1:10470540-10470789_binding_1150,1,0.8344966173171997
bHLH_1:10470540-10470789_non_binding_976,1,0.8332357406616211
bHLH_1:10470540-10470789_reference_binding_2674,1,0.8387813568115234
bHLH_1:10691727-10691976_non_binding_1840,1,0.9287545084953308
bHLH_1:10691727-10691976_reference_binding_2950,1,0.9295820593833923
bHLH_1:10758673-10758922_binding_1376,1,0.8695472478866577
bHLH_1:10758673-10758922_binding_1378,1,0.87427818775177
bHLH_1:10758673-10758922_non_binding_1561,1,0.8803681135177612
bHLH_1:10758673-10758922_non_binding_883,1,0.8714496493339539
bHLH_1:10758673-10758922_reference_binding_2628,1,0.8822218775749207
bHLH_1:10772849-10773098_non_binding_1651,1,0.9255461692810059
bHLH_1:10772849-10773098_non_binding_1890,1,0.9293187260627747
bHLH_1:10772849-10773098_reference_binding_2869,1,0.9273992776870728
bHLH_1:10794099-10794348_binding_1242,1,0.9324892163276672
bHLH_1:10794099-10794348_binding_1304,1,0.9320718050003052
bHLH_1:10794099-10794348_binding_1343,1,0.9327867031097412
bHLH_1:10794099-10794348_reference_binding_2750,1,0.9342964887619019
bHLH_1:10837504-10837753_non_binding_1621,1,0.9046759009361267
bHLH_1:10837504-10837753_non_binding_1994,1,0.9142516851425171
bHLH_1:10837504-10837753_non_binding_550,1,0.905648946762085
bHLH_1:10837504-10837753_non_binding_622,1,0.9101183414459229
bHLH_1:10837504-10837753_non_binding_713,1,0.9049979448318481
bHLH_1:10837504-10837753_reference_binding_2382,1,0.9071829915046692
bHLH_1:1084515-1084764_binding_1070,1,0.8198831081390381
bHLH_1:1084515-1084764_reference_binding_2709,1,0.8113528490066528
bHLH_1:10884252-10884501_binding_1281,1,0.9006943702697754
bHLH_1:10884252-10884501_binding_1290,1,0.903123140335083
bHLH_1:10884252-10884501_reference_binding_2763,1,0.9121026396751404
bHLH_1:10897320-10897569_binding_293,1,0.9371322393417358
bHLH_1:10897320-10897569_reference_binding_2221,1,0.9391133189201355
bHLH_1:10902166-10902415_non_binding_708,1,0.8957829475402832
bHLH_1:10902166-10902415_reference_binding_2510,1,0.891644299030304
bHLH_1:10935169-10935418_binding_279,1,0.8874009847640991
bHLH_1:10935169-10935418_binding_426,1,0.8856893181800842
bHLH_1:10935169-10935418_reference_binding_2211,1,0.8829015493392944
bHLH_1:1095777-1096026_binding_1213,1,0.9116665720939636
bHLH_1:1095777-1096026_binding_1345,1,0.9140719175338745
bHLH_1:1095777-1096026_binding_1391,1,0.9129395484924316
bHLH_1:1095777-1096026_binding_1456,1,0.9142163395881653
bHLH_1:1095777-1096026_binding_288,1,0.9143179655075073
bHLH_1:1095777-1096026_reference_binding_2217,1,0.9169082045555115
bHLH_1:11028154-11028403_non_binding_1860,1,0.926927387714386
bHLH_1:11028154-11028403_reference_binding_2956,1,0.9370653033256531
bHLH_1:11037062-11037311_binding_101,1,0.8587439060211182
bHLH_1:11037062-11037311_binding_1477,1,0.837776780128479
bHLH_1:11037062-11037311_reference_binding_2093,1,0.8485772609710693
bHLH_1:1104306-1104555_non_binding_1793,1,0.9358600974082947
bHLH_1:1104306-1104555_non_binding_539,1,0.9217891097068787
bHLH_1:1104306-1104555_reference_binding_2372,1,0.9253191351890564
bHLH_1:11064615-11064864_binding_43,1,0.8620103001594543
bHLH_1:11064615-11064864_non_binding_1640,1,0.8761299252510071
bHLH_1:11064615-11064864_reference_binding_2041,1,0.8753160238265991
bHLH_1:11163834-11164083_non_binding_1789,1,0.8878511190414429
bHLH_1:11163834-11164083_non_binding_1855,1,0.8874989151954651
bHLH_1:11163834-11164083_non_binding_1934,1,0.8861748576164246
bHLH_1:11163834-11164083_non_binding_1970,1,0.8828508853912354
bHLH_1:11163834-11164083_reference_binding_2926,1,0.863042414188385
bHLH_1:11210365-11210614_binding_336,1,0.9022603034973145
bHLH_1:11210365-11210614_binding_99,1,0.8924828767776489
bHLH_1:11210365-11210614_reference_binding_2091,1,0.9041099548339844
bHLH_1:11251822-11252071_non_binding_1734,1,0.8823705315589905
bHLH_1:11251822-11252071_reference_binding_2902,1,0.8868175745010376
bHLH_1:11252788-11253037_binding_477,1,0.9063897132873535
bHLH_1:11252788-11253037_reference_binding_2322,1,0.9003700613975525
bHLH_1:11308607-11308856_binding_1191,1,0.8841543197631836
bHLH_1:11308607-11308856_binding_1450,1,0.8813250660896301
bHLH_1:11308607-11308856_reference_binding_2744,1,0.882472038269043
bHLH_1:11309294-11309543_non_binding_1688,1,0.9149799942970276
bHLH_1:11309294-11309543_reference_binding_2885,1,0.9142305850982666
bHLH_1:11370737-11370986_binding_424,1,0.9078726768493652
bHLH_1:11370737-11370986_binding_67,1,0.8923945426940918
bHLH_1:11370737-11370986_reference_binding_2063,1,0.9063369035720825
bHLH_1:11371022-11371271_non_binding_1509,1,0.9104836583137512
bHLH_1:11371022-11371271_non_binding_1577,1,0.9159249663352966
bHLH_1:11371022-11371271_non_binding_1681,1,0.9141282439231873
bHLH_1:11371022-11371271_non_binding_548,1,0.9166306257247925
bHLH_1:11371022-11371271_reference_binding_2381,1,0.915009081363678
bHLH_1:11509277-11509526_non_binding_1519,1,0.8173980712890625
bHLH_1:11509277-11509526_non_binding_906,1,0.8075070977210999
bHLH_1:11509277-11509526_reference_binding_2644,1,0.8113831877708435
bHLH_1:11577568-11577817_binding_1053,1,0.8253951668739319
bHLH_1:11577568-11577817_binding_1201,1,0.8238950967788696
bHLH_1:11577568-11577817_binding_1364,1,0.8252245187759399
bHLH_1:11577568-11577817_reference_binding_2704,1,0.823889970779419
bHLH_1:11581474-11581723_non_binding_1656,1,0.8911594748497009
bHLH_1:11581474-11581723_reference_binding_2871,1,0.8918588757514954
bHLH_1:11622949-11623198_binding_1287,1,0.9194188714027405
bHLH_1:11622949-11623198_reference_binding_2765,1,0.9212856888771057
bHLH_1:11653321-11653570_binding_1125,1,0.9073259234428406
bHLH_1:11653321-11653570_binding_1233,1,0.9022668600082397
bHLH_1:11653321-11653570_binding_1327,1,0.8992987871170044
bHLH_1:11653321-11653570_non_binding_848,1,0.9114238619804382
bHLH_1:11653321-11653570_non_binding_895,1,0.9027929306030273
bHLH_1:11653321-11653570_non_binding_961,1,0.9102514386177063
bHLH_1:11653321-11653570_non_binding_994,1,0.9002410769462585
bHLH_1:11653321-11653570_reference_binding_2602,1,0.9071395397186279
bHLH_1:11667930-11668179_non_binding_1795,1,0.8836019039154053
bHLH_1:11667930-11668179_non_binding_897,1,0.8705149292945862
bHLH_1:11667930-11668179_reference_binding_2637,1,0.8796605467796326
bHLH_1:11697519-11697768_binding_1348,1,0.9046322107315063
bHLH_1:11697519-11697768_binding_324,1,0.9052717089653015
bHLH_1:11697519-11697768_binding_332,1,0.9124541878700256
bHLH_1:11697519-11697768_binding_47,1,0.9125422239303589
bHLH_1:11697519-11697768_reference_binding_2044,1,0.9065360426902771
bHLH_1:11781148-11781397_binding_1017,1,0.8548110723495483
bHLH_1:11781148-11781397_reference_binding_2690,1,0.8568906188011169
bHLH_1:11902422-11902671_non_binding_1660,1,0.824805498123169
bHLH_1:11902422-11902671_reference_binding_2873,1,0.8292601704597473
bHLH_1:11927732-11927981_non_binding_1702,1,0.9344388246536255
bHLH_1:11927732-11927981_reference_binding_2888,1,0.9329211115837097
bHLH_1:12036125-12036374_binding_1052,1,0.9255119562149048
bHLH_1:12036125-12036374_binding_1286,1,0.9230698943138123
bHLH_1:12036125-12036374_binding_358,1,0.9113568663597107
bHLH_1:12036125-12036374_reference_binding_2257,1,0.9315124154090881
bHLH_1:1206058-1206307_non_binding_624,1,0.8799200654029846
bHLH_1:1206058-1206307_reference_binding_2442,1,0.8848137855529785
bHLH_1:12071771-12072020_binding_296,1,0.9296145439147949
bHLH_1:12071771-12072020_non_binding_1516,1,0.9303769469261169
bHLH_1:12071771-12072020_non_binding_641,1,0.9230318069458008
bHLH_1:12071771-12072020_reference_binding_2224,1,0.929649293422699
bHLH_1:12100233-12100482_non_binding_1549,1,0.8380129933357239
bHLH_1:12100233-12100482_non_binding_1675,1,0.8457059860229492
bHLH_1:12100233-12100482_reference_binding_2821,1,0.841486394405365
bHLH_1:12104963-12105212_non_binding_639,1,0.8732442855834961
bHLH_1:12124505-12124754_non_binding_679,1,0.8847205638885498
bHLH_1:12124505-12124754_reference_binding_2486,1,0.8945032358169556
bHLH_1:12146012-12146261_non_binding_722,1,0.918067991733551
bHLH_1:12146012-12146261_reference_binding_2520,1,0.9211190342903137
bHLH_1:12149007-12149256_non_binding_1693,1,0.874369740486145
bHLH_1:12149007-12149256_non_binding_748,1,0.8663825988769531
bHLH_1:12149007-12149256_reference_binding_2538,1,0.8708323836326599
bHLH_1:12189120-12189369_non_binding_1574,1,0.8743005394935608
bHLH_1:12189120-12189369_reference_binding_2823,1,0.8793894648551941
bHLH_1:12201578-12201827_non_binding_1515,1,0.899238646030426
bHLH_1:12201578-12201827_non_binding_1557,1,0.9033523201942444
bHLH_1:12201578-12201827_non_binding_706,1,0.9066953659057617
bHLH_1:12201578-12201827_non_binding_774,1,0.8972291946411133
bHLH_1:12201578-12201827_reference_binding_2508,1,0.9046920537948608
bHLH_1:12207126-12207375_binding_450,1,0.9096320867538452
bHLH_1:12207126-12207375_reference_binding_2307,1,0.8921999335289001
bHLH_1:12238888-12239137_binding_1333,1,0.9208531975746155
bHLH_1:12238888-12239137_reference_binding_2776,1,0.9235746264457703
bHLH_1:12278333-12278582_non_binding_1539,1,0.8934757709503174
bHLH_1:12278333-12278582_non_binding_1639,1,0.8948553800582886
bHLH_1:12278333-12278582_non_binding_863,1,0.8707062005996704
bHLH_1:12278333-12278582_reference_binding_2612,1,0.8940510749816895
bHLH_1:12299243-12299492_binding_488,1,0.866658091545105
bHLH_1:12299243-12299492_reference_binding_2327,1,0.882104218006134
bHLH_1:12313186-12313435_binding_1091,1,0.9123398065567017
bHLH_1:12313186-12313435_reference_binding_2716,1,0.9091538190841675
bHLH_1:1233568-1233817_non_binding_1511,1,0.9094547033309937
bHLH_1:1233568-1233817_reference_binding_2799,1,0.9055710434913635
bHLH_1:12358900-12359149_binding_1066,1,0.8824830651283264
bHLH_1:12358900-12359149_binding_1126,1,0.8775696158409119
bHLH_1:12358900-12359149_reference_binding_2707,1,0.8826712369918823
bHLH_1:12377129-12377378_non_binding_646,1,0.9010183811187744
bHLH_1:12377129-12377378_reference_binding_2460,1,0.9016230702400208
bHLH_1:12378359-12378608_binding_1057,1,0.9057669043540955
bHLH_1:12378359-12378608_binding_347,1,0.9035571813583374
bHLH_1:12378359-12378608_binding_356,1,0.9110749363899231
bHLH_1:12378359-12378608_reference_binding_2251,1,0.9058303236961365
bHLH_1:124232-124481_binding_38,1,0.9405657052993774
bHLH_1:124232-124481_reference_binding_2037,1,0.9403901100158691
bHLH_1:12468994-12469243_non_binding_532,1,0.8848715424537659
bHLH_1:12468994-12469243_reference_binding_2365,1,0.8908419013023376
bHLH_1:12470640-12470889_non_binding_870,1,0.8738865256309509
bHLH_1:12470640-12470889_non_binding_925,1,0.8769919872283936
bHLH_1:12571914-12572163_binding_1012,1,0.8773194551467896
bHLH_1:12571914-12572163_binding_1249,1,0.8804629445075989
bHLH_1:12571914-12572163_reference_binding_2688,1,0.8759204745292664
bHLH_1:12576356-12576605_binding_1168,1,0.9056077003479004
bHLH_1:12576356-12576605_binding_170,1,0.9158432483673096
bHLH_1:12576356-12576605_reference_binding_2148,1,0.9090110659599304
bHLH_1:12596299-12596548_non_binding_1743,1,0.8639971017837524
bHLH_1:12596299-12596548_non_binding_888,1,0.8610599637031555
bHLH_1:12596299-12596548_reference_binding_2632,1,0.8593859672546387
bHLH_1:12628701-12628950_non_binding_574,1,0.9163503646850586
bHLH_1:12628701-12628950_non_binding_626,1,0.919140636920929
bHLH_1:12628701-12628950_reference_binding_2399,1,0.9174008965492249
bHLH_1:12664692-12664941_binding_1026,1,0.8248489499092102
bHLH_1:12664692-12664941_binding_1055,1,0.8275251984596252
bHLH_1:12664692-12664941_binding_1060,1,0.8309407830238342
bHLH_1:12664692-12664941_binding_1110,1,0.8256198167800903
bHLH_1:12664692-12664941_binding_1170,1,0.8187474608421326
bHLH_1:12664692-12664941_binding_1197,1,0.8420795798301697
bHLH_1:12664692-12664941_binding_1401,1,0.83464515209198
bHLH_1:12664692-12664941_binding_1412,1,0.822187066078186
bHLH_1:12664692-12664941_binding_1429,1,0.820953905582428
bHLH_1:12664692-12664941_binding_1496,1,0.8173251152038574
bHLH_1:12664692-12664941_reference_binding_2694,1,0.822477400302887
bHLH_1:12692476-12692725_binding_74,1,0.9296597242355347
bHLH_1:12692476-12692725_binding_90,1,0.9081276655197144
bHLH_1:12692476-12692725_reference_binding_2070,1,0.9247456789016724
bHLH_1:12711562-12711811_binding_1205,1,0.9299799799919128
bHLH_1:12711562-12711811_binding_1320,1,0.928064227104187
bHLH_1:12711562-12711811_binding_1417,1,0.9304617643356323
bHLH_1:12711562-12711811_binding_1431,1,0.9286815524101257
bHLH_1:12711562-12711811_reference_binding_2745,1,0.9276983737945557
bHLH_1:12721855-12722104_binding_1293,1,0.8836616277694702
bHLH_1:12721855-12722104_reference_binding_2767,1,0.8871092796325684
bHLH_1:12753714-12753963_non_binding_719,1,0.9221324324607849
bHLH_1:12753714-12753963_reference_binding_2519,1,0.9244815111160278
bHLH_1:12807752-12808001_non_binding_506,1,0.903634786605835
bHLH_1:12807752-12808001_reference_binding_2339,1,0.9069601893424988
bHLH_1:12811663-12811912_non_binding_1758,1,0.8945245742797852
bHLH_1:12811663-12811912_non_binding_1836,1,0.9024981260299683
bHLH_1:12811663-12811912_reference_binding_2912,1,0.9062528610229492
bHLH_1:12826297-12826546_non_binding_560,1,0.9210792183876038
bHLH_1:12826297-12826546_non_binding_990,1,0.9191213846206665
bHLH_1:12826297-12826546_reference_binding_2390,1,0.9181731939315796
bHLH_1:1282820-1283069_non_binding_767,1,0.8860766887664795
bHLH_1:1282820-1283069_non_binding_770,1,0.8796312808990479
bHLH_1:1282820-1283069_non_binding_886,1,0.9033432602882385
bHLH_1:1282820-1283069_reference_binding_2553,1,0.9013696908950806
bHLH_1:12965701-12965950_non_binding_687,1,0.9059782028198242
bHLH_1:12965701-12965950_reference_binding_2492,1,0.9065009951591492
bHLH_1:12998722-12998971_binding_1090,1,0.8900213837623596
bHLH_1:12998722-12998971_binding_1467,1,0.8911065459251404
bHLH_1:12998722-12998971_binding_194,1,0.889676570892334
bHLH_1:12998722-12998971_binding_335,1,0.8678034543991089
bHLH_1:12998722-12998971_binding_390,1,0.8809199333190918
bHLH_1:12998722-12998971_reference_binding_2160,1,0.896609902381897
bHLH_1:13013178-13013427_non_binding_1723,1,0.9187293648719788
bHLH_1:13013178-13013427_non_binding_841,1,0.9241911768913269
bHLH_1:13013178-13013427_reference_binding_2596,1,0.9188766479492188
bHLH_1:13020636-13020885_non_binding_1637,1,0.8961688280105591
bHLH_1:13020636-13020885_non_binding_1889,1,0.8990567326545715
bHLH_1:13020636-13020885_reference_binding_2863,1,0.8977043628692627
bHLH_1:13077834-13078083_non_binding_947,1,0.9134411811828613
bHLH_1:13077834-13078083_reference_binding_2665,1,0.9184733033180237
bHLH_1:13113781-13114030_non_binding_1742,1,0.8924334049224854
bHLH_1:13113781-13114030_non_binding_561,1,0.8834176063537598
bHLH_1:13113781-13114030_reference_binding_2391,1,0.8915655612945557
bHLH_1:13173663-13173912_binding_1036,1,0.9170675277709961
bHLH_1:13173663-13173912_binding_339,1,0.9176758527755737
bHLH_1:13173663-13173912_reference_binding_2246,1,0.9164784550666809
bHLH_1:13266256-13266505_binding_103,1,0.9016724228858948
bHLH_1:13266256-13266505_binding_458,1,0.9013498425483704
bHLH_1:13266256-13266505_reference_binding_2095,1,0.8858755826950073
bHLH_1:13267400-13267649_binding_368,1,0.8812482953071594
bHLH_1:13267400-13267649_reference_binding_2263,1,0.8763142824172974
bHLH_1:13305950-13306199_binding_1184,1,0.8984278440475464
bHLH_1:13305950-13306199_binding_1192,1,0.8984856009483337
bHLH_1:13305950-13306199_reference_binding_2742,1,0.9035291075706482
bHLH_1:1338443-1338692_non_binding_782,1,0.9052084684371948
bHLH_1:1338443-1338692_reference_binding_2564,1,0.9162489771842957
bHLH_1:13394008-13394257_binding_344,1,0.8688120245933533
bHLH_1:13394008-13394257_reference_binding_2249,1,0.8674700856208801
bHLH_1:13441579-13441828_binding_11,1,0.8875671029090881
bHLH_1:13441579-13441828_binding_480,1,0.8917450904846191
bHLH_1:13441579-13441828_reference_binding_2011,1,0.8982877135276794
bHLH_1:1345566-1345815_non_binding_1623,1,0.8613393306732178
bHLH_1:1345566-1345815_reference_binding_2858,1,0.8571731448173523
bHLH_1:13483806-13484055_binding_1189,1,0.9106720089912415
bHLH_1:13483806-13484055_binding_355,1,0.899973452091217
bHLH_1:13483806-13484055_reference_binding_2255,1,0.9224832057952881
bHLH_1:13511083-13511332_binding_1446,1,0.8407648205757141
bHLH_1:13511083-13511332_reference_binding_2790,1,0.8340381383895874
bHLH_1:13513185-13513434_binding_230,1,0.8379507064819336
bHLH_1:13513185-13513434_binding_496,1,0.8620861172676086
bHLH_1:13513185-13513434_reference_binding_2185,1,0.8112466931343079
bHLH_1:13534917-13535166_binding_161,1,0.8706396818161011
bHLH_1:13534917-13535166_binding_34,1,0.8679454922676086
bHLH_1:13534917-13535166_reference_binding_2033,1,0.8796806931495667
bHLH_1:13540878-13541127_binding_190,1,0.8914263248443604
bHLH_1:13540878-13541127_reference_binding_2158,1,0.8713539242744446
bHLH_1:1355584-1355833_non_binding_1593,1,0.9143921136856079
bHLH_1:1355584-1355833_non_binding_1941,1,0.9182517528533936
bHLH_1:1355584-1355833_non_binding_1961,1,0.916414737701416
bHLH_1:1355584-1355833_reference_binding_2843,1,0.9166088104248047
bHLH_1:13631217-13631466_binding_1132,1,0.8563498258590698
bHLH_1:13631217-13631466_binding_1328,1,0.8646366596221924
bHLH_1:13631217-13631466_binding_1486,1,0.8654730916023254
bHLH_1:13631217-13631466_reference_binding_2728,1,0.8629017472267151
bHLH_1:13647566-13647815_non_binding_975,1,0.8907175660133362
bHLH_1:13647566-13647815_reference_binding_2673,1,0.8967530727386475
bHLH_1:13653556-13653805_binding_94,1,0.8997095823287964
bHLH_1:13653556-13653805_reference_binding_2088,1,0.9020687937736511
bHLH_1:13662034-13662283_binding_1102,1,0.8432159423828125
bHLH_1:13662034-13662283_binding_396,1,0.8333457708358765
bHLH_1:13662034-13662283_binding_417,1,0.8409830927848816
bHLH_1:13662034-13662283_reference_binding_2277,1,0.8473452925682068
bHLH_1:13680955-13681204_non_binding_1520,1,0.8824712038040161
bHLH_1:13680955-13681204_non_binding_867,1,0.8828955888748169
bHLH_1:13680955-13681204_reference_binding_2614,1,0.8869033455848694
bHLH_1:13691855-13692104_non_binding_1717,1,0.9154885411262512
bHLH_1:13691855-13692104_non_binding_535,1,0.912322998046875
bHLH_1:13691855-13692104_non_binding_651,1,0.9052467346191406
bHLH_1:13691855-13692104_reference_binding_2368,1,0.9149019718170166
bHLH_1:13717607-13717856_binding_1095,1,0.8705281019210815
bHLH_1:13717607-13717856_binding_112,1,0.8707501888275146
bHLH_1:13717607-13717856_binding_278,1,0.8758434653282166
bHLH_1:13717607-13717856_reference_binding_2102,1,0.874884843826294
bHLH_1:137275-137524_binding_1083,1,0.8917787075042725
bHLH_1:137275-137524_binding_1266,1,0.9029023051261902
bHLH_1:137275-137524_binding_1276,1,0.8840813040733337
bHLH_1:137275-137524_binding_1483,1,0.8977128863334656
bHLH_1:137275-137524_reference_binding_2712,1,0.8903246521949768
bHLH_1:13729675-13729924_binding_246,1,0.9373697638511658
bHLH_1:13729675-13729924_binding_270,1,0.9322296380996704
bHLH_1:13729675-13729924_reference_binding_2197,1,0.9362264275550842
bHLH_1:13739792-13740041_non_binding_1977,1,0.9303126335144043
bHLH_1:13739792-13740041_non_binding_540,1,0.9300573468208313
bHLH_1:13739792-13740041_non_binding_638,1,0.9320798516273499
bHLH_1:13739792-13740041_non_binding_945,1,0.9286321401596069
bHLH_1:13739792-13740041_reference_binding_2373,1,0.9319882392883301
bHLH_1:1377555-1377804_non_binding_501,1,0.9155504107475281
bHLH_1:1377555-1377804_reference_binding_2334,1,0.9196584224700928
bHLH_1:13801568-13801817_non_binding_504,1,0.8502617478370667
bHLH_1:13801568-13801817_non_binding_819,1,0.8423240780830383
bHLH_1:13801568-13801817_reference_binding_2337,1,0.8522282838821411
bHLH_1:13807483-13807732_non_binding_508,1,0.8697726726531982
bHLH_1:13807483-13807732_reference_binding_2341,1,0.8611571788787842
bHLH_1:13824795-13825044_binding_210,1,0.8644257187843323
bHLH_1:13824795-13825044_binding_84,1,0.8397709131240845
bHLH_1:13824795-13825044_reference_binding_2079,1,0.8697978258132935
bHLH_1:13830910-13831159_binding_1113,1,0.8696079254150391
bHLH_1:13830910-13831159_binding_1398,1,0.8736189603805542
bHLH_1:13830910-13831159_binding_1423,1,0.8742104768753052
bHLH_1:13830910-13831159_binding_325,1,0.8686345815658569
bHLH_1:13830910-13831159_reference_binding_2239,1,0.8819796442985535
bHLH_1:1385303-1385552_binding_221,1,0.9242644309997559
bHLH_1:1385303-1385552_reference_binding_2178,1,0.9293211698532104
bHLH_1:13894310-13894559_binding_129,1,0.8916431069374084
bHLH_1:13894310-13894559_binding_238,1,0.8909386992454529
bHLH_1:13894310-13894559_reference_binding_2116,1,0.9040572047233582
bHLH_1:13926246-13926495_non_binding_1603,1,0.9166253805160522
bHLH_1:13926246-13926495_reference_binding_2847,1,0.9163049459457397
bHLH_1:13949807-13950056_non_binding_756,1,0.8102505803108215
bHLH_1:13949807-13950056_non_binding_969,1,0.8000152111053467
bHLH_1:13949807-13950056_reference_binding_2546,1,0.8029420375823975
bHLH_1:13950063-13950312_binding_1050,1,0.8379486203193665
bHLH_1:13950063-13950312_reference_binding_2703,1,0.8544119000434875
bHLH_1:13950345-13950594_binding_17,1,0.8413792252540588
bHLH_1:13950345-13950594_reference_binding_2017,1,0.8058830499649048
bHLH_1:14002816-14003065_non_binding_1605,1,0.9342350959777832
bHLH_1:14002816-14003065_non_binding_584,1,0.9325820207595825
bHLH_1:14002816-14003065_reference_binding_2407,1,0.9347924590110779
bHLH_1:1400424-1400673_binding_111,1,0.8883700966835022
bHLH_1:1400424-1400673_binding_192,1,0.8909251689910889
bHLH_1:1400424-1400673_binding_334,1,0.88205486536026
bHLH_1:1400424-1400673_reference_binding_2101,1,0.8736261129379272
bHLH_1:14124119-14124368_binding_1472,1,0.9000816941261292
bHLH_1:14124119-14124368_binding_201,1,0.904560387134552
bHLH_1:14124119-14124368_binding_248,1,0.9062823057174683
bHLH_1:14124119-14124368_reference_binding_2167,1,0.9024795293807983
bHLH_1:14134271-14134520_non_binding_1583,1,0.8508151173591614
bHLH_1:14134271-14134520_reference_binding_2836,1,0.8437791466712952
bHLH_1:14147977-14148226_binding_1311,1,0.9287765026092529
bHLH_1:14147977-14148226_reference_binding_2771,1,0.9337142705917358
bHLH_1:14189628-14189877_binding_1360,1,0.9187154769897461
bHLH_1:14189628-14189877_binding_186,1,0.9113439917564392
bHLH_1:14189628-14189877_binding_51,1,0.9093410968780518
bHLH_1:14189628-14189877_reference_binding_2047,1,0.922962486743927
bHLH_1:14197035-14197284_non_binding_1922,1,0.8386209607124329
bHLH_1:14197035-14197284_non_binding_681,1,0.8193290829658508
bHLH_1:14197035-14197284_reference_binding_2488,1,0.8234801292419434
bHLH_1:14201951-14202200_non_binding_1631,1,0.8990927338600159
bHLH_1:14201951-14202200_reference_binding_2861,1,0.8993085622787476
bHLH_1:14214501-14214750_binding_456,1,0.845097541809082
bHLH_1:14214501-14214750_non_binding_826,1,0.8700960874557495
bHLH_1:14214501-14214750_reference_binding_2312,1,0.8736124038696289
bHLH_1:14328704-14328953_non_binding_1570,1,0.8902559280395508
bHLH_1:14328704-14328953_reference_binding_2831,1,0.889739990234375
bHLH_1:14353224-14353473_binding_233,1,0.903744101524353
bHLH_1:14353224-14353473_non_binding_619,1,0.8998941779136658
bHLH_1:14353224-14353473_reference_binding_2188,1,0.9014768004417419
bHLH_1:14366723-14366972_binding_1469,1,0.8881634473800659
bHLH_1:14366723-14366972_binding_16,1,0.893627941608429
bHLH_1:14366723-14366972_binding_171,1,0.9032453894615173
bHLH_1:14366723-14366972_reference_binding_2016,1,0.881626546382904
bHLH_1:1436864-1437113_binding_79,1,0.8469708561897278
bHLH_1:1436864-1437113_reference_binding_2075,1,0.8491637110710144
bHLH_1:14377003-14377252_binding_189,1,0.8500937223434448
bHLH_1:14377003-14377252_reference_binding_2157,1,0.8616490364074707
bHLH_1:14398877-14399126_non_binding_580,1,0.895871639251709
bHLH_1:14398877-14399126_non_binding_995,1,0.8998331427574158
bHLH_1:14405325-14405574_non_binding_617,1,0.8511707186698914
bHLH_1:14405325-14405574_reference_binding_2438,1,0.8426595330238342
bHLH_1:14412376-14412625_binding_178,1,0.8956314325332642
bHLH_1:14412376-14412625_binding_361,1,0.8862133026123047
bHLH_1:14422656-14422905_binding_1005,1,0.8502367734909058
bHLH_1:14422656-14422905_binding_429,1,0.856220543384552
bHLH_1:14434941-14435190_non_binding_1876,1,0.8887614607810974
bHLH_1:14434941-14435190_non_binding_1895,1,0.8987475037574768
bHLH_1:14434941-14435190_non_binding_1931,1,0.8890830278396606
bHLH_1:14434941-14435190_reference_binding_2961,1,0.9010791182518005
bHLH_1:14477153-14477402_binding_1022,1,0.885347843170166
bHLH_1:14477153-14477402_binding_1393,1,0.8819079399108887
bHLH_1:14477153-14477402_reference_binding_2692,1,0.8882017135620117
bHLH_1:14480183-14480432_binding_1384,1,0.8482430577278137
bHLH_1:14480183-14480432_binding_228,1,0.8443765044212341
bHLH_1:14480183-14480432_reference_binding_2184,1,0.8626318573951721
bHLH_1:14495363-14495612_binding_1006,1,0.8706332445144653
bHLH_1:14495363-14495612_non_binding_1874,1,0.8861547708511353
bHLH_1:14495363-14495612_reference_binding_2684,1,0.8719913363456726
bHLH_1:14539107-14539356_non_binding_611,1,0.9030716419219971
bHLH_1:14539107-14539356_non_binding_909,1,0.899486780166626
bHLH_1:14539107-14539356_reference_binding_2432,1,0.9002615213394165
bHLH_1:14539994-14540243_non_binding_534,1,0.9013479351997375
bHLH_1:14539994-14540243_reference_binding_2367,1,0.9076619744300842
bHLH_1:14541032-14541281_binding_218,1,0.8568691611289978
bHLH_1:14541032-14541281_binding_78,1,0.8587278723716736
bHLH_1:14541032-14541281_reference_binding_2074,1,0.8733787536621094
bHLH_1:14595327-14595576_binding_57,1,0.9039266705513
bHLH_1:14595327-14595576_reference_binding_2053,1,0.9074490666389465
bHLH_1:14603209-14603458_binding_252,1,0.9028270840644836
bHLH_1:14608377-14608626_non_binding_576,1,0.9018387794494629
bHLH_1:14608377-14608626_reference_binding_2401,1,0.9054791927337646
bHLH_1:14686205-14686454_non_binding_1569,1,0.9023993611335754
bHLH_1:14686205-14686454_non_binding_1685,1,0.9007334113121033
bHLH_1:14686205-14686454_non_binding_655,1,0.8956512212753296
bHLH_1:14686205-14686454_reference_binding_2466,1,0.9038520455360413
bHLH_1:1479453-1479702_binding_1252,1,0.9319665431976318
bHLH_1:1479453-1479702_binding_262,1,0.9288748502731323
bHLH_1:1479453-1479702_binding_267,1,0.9305058121681213
bHLH_1:1479453-1479702_reference_binding_2205,1,0.9381048083305359
bHLH_1:14811615-14811864_binding_0,1,0.8945601582527161
bHLH_1:14811615-14811864_binding_433,1,0.8903495073318481
bHLH_1:14811615-14811864_reference_binding_2000,1,0.8977468609809875
bHLH_1:1481433-1481682_binding_1085,1,0.9083738327026367
bHLH_1:1481433-1481682_binding_1499,1,0.9220447540283203
bHLH_1:1481433-1481682_reference_binding_2714,1,0.9171721935272217
bHLH_1:14902531-14902780_binding_1238,1,0.8318688869476318
bHLH_1:14902531-14902780_binding_294,1,0.8313888907432556
bHLH_1:14902531-14902780_binding_343,1,0.8322784900665283
bHLH_1:14902531-14902780_reference_binding_2222,1,0.8571168780326843
bHLH_1:1495886-1496135_binding_307,1,0.8907973170280457
bHLH_1:1495886-1496135_binding_55,1,0.8978570103645325
bHLH_1:1495886-1496135_non_binding_1867,1,0.8912487626075745
bHLH_1:1495886-1496135_reference_binding_2051,1,0.8946589827537537
bHLH_1:149982-150231_binding_381,1,0.9033158421516418
bHLH_1:149982-150231_reference_binding_2270,1,0.9090831875801086
bHLH_1:1506529-1506778_binding_416,1,0.9029707908630371
bHLH_1:1506529-1506778_reference_binding_2290,1,0.9066597819328308
bHLH_1:1514382-1514631_binding_1031,1,0.9093663692474365
bHLH_1:1514382-1514631_non_binding_716,1,0.917880654335022
bHLH_1:1514382-1514631_reference_binding_2517,1,0.916426956653595
bHLH_1:15303356-15303605_binding_64,1,0.9088839292526245
bHLH_1:15303356-15303605_reference_binding_2060,1,0.8946612477302551
bHLH_1:15386355-15386604_binding_1316,1,0.8751119375228882
bHLH_1:15386355-15386604_binding_1353,1,0.8779653310775757
bHLH_1:15386355-15386604_binding_1493,1,0.8764917850494385
bHLH_1:15386355-15386604_reference_binding_2774,1,0.8726354241371155
bHLH_1:15401438-15401687_binding_271,1,0.9118911027908325
bHLH_1:15419900-15420149_non_binding_734,1,0.8655065894126892
bHLH_1:15419900-15420149_reference_binding_2528,1,0.8553761839866638
bHLH_1:15454781-15455030_binding_1071,1,0.9137362241744995
bHLH_1:15454781-15455030_binding_1245,1,0.9187926054000854
bHLH_1:15454781-15455030_binding_198,1,0.923255443572998
bHLH_1:15454781-15455030_binding_395,1,0.9288499355316162
bHLH_1:15454781-15455030_binding_487,1,0.9198507070541382
bHLH_1:15454781-15455030_reference_binding_2164,1,0.9215013980865479
bHLH_1:15502243-15502492_non_binding_743,1,0.8863428831100464
bHLH_1:15502243-15502492_reference_binding_2535,1,0.8798787593841553
bHLH_1:15509049-15509298_non_binding_599,1,0.8660862445831299
bHLH_1:15509049-15509298_reference_binding_2421,1,0.8595606684684753
bHLH_1:15517971-15518220_non_binding_1624,1,0.9161050319671631
bHLH_1:15517971-15518220_non_binding_1635,1,0.9075390100479126
bHLH_1:15517971-15518220_non_binding_887,1,0.902535080909729
bHLH_1:15517971-15518220_reference_binding_2631,1,0.9112405776977539
bHLH_1:15519814-15520063_non_binding_1602,1,0.8621248006820679
bHLH_1:15519814-15520063_reference_binding_2846,1,0.8710474967956543
bHLH_1:15523209-15523458_binding_370,1,0.9079312682151794
bHLH_1:15523209-15523458_reference_binding_2264,1,0.9129340648651123
bHLH_1:15549845-15550094_binding_466,1,0.8919293880462646
bHLH_1:15549845-15550094_reference_binding_2317,1,0.8761195540428162
bHLH_1:15553218-15553467_binding_28,1,0.9074350595474243
bHLH_1:15553218-15553467_binding_292,1,0.9019014835357666
bHLH_1:15553218-15553467_reference_binding_2028,1,0.9082733988761902
bHLH_1:15553919-15554168_non_binding_899,1,0.8626192808151245
bHLH_1:15553919-15554168_reference_binding_2639,1,0.8599043488502502
bHLH_1:15558738-15558987_binding_1002,1,0.9141359925270081
bHLH_1:15558738-15558987_binding_1097,1,0.9185736179351807
bHLH_1:15558738-15558987_binding_1229,1,0.9129393696784973
bHLH_1:15558738-15558987_binding_1441,1,0.9161654710769653
bHLH_1:15558738-15558987_reference_binding_2682,1,0.9174708724021912
bHLH_1:15604697-15604946_non_binding_930,1,0.9012903571128845
bHLH_1:15604697-15604946_reference_binding_2659,1,0.9091297388076782
bHLH_1:1564372-1564621_binding_195,1,0.9140418767929077
bHLH_1:1564372-1564621_reference_binding_2161,1,0.9209786653518677
bHLH_1:15659438-15659687_binding_187,1,0.8813899159431458
bHLH_1:15659438-15659687_binding_27,1,0.8927704691886902
bHLH_1:15659438-15659687_binding_389,1,0.8917551636695862
bHLH_1:15659438-15659687_binding_82,1,0.8771960139274597
bHLH_1:15659438-15659687_reference_binding_2027,1,0.9072862863540649
bHLH_1:15668743-15668992_non_binding_1540,1,0.9191934466362
bHLH_1:15668743-15668992_non_binding_1671,1,0.9200897216796875
bHLH_1:15668743-15668992_reference_binding_2814,1,0.9199866056442261
bHLH_1:15684957-15685206_non_binding_1808,1,0.9234389662742615
bHLH_1:15684957-15685206_non_binding_1909,1,0.9232950210571289
bHLH_1:15684957-15685206_non_binding_1914,1,0.92219078540802
bHLH_1:15684957-15685206_reference_binding_2936,1,0.9257836937904358
bHLH_1:1575851-1576100_non_binding_536,1,0.8843914270401001
bHLH_1:1575851-1576100_reference_binding_2369,1,0.8903751373291016
bHLH_1:1580960-1581209_binding_1027,1,0.8701478838920593
bHLH_1:1580960-1581209_binding_1043,1,0.8790533542633057
bHLH_1:1580960-1581209_binding_1163,1,0.8724454045295715
bHLH_1:1580960-1581209_reference_binding_2695,1,0.876387894153595
bHLH_1:158608-158857_binding_1351,1,0.8680521845817566
bHLH_1:158608-158857_reference_binding_2781,1,0.8691225051879883
bHLH_1:15864591-15864840_non_binding_1987,1,0.9285597205162048
bHLH_1:15869990-15870239_non_binding_798,1,0.9175451397895813
bHLH_1:15869990-15870239_reference_binding_2575,1,0.9095562696456909
bHLH_1:15888275-15888524_non_binding_1797,1,0.9073605537414551
bHLH_1:15888275-15888524_reference_binding_2929,1,0.9075189828872681
bHLH_1:15895532-15895781_binding_1179,1,0.9270975589752197
bHLH_1:15895532-15895781_binding_1232,1,0.9273363947868347
bHLH_1:15895532-15895781_binding_1258,1,0.9289054870605469
bHLH_1:15895532-15895781_binding_1392,1,0.9287676215171814
bHLH_1:15895532-15895781_binding_73,1,0.9309940934181213
bHLH_1:15895532-15895781_reference_binding_2069,1,0.9322300553321838
bHLH_1:15912465-15912714_binding_52,1,0.9298643469810486
bHLH_1:15912465-15912714_reference_binding_2048,1,0.926685631275177
bHLH_1:15957531-15957780_binding_1235,1,0.8809512257575989
bHLH_1:15957531-15957780_binding_1400,1,0.8899512887001038
bHLH_1:15957531-15957780_non_binding_998,1,0.8757098913192749
bHLH_1:15957531-15957780_reference_binding_2680,1,0.8658407330513
bHLH_1:15967426-15967675_non_binding_737,1,0.889101505279541
bHLH_1:15967426-15967675_reference_binding_2529,1,0.8883812427520752
bHLH_1:15968889-15969138_non_binding_516,1,0.9275123476982117
bHLH_1:15968889-15969138_non_binding_551,1,0.9302812814712524
bHLH_1:15968889-15969138_non_binding_807,1,0.9284433722496033
bHLH_1:15976292-15976541_binding_202,1,0.8830480575561523
bHLH_1:15976292-15976541_non_binding_1610,1,0.8425437211990356
bHLH_1:15976292-15976541_reference_binding_2168,1,0.8404439687728882
bHLH_1:15989251-15989500_non_binding_1661,1,0.8953148722648621
bHLH_1:15989251-15989500_non_binding_587,1,0.8998702168464661
bHLH_1:15989251-15989500_reference_binding_2410,1,0.9011713266372681
bHLH_1:16001152-16001401_binding_1039,1,0.9220035076141357
bHLH_1:16001152-16001401_non_binding_1597,1,0.9161179065704346
bHLH_1:16001152-16001401_non_binding_828,1,0.9248252511024475
bHLH_1:16001152-16001401_non_binding_958,1,0.9247640371322632
bHLH_1:16001152-16001401_reference_binding_2591,1,0.9187213182449341
bHLH_1:16007793-16008042_binding_337,1,0.9073880314826965
bHLH_1:16007793-16008042_reference_binding_2244,1,0.9060014486312866
bHLH_1:16025585-16025834_binding_121,1,0.9307761788368225
bHLH_1:16025585-16025834_reference_binding_2109,1,0.9231730699539185
bHLH_1:16033782-16034031_non_binding_1692,1,0.9291561245918274
bHLH_1:16033782-16034031_non_binding_1798,1,0.9239230155944824
bHLH_1:16033782-16034031_reference_binding_2886,1,0.9312618970870972
bHLH_1:16074582-16074831_binding_1291,1,0.9039071202278137
bHLH_1:16074582-16074831_binding_1420,1,0.8916232585906982
bHLH_1:16074582-16074831_reference_binding_2766,1,0.8940070867538452
bHLH_1:16120974-16121223_binding_1134,1,0.8974112868309021
bHLH_1:16120974-16121223_binding_1253,1,0.9024683833122253
bHLH_1:16120974-16121223_binding_1336,1,0.9020887613296509
bHLH_1:16120974-16121223_binding_1480,1,0.8992496728897095
bHLH_1:16120974-16121223_reference_binding_2729,1,0.9051515460014343
bHLH_1:16148095-16148344_non_binding_750,1,0.8605502843856812
bHLH_1:16148095-16148344_reference_binding_2540,1,0.8612791299819946
bHLH_1:16210431-16210680_non_binding_951,1,0.8697770833969116
bHLH_1:16210431-16210680_reference_binding_2668,1,0.8832213282585144
bHLH_1:16283838-16284087_non_binding_1507,1,0.9143100380897522
bHLH_1:16283838-16284087_reference_binding_2798,1,0.9135054349899292
bHLH_1:16374806-16375055_non_binding_1834,1,0.8857851028442383
bHLH_1:16374806-16375055_non_binding_812,1,0.8436545133590698
bHLH_1:16374806-16375055_reference_binding_2583,1,0.8506054282188416
bHLH_1:16377253-16377502_binding_338,1,0.8860955834388733
bHLH_1:16377253-16377502_binding_372,1,0.8825549483299255
bHLH_1:16377253-16377502_reference_binding_2245,1,0.876160740852356
bHLH_1:1637855-1638104_binding_1149,1,0.9026201367378235
bHLH_1:1637855-1638104_binding_467,1,0.8967365622520447
bHLH_1:1637855-1638104_reference_binding_2318,1,0.9109088778495789
bHLH_1:16413356-16413605_non_binding_635,1,0.8828707337379456
bHLH_1:16413356-16413605_reference_binding_2452,1,0.8840326070785522
bHLH_1:16430845-16431094_non_binding_1638,1,0.9322094321250916
bHLH_1:16430845-16431094_non_binding_1667,1,0.934847891330719
bHLH_1:16430845-16431094_non_binding_1733,1,0.9339560866355896
bHLH_1:16430845-16431094_non_binding_640,1,0.9323198795318604
bHLH_1:16430845-16431094_reference_binding_2455,1,0.932455837726593
bHLH_1:16433419-16433668_non_binding_766,1,0.8952488303184509
bHLH_1:16433419-16433668_reference_binding_2552,1,0.8972784876823425
bHLH_1:16515456-16515705_binding_6,1,0.8050807118415833
bHLH_1:16515456-16515705_non_binding_1883,1,0.8047527074813843
bHLH_1:16515456-16515705_reference_binding_2006,1,0.7924577593803406
bHLH_1:16553511-16553760_non_binding_1645,1,0.9066998362541199
bHLH_1:16553511-16553760_non_binding_753,1,0.9162601828575134
bHLH_1:16553511-16553760_non_binding_868,1,0.905232310295105
bHLH_1:16553511-16553760_non_binding_980,1,0.9182209968566895
bHLH_1:16553511-16553760_reference_binding_2543,1,0.9078320264816284
bHLH_1:16572885-16573134_non_binding_1744,1,0.8851118683815002
bHLH_1:16572885-16573134_reference_binding_2906,1,0.891747772693634
bHLH_1:1659961-1660210_non_binding_744,1,0.9120060801506042
bHLH_1:1659961-1660210_reference_binding_2536,1,0.9189149141311646
bHLH_1:16626152-16626401_non_binding_1803,1,0.8587483763694763
bHLH_1:16626152-16626401_non_binding_1948,1,0.8587355613708496
bHLH_1:16626152-16626401_reference_binding_2933,1,0.841092050075531
bHLH_1:16661841-16662090_non_binding_1900,1,0.8933271169662476
bHLH_1:16661841-16662090_reference_binding_2966,1,0.8792552947998047
bHLH_1:16666395-16666644_binding_158,1,0.9042587876319885
bHLH_1:16666395-16666644_binding_229,1,0.8892865180969238
bHLH_1:16666395-16666644_reference_binding_2139,1,0.8737916946411133
bHLH_1:16678342-16678591_binding_1138,1,0.912359893321991
bHLH_1:16678342-16678591_reference_binding_2732,1,0.9128825068473816
bHLH_1:16679121-16679370_non_binding_724,1,0.911916971206665
bHLH_1:16679121-16679370_reference_binding_2522,1,0.9112114906311035
bHLH_1:1667917-1668166_binding_182,1,0.9003499150276184
bHLH_1:1667917-1668166_reference_binding_2154,1,0.9051386713981628
bHLH_1:16680132-16680381_binding_110,1,0.9237661957740784
bHLH_1:16680132-16680381_non_binding_672,1,0.923676609992981
bHLH_1:16680132-16680381_non_binding_827,1,0.9220506548881531
bHLH_1:16680132-16680381_reference_binding_2100,1,0.9260392189025879
bHLH_1:16681339-16681588_binding_403,1,0.8623959422111511
bHLH_1:16681339-16681588_reference_binding_2281,1,0.8705191016197205
bHLH_1:16747699-16747948_non_binding_800,1,0.9236350059509277
bHLH_1:16747699-16747948_reference_binding_2576,1,0.929290235042572
bHLH_1:16760583-16760832_binding_1341,1,0.8307223916053772
bHLH_1:16760583-16760832_non_binding_1587,1,0.8352972269058228
bHLH_1:16760583-16760832_reference_binding_2778,1,0.8269922733306885
bHLH_1:16799821-16800070_non_binding_1801,1,0.7899302244186401
bHLH_1:16799821-16800070_reference_binding_2932,1,0.8104375004768372
bHLH_1:16805584-16805833_binding_473,1,0.9024595618247986
bHLH_1:16805584-16805833_reference_binding_2321,1,0.9135355353355408
bHLH_1:16836888-16837137_binding_1009,1,0.9304313659667969
bHLH_1:16836888-16837137_reference_binding_2686,1,0.9292908310890198
bHLH_1:16885251-16885500_non_binding_1958,1,0.901794970035553
bHLH_1:16885251-16885500_non_binding_629,1,0.8953834772109985
bHLH_1:16885251-16885500_non_binding_985,1,0.8805506825447083
bHLH_1:16885251-16885500_reference_binding_2446,1,0.8828360438346863
bHLH_1:16917582-16917831_non_binding_675,1,0.9077872037887573
bHLH_1:16917582-16917831_reference_binding_2483,1,0.905379593372345
bHLH_1:1696867-1697116_binding_1120,1,0.9196288585662842
bHLH_1:1696867-1697116_binding_1216,1,0.911251425743103
bHLH_1:1696867-1697116_reference_binding_2723,1,0.9211549758911133
bHLH_1:16973751-16974000_binding_41,1,0.9236161112785339
bHLH_1:16973751-16974000_binding_49,1,0.9134064316749573
bHLH_1:16973751-16974000_reference_binding_2039,1,0.9139697551727295
bHLH_1:16991292-16991541_binding_1106,1,0.9334854483604431
bHLH_1:16991292-16991541_binding_1130,1,0.9417964816093445
bHLH_1:16991292-16991541_binding_1193,1,0.9371844530105591
bHLH_1:16991292-16991541_binding_1230,1,0.9378259181976318
bHLH_1:16991292-16991541_binding_1231,1,0.9364948868751526
bHLH_1:16991292-16991541_binding_1294,1,0.9385612607002258
bHLH_1:16991292-16991541_binding_1301,1,0.939344048500061
bHLH_1:16991292-16991541_binding_1459,1,0.9393825531005859
bHLH_1:16991292-16991541_binding_1475,1,0.9414925575256348
bHLH_1:16991292-16991541_reference_binding_2720,1,0.9396385550498962
bHLH_1:17037030-17037279_non_binding_1517,1,0.9261969327926636
bHLH_1:17037030-17037279_non_binding_1756,1,0.9280776977539062
bHLH_1:17037030-17037279_reference_binding_2802,1,0.9285855889320374
bHLH_1:17051161-17051410_binding_1283,1,0.8977731466293335
bHLH_1:17051161-17051410_binding_1396,1,0.8916341066360474
bHLH_1:17051161-17051410_binding_207,1,0.8671630024909973
bHLH_1:17051161-17051410_binding_213,1,0.8935441970825195
bHLH_1:17051161-17051410_binding_259,1,0.8924351930618286
bHLH_1:17051161-17051410_binding_303,1,0.8900184035301208
bHLH_1:17051161-17051410_reference_binding_2172,1,0.9017630815505981
bHLH_1:17059539-17059788_binding_105,1,0.8998578190803528
bHLH_1:17059539-17059788_non_binding_684,1,0.8879252076148987
bHLH_1:17059539-17059788_reference_binding_2096,1,0.8987982869148254
bHLH_1:17080228-17080477_binding_126,1,0.927069902420044
bHLH_1:17080228-17080477_binding_176,1,0.9160463213920593
bHLH_1:17080228-17080477_binding_184,1,0.9276137351989746
bHLH_1:17080228-17080477_reference_binding_2114,1,0.929669201374054
bHLH_1:17100871-17101120_non_binding_901,1,0.8723000884056091
bHLH_1:17100871-17101120_reference_binding_2640,1,0.8743910789489746
bHLH_1:1713548-1713797_binding_1116,1,0.8371070623397827
bHLH_1:1713548-1713797_binding_60,1,0.8069316148757935
bHLH_1:17171121-17171370_binding_1059,1,0.8309822678565979
bHLH_1:17171121-17171370_reference_binding_2705,1,0.834037721157074
bHLH_1:17280893-17281142_non_binding_1817,1,0.9409083127975464
bHLH_1:17280893-17281142_non_binding_1856,1,0.9416428804397583
bHLH_1:17280893-17281142_non_binding_1916,1,0.9425504803657532
bHLH_1:17280893-17281142_reference_binding_2941,1,0.9407302141189575
bHLH_1:17344885-17345134_binding_76,1,0.8924298286437988
bHLH_1:17344885-17345134_reference_binding_2072,1,0.9197539687156677
bHLH_1:17384880-17385129_non_binding_1575,1,0.9288403391838074
bHLH_1:17384880-17385129_non_binding_557,1,0.9223177433013916
bHLH_1:17384880-17385129_reference_binding_2388,1,0.9257237911224365
bHLH_1:17405579-17405828_non_binding_1955,1,0.8761264681816101
bHLH_1:17405579-17405828_reference_binding_2977,1,0.8801453709602356
bHLH_1:17445879-17446128_binding_1062,1,0.8467170000076294
bHLH_1:17445879-17446128_binding_1206,1,0.8560969233512878
bHLH_1:17445879-17446128_binding_492,1,0.8606447577476501
bHLH_1:17445879-17446128_reference_binding_2330,1,0.8573479652404785
bHLH_1:17499705-17499954_non_binding_1985,1,0.8915510177612305
bHLH_1:17499705-17499954_reference_binding_2985,1,0.9263287782669067
bHLH_1:17529347-17529596_binding_479,1,0.8776852488517761
bHLH_1:17529347-17529596_reference_binding_2324,1,0.8732830286026001
bHLH_1:1761393-1761642_binding_1267,1,0.8892553448677063
bHLH_1:1761393-1761642_binding_379,1,0.8608592748641968
bHLH_1:1761393-1761642_binding_462,1,0.8929630517959595
bHLH_1:1761393-1761642_reference_binding_2269,1,0.8979455232620239
bHLH_1:17627809-17628058_non_binding_669,1,0.7978538870811462
bHLH_1:17627809-17628058_non_binding_935,1,0.7968242168426514
bHLH_1:17627809-17628058_reference_binding_2478,1,0.804078996181488
bHLH_1:17633431-17633680_non_binding_1759,1,0.9095266461372375
bHLH_1:17633431-17633680_non_binding_1896,1,0.9049963355064392
bHLH_1:17633431-17633680_reference_binding_2913,1,0.9148613214492798
bHLH_1:1766042-1766291_non_binding_859,1,0.7932677865028381
bHLH_1:1766042-1766291_reference_binding_2609,1,0.7949831485748291
bHLH_1:1769902-1770151_non_binding_992,1,0.8904520869255066
bHLH_1:1769902-1770151_reference_binding_2679,1,0.8875042200088501
bHLH_1:17700079-17700328_non_binding_804,1,0.7903597354888916
bHLH_1:17700079-17700328_reference_binding_2577,1,0.8024183511734009
bHLH_1:17720326-17720575_non_binding_739,1,0.8327802419662476
bHLH_1:17720326-17720575_reference_binding_2531,1,0.829983651638031
bHLH_1:17750399-17750648_non_binding_1500,1,0.9179215431213379
bHLH_1:17750399-17750648_non_binding_1622,1,0.9196388721466064
bHLH_1:17750399-17750648_reference_binding_2792,1,0.9194380044937134
bHLH_1:17871800-17872049_non_binding_1799,1,0.8744505643844604
bHLH_1:17871800-17872049_non_binding_1995,1,0.8619087338447571
bHLH_1:17871800-17872049_reference_binding_2930,1,0.8665889501571655
bHLH_1:17893968-17894217_non_binding_752,1,0.913595974445343
bHLH_1:17893968-17894217_reference_binding_2542,1,0.9168976545333862
bHLH_1:17920209-17920458_non_binding_711,1,0.867254912853241
bHLH_1:17920209-17920458_reference_binding_2513,1,0.8657330870628357
bHLH_1:17955545-17955794_non_binding_1802,1,0.8620277643203735
bHLH_1:17955545-17955794_non_binding_885,1,0.8498684167861938
bHLH_1:17955545-17955794_reference_binding_2630,1,0.8562485575675964
bHLH_1:18015487-18015736_non_binding_1778,1,0.9060988426208496
bHLH_1:18015487-18015736_non_binding_1903,1,0.9026591181755066
bHLH_1:18015487-18015736_non_binding_1945,1,0.912021279335022
bHLH_1:18015487-18015736_non_binding_834,1,0.8822141289710999
bHLH_1:18015487-18015736_reference_binding_2594,1,0.8855499029159546
bHLH_1:18018116-18018365_binding_1350,1,0.8826865553855896
bHLH_1:18018116-18018365_non_binding_1584,1,0.886235773563385
bHLH_1:18018116-18018365_reference_binding_2780,1,0.8940128684043884
bHLH_1:18051261-18051510_non_binding_1678,1,0.9051201939582825
bHLH_1:18051261-18051510_non_binding_1730,1,0.9057922959327698
bHLH_1:18051261-18051510_non_binding_823,1,0.9083147048950195
bHLH_1:18051261-18051510_reference_binding_2588,1,0.9058569073677063
bHLH_1:18052552-18052801_non_binding_1988,1,0.909498929977417
bHLH_1:18052552-18052801_non_binding_818,1,0.9076607823371887
bHLH_1:18052552-18052801_reference_binding_2586,1,0.9087867736816406
bHLH_1:18091174-18091423_non_binding_1773,1,0.921388566493988
bHLH_1:18091174-18091423_non_binding_603,1,0.9225128293037415
bHLH_1:18091174-18091423_reference_binding_2424,1,0.9255331158638
bHLH_1:18140758-18141007_binding_140,1,0.9182789325714111
bHLH_1:18140758-18141007_reference_binding_2126,1,0.9173543453216553
bHLH_1:18157830-18158079_binding_249,1,0.9129844903945923
bHLH_1:18157830-18158079_reference_binding_2199,1,0.9189479947090149
bHLH_1:18182506-18182755_non_binding_1749,1,0.8830135464668274
bHLH_1:18182506-18182755_non_binding_616,1,0.8826834559440613
bHLH_1:18182506-18182755_reference_binding_2437,1,0.8813017010688782
bHLH_1:18182758-18183007_non_binding_911,1,0.9144578576087952
bHLH_1:18182758-18183007_reference_binding_2648,1,0.9175888299942017
bHLH_1:18217105-18217354_non_binding_729,1,0.882448136806488
bHLH_1:18217105-18217354_reference_binding_2525,1,0.8877987265586853
bHLH_1:18230743-18230992_binding_1240,1,0.8978766798973083
bHLH_1:18230743-18230992_binding_1428,1,0.8976389169692993
bHLH_1:18230743-18230992_binding_85,1,0.8977352976799011
bHLH_1:18230743-18230992_reference_binding_2080,1,0.8998072743415833
bHLH_1:18231224-18231473_binding_1129,1,0.9130652546882629
bHLH_1:18231224-18231473_reference_binding_2727,1,0.9139215350151062
bHLH_1:18275860-18276109_non_binding_1662,1,0.924730658531189
bHLH_1:18275860-18276109_reference_binding_2874,1,0.9252822995185852
bHLH_1:1842443-1842692_non_binding_1811,1,0.8883873224258423
bHLH_1:1842443-1842692_reference_binding_2937,1,0.877755343914032
bHLH_1:18450397-18450646_non_binding_1726,1,0.8921672701835632
bHLH_1:18450397-18450646_non_binding_520,1,0.8917402029037476
bHLH_1:18450397-18450646_reference_binding_2353,1,0.8974611163139343
bHLH_1:18452483-18452732_non_binding_1910,1,0.7909641861915588
bHLH_1:18452483-18452732_non_binding_509,1,0.7615446448326111
bHLH_1:18452483-18452732_reference_binding_2342,1,0.7736169099807739
bHLH_1:18479569-18479818_binding_1143,1,0.8798035979270935
bHLH_1:18479569-18479818_reference_binding_2734,1,0.8830982446670532
bHLH_1:18526363-18526612_binding_378,1,0.923066258430481
bHLH_1:18526363-18526612_reference_binding_2268,1,0.928467333316803
bHLH_1:18533912-18534161_binding_1209,1,0.9286781549453735
bHLH_1:18533912-18534161_binding_1219,1,0.9286116361618042
bHLH_1:18533912-18534161_binding_1433,1,0.9270365238189697
bHLH_1:18533912-18534161_binding_1448,1,0.9298035502433777
bHLH_1:18533912-18534161_binding_1468,1,0.9280304908752441
bHLH_1:18533912-18534161_binding_310,1,0.9276450276374817
bHLH_1:18533912-18534161_reference_binding_2232,1,0.9337943196296692
bHLH_1:18546150-18546399_binding_1340,1,0.8882431387901306
bHLH_1:18546150-18546399_reference_binding_2777,1,0.8821074962615967
bHLH_1:18551171-18551420_non_binding_1666,1,0.885221004486084
bHLH_1:18551171-18551420_reference_binding_2877,1,0.8795421123504639
bHLH_1:18581607-18581856_binding_24,1,0.9187424182891846
bHLH_1:18581607-18581856_non_binding_1740,1,0.9086235165596008
bHLH_1:18581607-18581856_non_binding_1907,1,0.9174790382385254
bHLH_1:18581607-18581856_non_binding_893,1,0.9064943194389343
bHLH_1:18581607-18581856_reference_binding_2024,1,0.9107213616371155
bHLH_1:18640234-18640483_binding_312,1,0.9016212224960327
bHLH_1:18640234-18640483_reference_binding_2234,1,0.9223383069038391
bHLH_1:18662894-18663143_non_binding_523,1,0.8983527421951294
bHLH_1:18662894-18663143_non_binding_698,1,0.9013887643814087
bHLH_1:18662894-18663143_reference_binding_2356,1,0.903924286365509
bHLH_1:18676250-18676499_non_binding_519,1,0.8584287762641907
bHLH_1:18676250-18676499_reference_binding_2352,1,0.8571059703826904
bHLH_1:1870220-1870469_non_binding_908,1,0.9168115854263306
bHLH_1:1870220-1870469_reference_binding_2646,1,0.9228308200836182
bHLH_1:18711894-18712143_binding_264,1,0.9182559251785278
bHLH_1:18711894-18712143_reference_binding_2206,1,0.9270781874656677
bHLH_1:18730546-18730795_binding_367,1,0.9176818132400513
bHLH_1:18730546-18730795_reference_binding_2262,1,0.921757698059082
bHLH_1:18843078-18843327_non_binding_1674,1,0.8592010736465454
bHLH_1:18843078-18843327_reference_binding_2881,1,0.8638865351676941
bHLH_1:18851475-18851724_non_binding_1747,1,0.922149121761322
bHLH_1:18851475-18851724_reference_binding_2908,1,0.9240797162055969
bHLH_1:18861198-18861447_binding_75,1,0.9117326140403748
bHLH_1:18861198-18861447_reference_binding_2071,1,0.9083705544471741
bHLH_1:1887874-1888123_non_binding_627,1,0.8977015614509583
bHLH_1:1887874-1888123_reference_binding_2444,1,0.9011491537094116
bHLH_1:18899972-18900221_binding_407,1,0.8614680171012878
bHLH_1:18899972-18900221_binding_415,1,0.8500296473503113
bHLH_1:18899972-18900221_reference_binding_2285,1,0.8721593618392944
bHLH_1:18904088-18904337_non_binding_525,1,0.872842013835907
bHLH_1:18904088-18904337_reference_binding_2358,1,0.8753182888031006
bHLH_1:18953491-18953740_non_binding_878,1,0.858217716217041
bHLH_1:18953491-18953740_reference_binding_2623,1,0.855569064617157
bHLH_1:18964522-18964771_binding_1310,1,0.8703176975250244
bHLH_1:18964522-18964771_reference_binding_2770,1,0.8668875098228455
bHLH_1:18990097-18990346_non_binding_1508,1,0.8966546654701233
bHLH_1:18990097-18990346_non_binding_1648,1,0.8962617516517639
bHLH_1:18990097-18990346_non_binding_788,1,0.9058063626289368
bHLH_1:18990097-18990346_non_binding_996,1,0.8968396782875061
bHLH_1:18990097-18990346_reference_binding_2569,1,0.8976603746414185
bHLH_1:18999241-18999490_binding_1000,1,0.8903838992118835
bHLH_1:18999241-18999490_binding_1157,1,0.8928505778312683
bHLH_1:18999241-18999490_reference_binding_2681,1,0.8900167942047119
bHLH_1:19038397-19038646_non_binding_1533,1,0.8950397372245789
bHLH_1:19038397-19038646_non_binding_1672,1,0.8966156244277954
bHLH_1:19038397-19038646_reference_binding_2810,1,0.8959611654281616
bHLH_1:19072252-19072501_non_binding_592,1,0.8680239915847778
bHLH_1:19072252-19072501_non_binding_921,1,0.858981192111969
bHLH_1:19072252-19072501_reference_binding_2415,1,0.8739556074142456
bHLH_1:19118123-19118372_binding_1186,1,0.8729013800621033
bHLH_1:19118123-19118372_non_binding_962,1,0.8577275276184082
bHLH_1:19118123-19118372_reference_binding_2671,1,0.8791850209236145
bHLH_1:19118414-19118663_non_binding_884,1,0.8845897912979126
bHLH_1:19118414-19118663_reference_binding_2629,1,0.8866168260574341
bHLH_1:19354507-19354756_non_binding_566,1,0.8493587970733643
bHLH_1:19354507-19354756_reference_binding_2393,1,0.8450877070426941
bHLH_1:19410685-19410934_non_binding_1701,1,0.8853657245635986
bHLH_1:19410685-19410934_non_binding_877,1,0.8825939893722534
bHLH_1:19410685-19410934_non_binding_965,1,0.8768599629402161
bHLH_1:19410685-19410934_reference_binding_2622,1,0.8842427134513855
bHLH_1:19412798-19413047_non_binding_934,1,0.9085808992385864
bHLH_1:19412798-19413047_reference_binding_2661,1,0.9038693308830261
bHLH_1:19432803-19433052_non_binding_1765,1,0.913094699382782
bHLH_1:19432803-19433052_non_binding_1929,1,0.9204305410385132
bHLH_1:19432803-19433052_reference_binding_2916,1,0.9224935173988342
bHLH_1:19446189-19446438_binding_137,1,0.9116936922073364
bHLH_1:19446189-19446438_non_binding_939,1,0.8865439295768738
bHLH_1:19446189-19446438_reference_binding_2123,1,0.9087691307067871
bHLH_1:19446922-19447171_binding_393,1,0.8562700152397156
bHLH_1:19446922-19447171_non_binding_694,1,0.8577646017074585
bHLH_1:19446922-19447171_non_binding_781,1,0.852607011795044
bHLH_1:19446922-19447171_reference_binding_2275,1,0.857033371925354
bHLH_1:19480211-19480460_binding_212,1,0.9107431173324585
bHLH_1:19480211-19480460_reference_binding_2174,1,0.9026257395744324
bHLH_1:19501945-19502194_non_binding_1522,1,0.846504271030426
bHLH_1:19501945-19502194_non_binding_876,1,0.8415033221244812
bHLH_1:19501945-19502194_reference_binding_2621,1,0.8435197472572327
bHLH_1:19519373-19519622_non_binding_775,1,0.9214597940444946
bHLH_1:19519373-19519622_reference_binding_2559,1,0.922012448310852
bHLH_1:19534385-19534634_non_binding_1829,1,0.91310715675354
bHLH_1:19534385-19534634_non_binding_1863,1,0.9150526523590088
bHLH_1:19534385-19534634_non_binding_1975,1,0.9130067825317383
bHLH_1:19534385-19534634_non_binding_1980,1,0.9085030555725098
bHLH_1:19534385-19534634_reference_binding_2946,1,0.9091922044754028
bHLH_1:19544696-19544945_non_binding_621,1,0.9092169404029846
bHLH_1:19544696-19544945_reference_binding_2440,1,0.9093347191810608
bHLH_1:1957380-1957629_non_binding_680,1,0.8578817248344421
bHLH_1:1957380-1957629_non_binding_803,1,0.8447176814079285
bHLH_1:1957380-1957629_reference_binding_2487,1,0.8659007549285889
bHLH_1:19581767-19582016_binding_397,1,0.9185112714767456
bHLH_1:19581767-19582016_binding_7,1,0.9193931221961975
bHLH_1:19581767-19582016_reference_binding_2007,1,0.9202955961227417
bHLH_1:19607667-19607916_binding_234,1,0.9163175225257874
bHLH_1:19607667-19607916_reference_binding_2189,1,0.9192912578582764
bHLH_1:19635021-19635270_binding_1084,1,0.8984940648078918
bHLH_1:19635021-19635270_reference_binding_2713,1,0.9056892395019531
bHLH_1:19673542-19673791_binding_1038,1,0.904977023601532
bHLH_1:19673542-19673791_binding_1220,1,0.9049175381660461
bHLH_1:19673542-19673791_binding_133,1,0.9058601260185242
bHLH_1:19673542-19673791_binding_298,1,0.9085347652435303
bHLH_1:19673542-19673791_binding_385,1,0.9113326668739319
bHLH_1:19673542-19673791_reference_binding_2119,1,0.896428644657135
bHLH_1:1971527-1971776_binding_150,1,0.8417726159095764
bHLH_1:1971527-1971776_reference_binding_2132,1,0.8803339004516602
bHLH_1:19781926-19782175_binding_419,1,0.8710367679595947
bHLH_1:19781926-19782175_reference_binding_2292,1,0.8598997592926025
bHLH_1:19789205-19789454_non_binding_1965,1,0.9248327016830444
bHLH_1:19789205-19789454_non_binding_1992,1,0.9168204665184021
bHLH_1:19789205-19789454_reference_binding_2981,1,0.9081532955169678
bHLH_1:19825249-19825498_binding_1225,1,0.87244713306427
bHLH_1:19825249-19825498_binding_289,1,0.8812958002090454
bHLH_1:19825249-19825498_binding_321,1,0.8779807090759277
bHLH_1:19825249-19825498_reference_binding_2218,1,0.8691264986991882
bHLH_1:19825990-19826239_non_binding_1875,1,0.8920201659202576
bHLH_1:19825990-19826239_non_binding_1902,1,0.9149528741836548
bHLH_1:19825990-19826239_reference_binding_2960,1,0.9151745438575745
bHLH_1:19837737-19837986_non_binding_1628,1,0.8693012595176697
bHLH_1:19837737-19837986_non_binding_723,1,0.8699451088905334
bHLH_1:19837737-19837986_reference_binding_2521,1,0.8692119717597961
bHLH_1:19891360-19891609_non_binding_704,1,0.8640468120574951
bHLH_1:19891360-19891609_reference_binding_2506,1,0.8640812635421753
bHLH_1:19911168-19911417_non_binding_1812,1,0.8783416748046875
bHLH_1:19911168-19911417_reference_binding_2938,1,0.8788249492645264
bHLH_1:19912710-19912959_non_binding_1967,1,0.9248658418655396
bHLH_1:19912710-19912959_reference_binding_2982,1,0.9270568490028381
bHLH_1:20066351-20066600_non_binding_914,1,0.8876388072967529
bHLH_1:20066351-20066600_reference_binding_2650,1,0.8894287347793579
bHLH_1:20094539-20094788_binding_287,1,0.913751482963562
bHLH_1:20094539-20094788_reference_binding_2216,1,0.9215381741523743
bHLH_1:20169565-20169814_non_binding_1830,1,0.8880432844161987
bHLH_1:20169565-20169814_non_binding_1833,1,0.8851056098937988
bHLH_1:20169565-20169814_reference_binding_2947,1,0.878386378288269
bHLH_1:2017631-2017880_non_binding_740,1,0.9253720641136169
bHLH_1:2017631-2017880_non_binding_790,1,0.9194619059562683
bHLH_1:2017631-2017880_reference_binding_2532,1,0.9238806366920471
bHLH_1:20209424-20209673_binding_205,1,0.9023826718330383
bHLH_1:20209424-20209673_reference_binding_2170,1,0.9094361662864685
bHLH_1:20262195-20262444_non_binding_1560,1,0.8865982294082642
bHLH_1:20262195-20262444_non_binding_1576,1,0.8778365254402161
bHLH_1:20262195-20262444_non_binding_1636,1,0.8986629843711853
bHLH_1:20262195-20262444_non_binding_1695,1,0.8917310237884521
bHLH_1:20262195-20262444_non_binding_1716,1,0.8931888937950134
bHLH_1:20262195-20262444_non_binding_1807,1,0.8808549046516418
bHLH_1:20262195-20262444_non_binding_1847,1,0.8824683427810669
bHLH_1:20262195-20262444_non_binding_1983,1,0.8805574178695679
bHLH_1:20262195-20262444_non_binding_562,1,0.8836743235588074
bHLH_1:20262195-20262444_reference_binding_2392,1,0.8873115181922913
bHLH_1:20326511-20326760_non_binding_514,1,0.8946918249130249
bHLH_1:20326511-20326760_reference_binding_2347,1,0.894245982170105
bHLH_1:20333450-20333699_non_binding_1911,1,0.9176920056343079
bHLH_1:20333450-20333699_non_binding_772,1,0.8979297280311584
bHLH_1:20333450-20333699_non_binding_949,1,0.8957734704017639
bHLH_1:20333450-20333699_reference_binding_2557,1,0.8966410756111145
bHLH_1:2035447-2035696_binding_1337,1,0.8993024826049805
bHLH_1:2035447-2035696_non_binding_783,1,0.9095792770385742
bHLH_1:2035447-2035696_reference_binding_2565,1,0.9135398864746094
bHLH_1:20386055-20386304_non_binding_522,1,0.8975784778594971
bHLH_1:20386055-20386304_non_binding_900,1,0.8983989953994751
bHLH_1:20386055-20386304_reference_binding_2355,1,0.8992329239845276
bHLH_1:20393487-20393736_binding_128,1,0.9260975122451782
bHLH_1:20393487-20393736_reference_binding_2115,1,0.9350436925888062
bHLH_1:20445556-20445805_binding_113,1,0.9172467589378357
bHLH_1:20445556-20445805_binding_1159,1,0.9198143482208252
bHLH_1:20445556-20445805_reference_binding_2103,1,0.9161262512207031
bHLH_1:20450026-20450275_non_binding_612,1,0.8961933255195618
bHLH_1:20450026-20450275_reference_binding_2433,1,0.9019166827201843
bHLH_1:20463176-20463425_binding_1218,1,0.9216015338897705
bHLH_1:20463176-20463425_binding_353,1,0.9138249158859253
bHLH_1:20463176-20463425_reference_binding_2254,1,0.922502338886261
bHLH_1:20464864-20465113_non_binding_1864,1,0.9042648077011108
bHLH_1:20464864-20465113_reference_binding_2958,1,0.8966654539108276
bHLH_1:20504519-20504768_non_binding_1545,1,0.926703155040741
bHLH_1:20504519-20504768_reference_binding_2817,1,0.9263759851455688
bHLH_1:20524660-20524909_non_binding_1713,1,0.9293718338012695
bHLH_1:20524660-20524909_non_binding_510,1,0.9295943379402161
bHLH_1:20524660-20524909_reference_binding_2343,1,0.9277214407920837
bHLH_1:20551827-20552076_non_binding_1842,1,0.9256830811500549
bHLH_1:20551827-20552076_reference_binding_2952,1,0.9224039912223816
bHLH_1:20554334-20554583_non_binding_610,1,0.7956250905990601
bHLH_1:20554334-20554583_reference_binding_2431,1,0.8017669320106506
bHLH_1:20575572-20575821_binding_1261,1,0.8736029863357544
bHLH_1:20575572-20575821_reference_binding_2756,1,0.8741026520729065
bHLH_1:20587883-20588132_non_binding_880,1,0.8976117968559265
bHLH_1:20587883-20588132_reference_binding_2625,1,0.8964317440986633
bHLH_1:20625943-20626192_non_binding_761,1,0.9161202907562256
bHLH_1:20625943-20626192_reference_binding_2550,1,0.90541672706604
bHLH_1:20651380-20651629_binding_309,1,0.873595654964447
bHLH_1:20651380-20651629_reference_binding_2231,1,0.8813689351081848
bHLH_1:20654727-20654976_non_binding_701,1,0.9061621427536011
bHLH_1:20654727-20654976_reference_binding_2503,1,0.9097210764884949
bHLH_1:20677307-20677556_non_binding_632,1,0.908149242401123
bHLH_1:20677307-20677556_reference_binding_2449,1,0.9116500616073608
bHLH_1:20678774-20679023_binding_1109,1,0.917992115020752
bHLH_1:20678774-20679023_binding_1151,1,0.9179912209510803
bHLH_1:20678774-20679023_binding_1166,1,0.9148185849189758
bHLH_1:20678774-20679023_binding_1347,1,0.920088529586792
bHLH_1:20678774-20679023_binding_1390,1,0.9131966233253479
bHLH_1:20678774-20679023_binding_1402,1,0.91739422082901
bHLH_1:20678774-20679023_binding_1426,1,0.9195343852043152
bHLH_1:20678774-20679023_binding_1474,1,0.9163335561752319
bHLH_1:20678774-20679023_reference_binding_2722,1,0.9166425466537476
bHLH_1:20681618-20681867_non_binding_1854,1,0.8995358943939209
bHLH_1:20681618-20681867_non_binding_1866,1,0.8989015817642212
bHLH_1:20681618-20681867_reference_binding_2954,1,0.894389271736145
bHLH_1:20689491-20689740_non_binding_1642,1,0.8885489106178284
bHLH_1:20689491-20689740_reference_binding_2865,1,0.8914743661880493
bHLH_1:20701633-20701882_binding_1019,1,0.9288583397865295
bHLH_1:20701633-20701882_binding_197,1,0.9329640865325928
bHLH_1:20701633-20701882_binding_409,1,0.9248390197753906
bHLH_1:20701633-20701882_reference_binding_2163,1,0.9321445822715759
bHLH_1:207017-207266_binding_209,1,0.8860067129135132
bHLH_1:207017-207266_binding_37,1,0.8685683012008667
bHLH_1:207017-207266_binding_382,1,0.8831903338432312
bHLH_1:207017-207266_reference_binding_2036,1,0.895180344581604
bHLH_1:20760984-20761233_reference_binding_2023,1,0.928238034248352
bHLH_1:2076798-2077047_non_binding_1548,1,0.7837709784507751
bHLH_1:2076798-2077047_non_binding_1696,1,0.779213547706604
bHLH_1:2076798-2077047_reference_binding_2820,1,0.7820979356765747
bHLH_1:20779102-20779351_non_binding_1616,1,0.9036244750022888
bHLH_1:20779102-20779351_reference_binding_2854,1,0.8995987176895142
bHLH_1:20785513-20785762_non_binding_862,1,0.8332005143165588
bHLH_1:20785513-20785762_reference_binding_2611,1,0.8305115103721619
bHLH_1:20828029-20828278_non_binding_1649,1,0.9229586720466614
bHLH_1:20828029-20828278_reference_binding_2868,1,0.9252522587776184
bHLH_1:20830560-20830809_non_binding_1898,1,0.8900637626647949
bHLH_1:20830560-20830809_non_binding_1901,1,0.8862388134002686
bHLH_1:20830560-20830809_reference_binding_2964,1,0.8961592316627502
bHLH_1:20891503-20891752_non_binding_642,1,0.857467532157898
bHLH_1:20891503-20891752_reference_binding_2456,1,0.8578890562057495
bHLH_1:209076-209325_non_binding_1709,1,0.9196054935455322
bHLH_1:209076-209325_non_binding_923,1,0.9208794236183167
bHLH_1:209076-209325_reference_binding_2655,1,0.9215101599693298
bHLH_1:20921681-20921930_non_binding_1542,1,0.9069114327430725
bHLH_1:20921681-20921930_non_binding_709,1,0.9038926362991333
bHLH_1:20921681-20921930_reference_binding_2511,1,0.9100703001022339
bHLH_1:21030606-21030855_binding_448,1,0.9167746305465698
bHLH_1:21030606-21030855_reference_binding_2305,1,0.925999104976654
bHLH_1:21067397-21067646_non_binding_1634,1,0.8568475246429443
bHLH_1:21067397-21067646_non_binding_1732,1,0.851507306098938
bHLH_1:21067397-21067646_non_binding_1741,1,0.8625167608261108
bHLH_1:21067397-21067646_reference_binding_2862,1,0.8642103672027588
bHLH_1:21134030-21134279_non_binding_530,1,0.8839800953865051
bHLH_1:21134030-21134279_reference_binding_2363,1,0.8836869597434998
bHLH_1:21143469-21143718_non_binding_1578,1,0.902829647064209
bHLH_1:21143469-21143718_non_binding_964,1,0.9126623868942261
bHLH_1:21143469-21143718_reference_binding_2672,1,0.9082251191139221
bHLH_1:212404-212653_non_binding_618,1,0.8875544667243958
bHLH_1:212404-212653_reference_binding_2439,1,0.8921907544136047
bHLH_1:21241938-21242187_binding_1054,1,0.9138331413269043
bHLH_1:21241938-21242187_binding_420,1,0.9157438278198242
bHLH_1:21241938-21242187_binding_475,1,0.9208680391311646
bHLH_1:21241938-21242187_reference_binding_2293,1,0.9169183373451233
bHLH_1:21243678-21243927_binding_83,1,0.9040858745574951
bHLH_1:21243678-21243927_reference_binding_2078,1,0.9085087776184082
bHLH_1:21259608-21259857_non_binding_1571,1,0.8907834887504578
bHLH_1:21259608-21259857_reference_binding_2832,1,0.8941980004310608
bHLH_1:21264672-21264921_non_binding_1736,1,0.8491482138633728
bHLH_1:21264672-21264921_non_binding_513,1,0.841699481010437
bHLH_1:21264672-21264921_reference_binding_2346,1,0.8441476821899414
bHLH_1:2132912-2133161_non_binding_1505,1,0.8889733552932739
bHLH_1:2132912-2133161_reference_binding_2797,1,0.891556441783905
bHLH_1:21336942-21337191_non_binding_531,1,0.9147286415100098
bHLH_1:21336942-21337191_non_binding_966,1,0.9078815579414368
bHLH_1:21336942-21337191_reference_binding_2364,1,0.913002610206604
bHLH_1:21372506-21372755_non_binding_905,1,0.8482678532600403
bHLH_1:21372506-21372755_reference_binding_2643,1,0.8493391871452332
bHLH_1:2139753-2140002_non_binding_860,1,0.8252332806587219
bHLH_1:2139753-2140002_reference_binding_2610,1,0.8279990553855896
bHLH_1:21410680-21410929_binding_148,1,0.924092173576355
bHLH_1:21410680-21410929_binding_244,1,0.923782229423523
bHLH_1:21410680-21410929_binding_430,1,0.9160249829292297
bHLH_1:21410680-21410929_reference_binding_2130,1,0.9184973835945129
bHLH_1:21430117-21430366_binding_1326,1,0.8300308585166931
bHLH_1:21430117-21430366_binding_354,1,0.8458132147789001
bHLH_1:21430117-21430366_binding_40,1,0.8438089489936829
bHLH_1:21430117-21430366_binding_442,1,0.8370195031166077
bHLH_1:21430117-21430366_reference_binding_2038,1,0.8594741821289062
bHLH_1:21456929-21457178_non_binding_1530,1,0.8591227531433105
bHLH_1:21456929-21457178_reference_binding_2808,1,0.8439532518386841
bHLH_1:215276-215525_binding_19,1,0.9191114902496338
bHLH_1:215276-215525_binding_468,1,0.9087170958518982
bHLH_1:215276-215525_reference_binding_2019,1,0.9136700630187988
bHLH_1:21534711-21534960_non_binding_1601,1,0.9378981590270996
bHLH_1:21534711-21534960_reference_binding_2845,1,0.935457706451416
bHLH_1:21724619-21724868_non_binding_751,1,0.9191708564758301
bHLH_1:21724619-21724868_non_binding_762,1,0.9011822938919067
bHLH_1:21724619-21724868_non_binding_844,1,0.9067128300666809
bHLH_1:21724619-21724868_reference_binding_2541,1,0.913181722164154
bHLH_1:2181467-2181716_binding_1177,1,0.9231526851654053
bHLH_1:2181467-2181716_reference_binding_2741,1,0.9264856576919556
bHLH_1:21877293-21877542_binding_1153,1,0.8701223731040955
bHLH_1:21877293-21877542_reference_binding_2737,1,0.8882434964179993
bHLH_1:21897124-21897373_non_binding_1973,1,0.8876091837882996
bHLH_1:21897124-21897373_reference_binding_2984,1,0.8827574849128723
bHLH_1:21909377-21909626_non_binding_670,1,0.8289493322372437
bHLH_1:21909377-21909626_reference_binding_2479,1,0.8341277837753296
bHLH_1:219164-219413_binding_1107,1,0.8900151252746582
bHLH_1:219164-219413_reference_binding_2721,1,0.903736412525177
bHLH_1:21923716-21923965_non_binding_1764,1,0.9116973280906677
bHLH_1:21923716-21923965_reference_binding_2915,1,0.9113883376121521
bHLH_1:2192973-2193222_binding_1373,1,0.8999053239822388
bHLH_1:2192973-2193222_reference_binding_2784,1,0.9022277593612671
bHLH_1:21940841-21941090_binding_1108,1,0.9190887212753296
bHLH_1:21940841-21941090_binding_123,1,0.9214615225791931
bHLH_1:21940841-21941090_binding_1263,1,0.9198832511901855
bHLH_1:21940841-21941090_binding_1457,1,0.9209078550338745
bHLH_1:21940841-21941090_non_binding_686,1,0.913792073726654
bHLH_1:21940841-21941090_reference_binding_2111,1,0.9204794764518738
bHLH_1:21976546-21976795_non_binding_881,1,0.8658682107925415
bHLH_1:21976546-21976795_reference_binding_2626,1,0.8667563199996948
bHLH_1:21981881-21982130_non_binding_749,1,0.915987491607666
bHLH_1:21981881-21982130_reference_binding_2539,1,0.9148805737495422
bHLH_1:2198605-2198854_non_binding_1993,1,0.8582537770271301
bHLH_1:2198605-2198854_reference_binding_2987,1,0.8335935473442078
bHLH_1:22054888-22055137_non_binding_1521,1,0.8359919190406799
bHLH_1:22054888-22055137_non_binding_903,1,0.8323184847831726
bHLH_1:22054888-22055137_reference_binding_2641,1,0.8316702842712402
bHLH_1:22065053-22065302_binding_333,1,0.9331731200218201
bHLH_1:22065053-22065302_binding_484,1,0.9306902885437012
bHLH_1:22065053-22065302_reference_binding_2243,1,0.9371302127838135
bHLH_1:2206671-2206920_non_binding_608,1,0.7997450828552246
bHLH_1:2206671-2206920_reference_binding_2429,1,0.8130773901939392
bHLH_1:22101706-22101955_non_binding_710,1,0.8780865669250488
bHLH_1:22101706-22101955_non_binding_835,1,0.886827826499939
bHLH_1:22101706-22101955_reference_binding_2512,1,0.8870353102684021
bHLH_1:22103296-22103545_non_binding_755,1,0.888644278049469
bHLH_1:22103296-22103545_non_binding_933,1,0.8897526264190674
bHLH_1:22103296-22103545_reference_binding_2545,1,0.8923870921134949
bHLH_1:22104124-22104373_binding_1405,1,0.8107134103775024
bHLH_1:22104124-22104373_binding_1490,1,0.8053290843963623
bHLH_1:22104124-22104373_reference_binding_2788,1,0.8111116290092468
bHLH_1:22119528-22119777_non_binding_1580,1,0.88993901014328
bHLH_1:22119528-22119777_reference_binding_2834,1,0.8907625675201416
bHLH_1:22127552-22127801_non_binding_1697,1,0.8998006582260132
bHLH_1:22127552-22127801_reference_binding_2887,1,0.903984785079956
bHLH_1:22137705-22137954_binding_1086,1,0.8818947076797485
bHLH_1:22137705-22137954_binding_65,1,0.8972700834274292
bHLH_1:22137705-22137954_reference_binding_2061,1,0.8962765336036682
bHLH_1:2214797-2215046_non_binding_1872,1,0.9032832980155945
bHLH_1:2214797-2215046_non_binding_542,1,0.9146844148635864
bHLH_1:2214797-2215046_non_binding_668,1,0.9175589680671692
bHLH_1:2214797-2215046_reference_binding_2375,1,0.9201155304908752
bHLH_1:22164027-22164276_non_binding_636,1,0.9388734698295593
bHLH_1:22164027-22164276_non_binding_955,1,0.934918224811554
bHLH_1:22164027-22164276_reference_binding_2453,1,0.9389494061470032
bHLH_1:22184575-22184824_binding_95,1,0.9012427926063538
bHLH_1:22184575-22184824_reference_binding_2089,1,0.898817241191864
bHLH_1:22212187-22212436_non_binding_1579,1,0.8604698777198792
bHLH_1:22212187-22212436_non_binding_771,1,0.8386178016662598
bHLH_1:22212187-22212436_non_binding_851,1,0.8359431028366089
bHLH_1:22212187-22212436_reference_binding_2556,1,0.8478185534477234
bHLH_1:22217626-22217875_non_binding_699,1,0.9248019456863403
bHLH_1:22217626-22217875_non_binding_987,1,0.9205852150917053
bHLH_1:22217626-22217875_reference_binding_2501,1,0.9284880757331848
bHLH_1:22265312-22265561_binding_257,1,0.9161980748176575
bHLH_1:22265312-22265561_binding_9,1,0.9135457277297974
bHLH_1:22265312-22265561_reference_binding_2009,1,0.9218642115592957
bHLH_1:22279728-22279977_non_binding_794,1,0.8798598051071167
bHLH_1:22279728-22279977_reference_binding_2574,1,0.8907660245895386
bHLH_1:22284313-22284562_non_binding_1959,1,0.8346489667892456
bHLH_1:22284313-22284562_reference_binding_2979,1,0.8293054699897766
bHLH_1:22312060-22312309_binding_1141,1,0.828832745552063
bHLH_1:22312060-22312309_binding_364,1,0.8820266723632812
bHLH_1:22312060-22312309_reference_binding_2260,1,0.8346003293991089
bHLH_1:22319304-22319553_non_binding_573,1,0.9286957383155823
bHLH_1:22319304-22319553_reference_binding_2398,1,0.9338136911392212
bHLH_1:22341210-22341459_binding_224,1,0.8860763907432556
bHLH_1:22341210-22341459_reference_binding_2181,1,0.898819625377655
bHLH_1:22355648-22355897_non_binding_773,1,0.8177726864814758
bHLH_1:22355648-22355897_non_binding_959,1,0.8280386924743652
bHLH_1:22355648-22355897_reference_binding_2558,1,0.8376498818397522
bHLH_1:22382548-22382797_binding_330,1,0.8748953938484192
bHLH_1:22382548-22382797_binding_365,1,0.8642178773880005
bHLH_1:22382548-22382797_reference_binding_2242,1,0.8719510436058044
bHLH_1:22414140-22414389_non_binding_1625,1,0.9279927015304565
bHLH_1:22414140-22414389_non_binding_1683,1,0.927991509437561
bHLH_1:22414140-22414389_non_binding_1819,1,0.9235866069793701
bHLH_1:22414140-22414389_non_binding_1844,1,0.9331056475639343
bHLH_1:22414140-22414389_non_binding_615,1,0.9218544363975525
bHLH_1:22414140-22414389_reference_binding_2436,1,0.9256895184516907
bHLH_1:22445916-22446165_binding_413,1,0.9030792117118835
bHLH_1:22445916-22446165_reference_binding_2289,1,0.8999928832054138
bHLH_1:22468869-22469118_non_binding_904,1,0.9046001434326172
bHLH_1:22468869-22469118_non_binding_912,1,0.9094308018684387
bHLH_1:22468869-22469118_reference_binding_2642,1,0.9116851687431335
bHLH_1:22475653-22475902_binding_1173,1,0.8685685992240906
bHLH_1:22475653-22475902_binding_80,1,0.8985816240310669
bHLH_1:22475653-22475902_reference_binding_2076,1,0.8728512525558472
bHLH_1:2248012-2248261_non_binding_703,1,0.8511109352111816
bHLH_1:2248012-2248261_reference_binding_2505,1,0.859270453453064
bHLH_1:22492035-22492284_binding_107,1,0.925000011920929
bHLH_1:22492035-22492284_binding_1139,1,0.9264625906944275
bHLH_1:22492035-22492284_binding_1481,1,0.9227810502052307
bHLH_1:22492035-22492284_binding_219,1,0.9311313629150391
bHLH_1:22492035-22492284_reference_binding_2098,1,0.9299511313438416
bHLH_1:22510240-22510489_binding_236,1,0.8691588640213013
bHLH_1:22510240-22510489_binding_326,1,0.8773183226585388
bHLH_1:22510240-22510489_reference_binding_2191,1,0.8768835067749023
bHLH_1:22636321-22636570_non_binding_831,1,0.8928890824317932
bHLH_1:22636321-22636570_reference_binding_2592,1,0.8966403007507324
bHLH_1:22652488-22652737_non_binding_725,1,0.8561679720878601
bHLH_1:22652488-22652737_non_binding_728,1,0.8463540077209473
bHLH_1:22652488-22652737_reference_binding_2523,1,0.8560993671417236
bHLH_1:22710963-22711212_non_binding_1676,1,0.928236186504364
bHLH_1:22710963-22711212_reference_binding_2882,1,0.9313329458236694
bHLH_1:2272710-2272959_binding_1058,1,0.8973966240882874
bHLH_1:2272710-2272959_binding_410,1,0.9116773009300232
bHLH_1:2272710-2272959_binding_474,1,0.8962582945823669
bHLH_1:2272710-2272959_reference_binding_2286,1,0.893535315990448
bHLH_1:22801122-22801371_non_binding_1506,1,0.926555335521698
bHLH_1:22801122-22801371_non_binding_926,1,0.9259740710258484
bHLH_1:22801122-22801371_reference_binding_2657,1,0.9246520400047302
bHLH_1:22812917-22813166_binding_1045,1,0.92543625831604
bHLH_1:22812917-22813166_binding_1268,1,0.9237563014030457
bHLH_1:22812917-22813166_binding_1438,1,0.9280544519424438
bHLH_1:22812917-22813166_reference_binding_2699,1,0.9216229319572449
bHLH_1:22823161-22823410_binding_300,1,0.9364380240440369
bHLH_1:22823161-22823410_reference_binding_2226,1,0.9351040124893188
bHLH_1:2286728-2286977_binding_247,1,0.9049705862998962
bHLH_1:2286728-2286977_binding_369,1,0.9040759801864624
bHLH_1:2286728-2286977_binding_436,1,0.902531623840332
bHLH_1:2286728-2286977_reference_binding_2198,1,0.9123466610908508
bHLH_1:22897270-22897519_non_binding_942,1,0.8956928253173828
bHLH_1:22897270-22897519_reference_binding_2663,1,0.9098848104476929
bHLH_1:22922302-22922551_binding_391,1,0.8677040934562683
bHLH_1:22922302-22922551_reference_binding_2274,1,0.8681235313415527
bHLH_1:22945622-22945871_binding_1041,1,0.8933208584785461
bHLH_1:22945622-22945871_binding_418,1,0.8910321593284607
bHLH_1:22945622-22945871_binding_465,1,0.8883640170097351
bHLH_1:22945622-22945871_reference_binding_2291,1,0.896072268486023
bHLH_1:23015182-23015431_non_binding_1669,1,0.9105650186538696
bHLH_1:23015182-23015431_reference_binding_2879,1,0.9084197878837585
bHLH_1:23075435-23075684_non_binding_604,1,0.9276328086853027
bHLH_1:23075435-23075684_reference_binding_2425,1,0.9265120625495911
bHLH_1:23135004-23135253_non_binding_1963,1,0.9159055352210999
bHLH_1:23135004-23135253_reference_binding_2980,1,0.907477855682373
bHLH_1:23229389-23229638_binding_96,1,0.8764734268188477
bHLH_1:23229389-23229638_reference_binding_2090,1,0.8774954676628113
bHLH_1:23231263-23231512_non_binding_1547,1,0.8227306604385376
bHLH_1:23231263-23231512_reference_binding_2819,1,0.8218812346458435
bHLH_1:23279101-23279350_non_binding_625,1,0.8829347491264343
bHLH_1:23279101-23279350_reference_binding_2443,1,0.8764274716377258
bHLH_1:23374349-23374598_non_binding_682,1,0.8790984749794006
bHLH_1:23374349-23374598_reference_binding_2489,1,0.8887807726860046
bHLH_1:2338279-2338528_binding_269,1,0.9054518938064575
bHLH_1:2338279-2338528_reference_binding_2209,1,0.8861097693443298
bHLH_1:23408110-23408359_non_binding_521,1,0.9216921329498291
bHLH_1:23408110-23408359_reference_binding_2354,1,0.9246801733970642
bHLH_1:23428003-23428252_non_binding_631,1,0.9161214828491211
bHLH_1:23428003-23428252_reference_binding_2448,1,0.9206085205078125
bHLH_1:23441618-23441867_non_binding_1892,1,0.926199734210968
bHLH_1:23441618-23441867_reference_binding_2963,1,0.9196630120277405
bHLH_1:23448736-23448985_non_binding_1564,1,0.9264140725135803
bHLH_1:23448736-23448985_non_binding_661,1,0.9231694340705872
bHLH_1:23448736-23448985_reference_binding_2472,1,0.9241412281990051
bHLH_1:2348582-2348831_binding_50,1,0.8933894634246826
bHLH_1:2348582-2348831_reference_binding_2046,1,0.8851889967918396
bHLH_1:23520865-23521114_non_binding_1585,1,0.9113346338272095
bHLH_1:23520865-23521114_non_binding_1791,1,0.9029730558395386
bHLH_1:23520865-23521114_reference_binding_2837,1,0.910740315914154
bHLH_1:23534909-23535158_binding_185,1,0.8097677230834961
bHLH_1:23534909-23535158_reference_binding_2155,1,0.7972025871276855
bHLH_1:23580328-23580577_non_binding_1818,1,0.9069296717643738
bHLH_1:23580328-23580577_reference_binding_2942,1,0.9123923182487488
bHLH_1:2359902-2360151_binding_1118,1,0.7985692024230957
bHLH_1:2359902-2360151_binding_1127,1,0.8062320947647095
bHLH_1:2359902-2360151_binding_1178,1,0.819882333278656
bHLH_1:2359902-2360151_binding_277,1,0.8024453520774841
bHLH_1:2359902-2360151_reference_binding_2210,1,0.7970375418663025
bHLH_1:23614576-23614825_binding_1008,1,0.7960380911827087
bHLH_1:23614576-23614825_non_binding_1526,1,0.7975112795829773
bHLH_1:23614576-23614825_non_binding_1555,1,0.7879586219787598
bHLH_1:23614576-23614825_reference_binding_2685,1,0.7947705984115601
bHLH_1:23639342-23639591_non_binding_738,1,0.9055767059326172
bHLH_1:23639342-23639591_reference_binding_2530,1,0.9060796499252319
bHLH_1:23687871-23688120_non_binding_1537,1,0.9098190665245056
bHLH_1:23687871-23688120_non_binding_847,1,0.9084256291389465
bHLH_1:23687871-23688120_reference_binding_2601,1,0.9121198654174805
bHLH_1:23689032-23689281_binding_12,1,0.9375709295272827
bHLH_1:23689032-23689281_non_binding_864,1,0.933398425579071
bHLH_1:23689032-23689281_reference_binding_2012,1,0.9395743012428284
bHLH_1:2370234-2370483_binding_1124,1,0.8307473063468933
bHLH_1:2370234-2370483_binding_1307,1,0.8382183313369751
bHLH_1:2370234-2370483_reference_binding_2725,1,0.828872561454773
bHLH_1:23704100-23704349_binding_1212,1,0.8958482146263123
bHLH_1:23704100-23704349_binding_1296,1,0.9002223014831543
bHLH_1:23704100-23704349_binding_1485,1,0.89677494764328
bHLH_1:23704100-23704349_binding_427,1,0.8983564972877502
bHLH_1:23704100-23704349_reference_binding_2295,1,0.8979656100273132
bHLH_1:23717662-23717911_non_binding_1608,1,0.8893773555755615
bHLH_1:23717662-23717911_non_binding_846,1,0.8877090215682983
bHLH_1:23717662-23717911_non_binding_937,1,0.8873958587646484
bHLH_1:23717662-23717911_reference_binding_2600,1,0.8824306726455688
bHLH_1:23726451-23726700_non_binding_1813,1,0.8734428286552429
bHLH_1:23740371-23740620_non_binding_714,1,0.8634796142578125
bHLH_1:23740371-23740620_reference_binding_2515,1,0.8710210919380188
bHLH_1:23766069-23766318_non_binding_896,1,0.9253416061401367
bHLH_1:23766069-23766318_reference_binding_2636,1,0.9265979528427124
bHLH_1:238359-238608_binding_1080,1,0.8046703338623047
bHLH_1:238359-238608_binding_1196,1,0.8081744313240051
bHLH_1:238359-238608_binding_1244,1,0.8008596301078796
bHLH_1:238359-238608_binding_455,1,0.8090671896934509
bHLH_1:238359-238608_reference_binding_2311,1,0.8014421463012695
bHLH_1:23845554-23845803_binding_1282,1,0.9244576096534729
bHLH_1:23845554-23845803_binding_1460,1,0.9198012948036194
bHLH_1:23845554-23845803_reference_binding_2764,1,0.9224986433982849
bHLH_1:23853726-23853975_binding_297,1,0.8450867533683777
bHLH_1:23853726-23853975_non_binding_857,1,0.868437647819519
bHLH_1:23853726-23853975_reference_binding_2225,1,0.8586205244064331
bHLH_1:23866038-23866287_non_binding_1568,1,0.9006261229515076
bHLH_1:23866038-23866287_non_binding_1658,1,0.8986032605171204
bHLH_1:23866038-23866287_reference_binding_2830,1,0.8958489894866943
bHLH_1:23903123-23903372_binding_295,1,0.9202406406402588
bHLH_1:23903123-23903372_binding_306,1,0.9199805855751038
bHLH_1:23903123-23903372_binding_318,1,0.9223836064338684
bHLH_1:23903123-23903372_binding_346,1,0.9197000861167908
bHLH_1:23903123-23903372_reference_binding_2223,1,0.9206236600875854
bHLH_1:23908379-23908628_non_binding_693,1,0.8903854489326477
bHLH_1:23908379-23908628_reference_binding_2497,1,0.9008350372314453
bHLH_1:23912722-23912971_binding_100,1,0.862799882888794
bHLH_1:23912722-23912971_reference_binding_2092,1,0.8718344569206238
bHLH_1:239379-239628_binding_308,1,0.9277442693710327
bHLH_1:239379-239628_non_binding_891,1,0.9288120865821838
bHLH_1:239379-239628_reference_binding_2230,1,0.930370569229126
bHLH_1:24010023-24010272_non_binding_567,1,0.912279486656189
bHLH_1:24010023-24010272_non_binding_747,1,0.9148644208908081
bHLH_1:24010023-24010272_reference_binding_2394,1,0.9144617915153503
bHLH_1:24023134-24023383_non_binding_1504,1,0.8834092617034912
bHLH_1:24023134-24023383_non_binding_1650,1,0.8826281428337097
bHLH_1:24023134-24023383_reference_binding_2796,1,0.8861029744148254
bHLH_1:24040149-24040398_binding_223,1,0.8581879138946533
bHLH_1:24040149-24040398_binding_299,1,0.8767895698547363
bHLH_1:24040149-24040398_reference_binding_2180,1,0.8482919335365295
bHLH_1:24045068-24045317_non_binding_656,1,0.865378201007843
bHLH_1:24045068-24045317_non_binding_726,1,0.869776725769043
bHLH_1:24045068-24045317_reference_binding_2467,1,0.869479775428772
bHLH_1:24047691-24047940_binding_1081,1,0.9008982181549072
bHLH_1:24047691-24047940_binding_1452,1,0.9087710976600647
bHLH_1:24047691-24047940_binding_159,1,0.9084600806236267
bHLH_1:24047691-24047940_binding_220,1,0.9026288390159607
bHLH_1:24047691-24047940_binding_469,1,0.9047189950942993
bHLH_1:24047691-24047940_reference_binding_2140,1,0.9003013968467712
bHLH_1:24050331-24050580_non_binding_1684,1,0.894382655620575
bHLH_1:24050331-24050580_non_binding_1705,1,0.8944413661956787
bHLH_1:24050331-24050580_reference_binding_2883,1,0.8935855031013489
bHLH_1:24074590-24074839_binding_206,1,0.9249105453491211
bHLH_1:24074590-24074839_non_binding_776,1,0.9215695858001709
bHLH_1:24074590-24074839_non_binding_991,1,0.9145349860191345
bHLH_1:24074590-24074839_reference_binding_2171,1,0.9250929355621338
bHLH_1:24103440-24103689_non_binding_1572,1,0.8980038166046143
bHLH_1:24103440-24103689_non_binding_874,1,0.8808377981185913
bHLH_1:24103440-24103689_reference_binding_2619,1,0.898716390132904
bHLH_1:24121249-24121498_non_binding_582,1,0.7951658964157104
bHLH_1:24121249-24121498_reference_binding_2405,1,0.7962377071380615
bHLH_1:24132512-24132761_binding_313,1,0.8813647031784058
bHLH_1:24132512-24132761_binding_398,1,0.8853228092193604
bHLH_1:24132512-24132761_reference_binding_2235,1,0.8973402380943298
bHLH_1:241725-241974_binding_1123,1,0.9214458465576172
bHLH_1:241725-241974_reference_binding_2724,1,0.921671450138092
bHLH_1:24212066-24212315_non_binding_1861,1,0.9159803986549377
bHLH_1:24212066-24212315_non_binding_1996,1,0.9144218564033508
bHLH_1:24212066-24212315_reference_binding_2957,1,0.9153279662132263
bHLH_1:24228136-24228385_binding_329,1,0.900158703327179
bHLH_1:24228136-24228385_reference_binding_2241,1,0.8910496234893799
bHLH_1:24256868-24257117_non_binding_1769,1,0.9054301977157593
bHLH_1:24256868-24257117_reference_binding_2918,1,0.9071564078330994
bHLH_1:24267850-24268099_non_binding_1718,1,0.9338513612747192
bHLH_1:24267850-24268099_reference_binding_2894,1,0.9350377917289734
bHLH_1:24320764-24321013_non_binding_1850,1,0.8968942165374756
bHLH_1:24320764-24321013_non_binding_1894,1,0.9082034826278687
bHLH_1:24320764-24321013_non_binding_591,1,0.9023839831352234
bHLH_1:24320764-24321013_reference_binding_2414,1,0.9089780449867249
bHLH_1:24495997-24496246_non_binding_1816,1,0.9252558350563049
bHLH_1:24495997-24496246_non_binding_1849,1,0.9282835721969604
bHLH_1:24495997-24496246_non_binding_602,1,0.926242470741272
bHLH_1:24495997-24496246_reference_binding_2423,1,0.9310147166252136
bHLH_1:2449794-2450043_non_binding_1908,1,0.8940743803977966
bHLH_1:2449794-2450043_non_binding_1957,1,0.8847396373748779
bHLH_1:2449794-2450043_reference_binding_2968,1,0.8873499035835266
bHLH_1:24518960-24519209_non_binding_712,1,0.8639742136001587
bHLH_1:24518960-24519209_non_binding_801,1,0.8604992032051086
bHLH_1:24518960-24519209_reference_binding_2514,1,0.8594954013824463
bHLH_1:24574451-24574700_non_binding_757,1,0.8476353287696838
bHLH_1:24574451-24574700_reference_binding_2547,1,0.83897864818573
bHLH_1:24578300-24578549_binding_1278,1,0.904781699180603
bHLH_1:24578300-24578549_reference_binding_2761,1,0.9097144603729248
bHLH_1:24611549-24611798_binding_1224,1,0.880206286907196
bHLH_1:24611549-24611798_binding_1264,1,0.8754032850265503
bHLH_1:24611549-24611798_binding_1338,1,0.8776145577430725
bHLH_1:24611549-24611798_reference_binding_2747,1,0.8832314610481262
bHLH_1:24658307-24658556_binding_359,1,0.9066441059112549
bHLH_1:24658307-24658556_non_binding_564,1,0.9024619460105896
bHLH_1:24658307-24658556_reference_binding_2258,1,0.9074758291244507
bHLH_1:24686700-24686949_non_binding_590,1,0.9206727743148804
bHLH_1:24686700-24686949_reference_binding_2413,1,0.9272676706314087
bHLH_1:24702548-24702797_non_binding_606,1,0.9251754879951477
bHLH_1:24702548-24702797_reference_binding_2427,1,0.9292681813240051
bHLH_1:24731433-24731682_non_binding_595,1,0.9067574143409729
bHLH_1:24731433-24731682_reference_binding_2417,1,0.9065004587173462
bHLH_1:24785799-24786048_binding_1183,1,0.8686859011650085
bHLH_1:24785799-24786048_non_binding_1598,1,0.8690246939659119
bHLH_1:24785799-24786048_non_binding_778,1,0.8668612241744995
bHLH_1:24785799-24786048_reference_binding_2561,1,0.8668987154960632
bHLH_1:24841607-24841856_binding_1203,1,0.8705969452857971
bHLH_1:24841607-24841856_binding_1346,1,0.8684929609298706
bHLH_1:24841607-24841856_binding_59,1,0.875306248664856
bHLH_1:24841607-24841856_reference_binding_2055,1,0.8766202926635742
bHLH_1:24939619-24939868_non_binding_1589,1,0.9184813499450684
bHLH_1:24939619-24939868_reference_binding_2839,1,0.9210196137428284
bHLH_1:24942374-24942623_non_binding_1596,1,0.8807706236839294
bHLH_1:24942374-24942623_non_binding_515,1,0.8788273930549622
bHLH_1:24942374-24942623_reference_binding_2348,1,0.8771843910217285
bHLH_1:24989431-24989680_non_binding_792,1,0.8654191493988037
bHLH_1:24989431-24989680_non_binding_954,1,0.86249840259552
bHLH_1:24989431-24989680_reference_binding_2572,1,0.8565914630889893
bHLH_1:25000224-25000473_non_binding_1611,1,0.9101734161376953
bHLH_1:25000224-25000473_reference_binding_2851,1,0.9140186309814453
bHLH_1:25040550-25040799_non_binding_789,1,0.8758828639984131
bHLH_1:25040550-25040799_reference_binding_2570,1,0.883629322052002
bHLH_1:25063666-25063915_non_binding_644,1,0.8931077718734741
bHLH_1:25063666-25063915_reference_binding_2458,1,0.8948869705200195
bHLH_1:25083215-25083464_binding_2,1,0.8981283903121948
bHLH_1:25083215-25083464_reference_binding_2002,1,0.9144508242607117
bHLH_1:25105347-25105596_binding_14,1,0.9265579581260681
bHLH_1:25105347-25105596_non_binding_1523,1,0.9233280420303345
bHLH_1:25105347-25105596_non_binding_1843,1,0.9293673038482666
bHLH_1:25105347-25105596_reference_binding_2014,1,0.9249497652053833
bHLH_1:25249774-25250023_non_binding_742,1,0.8807168006896973
bHLH_1:25249774-25250023_reference_binding_2534,1,0.8848711848258972
bHLH_1:2527360-2527609_binding_199,1,0.8661149740219116
bHLH_1:2527360-2527609_reference_binding_2165,1,0.8678394556045532
bHLH_1:25277336-25277585_non_binding_741,1,0.8804680109024048
bHLH_1:25277336-25277585_reference_binding_2533,1,0.8776992559432983
bHLH_1:25280574-25280823_non_binding_1721,1,0.9018586874008179
bHLH_1:25280574-25280823_reference_binding_2897,1,0.9000447988510132
bHLH_1:25332870-25333119_binding_1247,1,0.8965842127799988
bHLH_1:25332870-25333119_binding_1455,1,0.8986102938652039
bHLH_1:25332870-25333119_non_binding_786,1,0.8910178542137146
bHLH_1:25332870-25333119_reference_binding_2567,1,0.889665961265564
bHLH_1:25374058-25374307_binding_1033,1,0.8918666243553162
bHLH_1:25374058-25374307_binding_1049,1,0.8998347520828247
bHLH_1:25374058-25374307_binding_1094,1,0.896984338760376
bHLH_1:25374058-25374307_binding_1112,1,0.897361159324646
bHLH_1:25374058-25374307_binding_1241,1,0.8946003913879395
bHLH_1:25374058-25374307_binding_127,1,0.9088834524154663
bHLH_1:25374058-25374307_binding_1322,1,0.9000678062438965
bHLH_1:25374058-25374307_binding_1362,1,0.8968839645385742
bHLH_1:25374058-25374307_binding_1461,1,0.8990258574485779
bHLH_1:25374058-25374307_binding_1476,1,0.8959691524505615
bHLH_1:25374058-25374307_binding_66,1,0.9151801466941833
bHLH_1:25374058-25374307_binding_98,1,0.9140781760215759
bHLH_1:25374058-25374307_reference_binding_2062,1,0.9096257090568542
bHLH_1:25380602-25380851_non_binding_1595,1,0.8896787166595459
bHLH_1:25380602-25380851_non_binding_1757,1,0.8989812135696411
bHLH_1:25380602-25380851_non_binding_1780,1,0.8985215425491333
bHLH_1:25380602-25380851_non_binding_1942,1,0.8990137577056885
bHLH_1:25380602-25380851_non_binding_907,1,0.8847907781600952
bHLH_1:25380602-25380851_reference_binding_2645,1,0.8880242705345154
bHLH_1:25382017-25382266_binding_1246,1,0.874702513217926
bHLH_1:25382017-25382266_binding_1274,1,0.8814395070075989
bHLH_1:25382017-25382266_reference_binding_2751,1,0.8841971158981323
bHLH_1:25409102-25409351_non_binding_1848,1,0.8689622282981873
bHLH_1:25409102-25409351_non_binding_663,1,0.869419276714325
bHLH_1:25409102-25409351_reference_binding_2473,1,0.8744385838508606
bHLH_1:25409938-25410187_non_binding_837,1,0.8779299855232239
bHLH_1:25409938-25410187_non_binding_840,1,0.8843322396278381
bHLH_1:25409938-25410187_non_binding_918,1,0.880722165107727
bHLH_1:25409938-25410187_non_binding_938,1,0.885007917881012
bHLH_1:25409938-25410187_non_binding_983,1,0.8767967820167542
bHLH_1:25409938-25410187_reference_binding_2595,1,0.8871728777885437
bHLH_1:25417464-25417713_binding_1248,1,0.8542109131813049
bHLH_1:25417464-25417713_reference_binding_2752,1,0.8498014211654663
bHLH_1:25421728-25421977_non_binding_1754,1,0.9316940307617188
bHLH_1:25421728-25421977_non_binding_1792,1,0.9309438467025757
bHLH_1:25421728-25421977_non_binding_1838,1,0.9314873814582825
bHLH_1:25421728-25421977_non_binding_1845,1,0.9293491840362549
bHLH_1:25421728-25421977_non_binding_892,1,0.9237728118896484
bHLH_1:25421728-25421977_reference_binding_2634,1,0.9242066740989685
bHLH_1:25441572-25441821_binding_443,1,0.8880071640014648
bHLH_1:25441572-25441821_reference_binding_2300,1,0.8686371445655823
bHLH_1:25449230-25449479_non_binding_879,1,0.9221845269203186
bHLH_1:25449230-25449479_reference_binding_2624,1,0.9264845848083496
bHLH_1:25449857-25450106_binding_1318,1,0.8094947934150696
bHLH_1:25449857-25450106_binding_371,1,0.8080878853797913
bHLH_1:25449857-25450106_binding_62,1,0.8316093683242798
bHLH_1:25449857-25450106_reference_binding_2058,1,0.8089802265167236
bHLH_1:25451346-25451595_non_binding_1680,1,0.8970663547515869
bHLH_1:25451346-25451595_non_binding_875,1,0.8946094512939453
bHLH_1:25451346-25451595_reference_binding_2620,1,0.897895336151123
bHLH_1:254543-254792_non_binding_524,1,0.9039457440376282
bHLH_1:254543-254792_reference_binding_2357,1,0.9023411870002747
bHLH_1:25466657-25466906_non_binding_633,1,0.9223339557647705
bHLH_1:25466657-25466906_reference_binding_2450,1,0.9198510646820068
bHLH_1:25571611-25571860_non_binding_1781,1,0.9257984161376953
bHLH_1:25571611-25571860_non_binding_1846,1,0.9232128858566284
bHLH_1:25571611-25571860_non_binding_1976,1,0.926381528377533
bHLH_1:25571611-25571860_non_binding_1984,1,0.9230211973190308
bHLH_1:25571611-25571860_reference_binding_2922,1,0.9214056730270386
bHLH_1:25596018-25596267_non_binding_1536,1,0.9065835475921631
bHLH_1:25596018-25596267_non_binding_1566,1,0.9116897583007812
bHLH_1:25596018-25596267_reference_binding_2812,1,0.9077975749969482
bHLH_1:25646870-25647119_binding_1152,1,0.8358885645866394
bHLH_1:25646870-25647119_binding_152,1,0.8689613938331604
bHLH_1:25646870-25647119_reference_binding_2134,1,0.8429683446884155
bHLH_1:25675158-25675407_non_binding_1534,1,0.9203829765319824
bHLH_1:25675158-25675407_reference_binding_2811,1,0.9207610487937927
bHLH_1:25701681-25701930_binding_164,1,0.882636547088623
bHLH_1:25701681-25701930_reference_binding_2144,1,0.8824054002761841
bHLH_1:25711896-25712145_non_binding_1581,1,0.8959713578224182
bHLH_1:25711896-25712145_non_binding_1626,1,0.9033408164978027
bHLH_1:25711896-25712145_non_binding_1682,1,0.8965212106704712
bHLH_1:25711896-25712145_non_binding_1712,1,0.8930292725563049
bHLH_1:25711896-25712145_reference_binding_2835,1,0.8987645506858826
bHLH_1:25787076-25787325_non_binding_1982,1,0.908284068107605
bHLH_1:25787076-25787325_non_binding_579,1,0.9177403450012207
bHLH_1:25787076-25787325_reference_binding_2403,1,0.9145458936691284
bHLH_1:25839163-25839412_binding_472,1,0.829156756401062
bHLH_1:25839163-25839412_reference_binding_2320,1,0.8485744595527649
bHLH_1:25849578-25849827_non_binding_585,1,0.8271318078041077
bHLH_1:25849578-25849827_reference_binding_2408,1,0.8337745070457458
bHLH_1:25858513-25858762_non_binding_677,1,0.9258112907409668
bHLH_1:25858513-25858762_non_binding_732,1,0.9266859292984009
bHLH_1:25858513-25858762_reference_binding_2484,1,0.9284549355506897
bHLH_1:25863507-25863756_non_binding_1565,1,0.8502404093742371
bHLH_1:25863507-25863756_non_binding_1782,1,0.8569548726081848
bHLH_1:25863507-25863756_reference_binding_2828,1,0.8557209968566895
bHLH_1:25870567-25870816_non_binding_1609,1,0.9190949201583862
bHLH_1:25870567-25870816_non_binding_600,1,0.9173765182495117
bHLH_1:25870567-25870816_non_binding_676,1,0.9201695919036865
bHLH_1:25870567-25870816_reference_binding_2422,1,0.919873833656311
bHLH_1:2588965-2589214_binding_1312,1,0.8622127771377563
bHLH_1:2588965-2589214_reference_binding_2772,1,0.8819401860237122
bHLH_1:2589229-2589478_binding_402,1,0.874438464641571
bHLH_1:2589229-2589478_reference_binding_2280,1,0.8614073991775513
bHLH_1:26038687-26038936_binding_1067,1,0.8864420652389526
bHLH_1:26038687-26038936_binding_1377,1,0.8842365741729736
bHLH_1:26038687-26038936_reference_binding_2708,1,0.899553656578064
bHLH_1:26045463-26045712_binding_227,1,0.8568080067634583
bHLH_1:26045463-26045712_binding_301,1,0.8634412884712219
bHLH_1:26045463-26045712_reference_binding_2183,1,0.8799655437469482
bHLH_1:26101739-26101988_non_binding_1567,1,0.913155198097229
bHLH_1:26101739-26101988_reference_binding_2829,1,0.9098497629165649
bHLH_1:26131410-26131659_non_binding_1535,1,0.8575031757354736
bHLH_1:26131410-26131659_non_binding_916,1,0.8410083055496216
bHLH_1:26131410-26131659_reference_binding_2651,1,0.8525945544242859
bHLH_1:26135113-26135362_non_binding_1790,1,0.913586437702179
bHLH_1:26135113-26135362_reference_binding_2927,1,0.9204727411270142
bHLH_1:26155365-26155614_binding_1198,1,0.9164184927940369
bHLH_1:26155365-26155614_binding_222,1,0.9172559976577759
bHLH_1:26155365-26155614_reference_binding_2179,1,0.9179280400276184
bHLH_1:26158907-26159156_non_binding_950,1,0.8851988315582275
bHLH_1:26158907-26159156_reference_binding_2667,1,0.888857901096344
bHLH_1:26199799-26200048_binding_317,1,0.8984383940696716
bHLH_1:26199799-26200048_reference_binding_2237,1,0.9005908370018005
bHLH_1:2622171-2622420_binding_305,1,0.880234956741333
bHLH_1:2622171-2622420_reference_binding_2229,1,0.872392475605011
bHLH_1:26236765-26237014_non_binding_1513,1,0.8925974369049072
bHLH_1:26236765-26237014_reference_binding_2800,1,0.88752281665802
bHLH_1:26251325-26251574_non_binding_614,1,0.8909287452697754
bHLH_1:26251325-26251574_non_binding_977,1,0.9002208113670349
bHLH_1:26251325-26251574_reference_binding_2435,1,0.8965749740600586
bHLH_1:26256412-26256661_binding_119,1,0.9070539474487305
bHLH_1:26256412-26256661_binding_173,1,0.9004096388816833
bHLH_1:26256412-26256661_reference_binding_2107,1,0.9248853325843811
bHLH_1:26290199-26290448_binding_1259,1,0.8646949529647827
bHLH_1:26290199-26290448_binding_1421,1,0.8691930770874023
bHLH_1:26290199-26290448_reference_binding_2755,1,0.8810930252075195
bHLH_1:26314361-26314610_non_binding_927,1,0.8975154161453247
bHLH_1:26314361-26314610_reference_binding_2658,1,0.8958911895751953
bHLH_1:26353633-26353882_binding_1169,1,0.9191821813583374
bHLH_1:26353633-26353882_binding_208,1,0.9145931005477905
bHLH_1:26353633-26353882_binding_68,1,0.9114428162574768
bHLH_1:26353633-26353882_binding_97,1,0.9136266708374023
bHLH_1:26353633-26353882_non_binding_839,1,0.9186700582504272
bHLH_1:26353633-26353882_non_binding_981,1,0.9201269149780273
bHLH_1:26353633-26353882_reference_binding_2064,1,0.9194002747535706
bHLH_1:26414057-26414306_binding_63,1,0.854875385761261
bHLH_1:26414057-26414306_non_binding_1528,1,0.8138289451599121
bHLH_1:26414057-26414306_non_binding_690,1,0.81421959400177
bHLH_1:26414057-26414306_reference_binding_2059,1,0.8099703788757324
bHLH_1:26442822-26443071_non_binding_1604,1,0.9075829386711121
bHLH_1:26442822-26443071_non_binding_1700,1,0.9134688377380371
bHLH_1:26442822-26443071_reference_binding_2848,1,0.911622166633606
bHLH_1:26446327-26446576_non_binding_1546,1,0.9417362213134766
bHLH_1:26446327-26446576_reference_binding_2818,1,0.9410897493362427
bHLH_1:26458351-26458600_binding_1334,1,0.9312960505485535
bHLH_1:26458351-26458600_binding_1342,1,0.9334762096405029
bHLH_1:26458351-26458600_binding_258,1,0.935336172580719
bHLH_1:26458351-26458600_reference_binding_2203,1,0.9305733442306519
bHLH_1:26477384-26477633_non_binding_869,1,0.883603572845459
bHLH_1:26477384-26477633_reference_binding_2615,1,0.885543704032898
bHLH_1:26478055-26478304_non_binding_727,1,0.8230071067810059
bHLH_1:26478055-26478304_reference_binding_2524,1,0.798019528388977
bHLH_1:2651424-2651673_binding_1223,1,0.9020438194274902
bHLH_1:2651424-2651673_non_binding_543,1,0.9036334156990051
bHLH_1:2651424-2651673_reference_binding_2376,1,0.9014413952827454
bHLH_1:26527131-26527380_non_binding_986,1,0.9103398323059082
bHLH_1:26527131-26527380_reference_binding_2677,1,0.9126444458961487
bHLH_1:26541376-26541625_non_binding_545,1,0.9107005596160889
bHLH_1:26541376-26541625_reference_binding_2378,1,0.9134947061538696
bHLH_1:26554281-26554530_non_binding_518,1,0.832097053527832
bHLH_1:26554281-26554530_reference_binding_2351,1,0.8316603899002075
bHLH_1:26619299-26619548_binding_143,1,0.8541842699050903
bHLH_1:26619299-26619548_reference_binding_2127,1,0.8559565544128418
bHLH_1:26786404-26786653_binding_360,1,0.9056622982025146
bHLH_1:26786404-26786653_reference_binding_2259,1,0.9065871238708496
bHLH_1:26797349-26797598_binding_1344,1,0.8782742619514465
bHLH_1:26797349-26797598_binding_1416,1,0.8790192008018494
bHLH_1:26797349-26797598_binding_1445,1,0.8820593953132629
bHLH_1:26797349-26797598_reference_binding_2779,1,0.8613153100013733
bHLH_1:26801722-26801971_non_binding_666,1,0.8906962871551514
bHLH_1:26801722-26801971_reference_binding_2476,1,0.8819611668586731
bHLH_1:2681349-2681598_non_binding_546,1,0.9059890508651733
bHLH_1:2681349-2681598_reference_binding_2379,1,0.909785270690918
bHLH_1:2688826-2689075_binding_1001,1,0.8902134895324707
bHLH_1:2688826-2689075_non_binding_849,1,0.8809849619865417
bHLH_1:2688826-2689075_reference_binding_2603,1,0.9038543105125427
bHLH_1:26908247-26908496_binding_1162,1,0.9042728543281555
bHLH_1:26908247-26908496_binding_452,1,0.8954123854637146
bHLH_1:26908247-26908496_reference_binding_2309,1,0.9025024175643921
bHLH_1:26909587-26909836_binding_388,1,0.8900598287582397
bHLH_1:26909587-26909836_reference_binding_2273,1,0.8832098841667175
bHLH_1:26914033-26914282_binding_250,1,0.9266065955162048
bHLH_1:26914033-26914282_non_binding_1746,1,0.9199076890945435
bHLH_1:26914033-26914282_non_binding_759,1,0.9037124514579773
bHLH_1:26914033-26914282_reference_binding_2200,1,0.9152843356132507
bHLH_1:26917133-26917382_binding_1250,1,0.7886167168617249
bHLH_1:26917133-26917382_reference_binding_2753,1,0.804280698299408
bHLH_1:26919730-26919979_binding_1260,1,0.8658407926559448
bHLH_1:26919730-26919979_binding_399,1,0.8724426627159119
bHLH_1:26919730-26919979_reference_binding_2278,1,0.863183856010437
bHLH_1:26935493-26935742_binding_251,1,0.9022153615951538
bHLH_1:26935493-26935742_binding_392,1,0.917095959186554
bHLH_1:26935493-26935742_reference_binding_2201,1,0.914877712726593
bHLH_1:27030008-27030257_non_binding_1541,1,0.890437662601471
bHLH_1:27030008-27030257_reference_binding_2815,1,0.8901216387748718
bHLH_1:27037682-27037931_binding_157,1,0.9314974546432495
bHLH_1:27037682-27037931_reference_binding_2138,1,0.925848126411438
bHLH_1:2704584-2704833_binding_180,1,0.8844773769378662
bHLH_1:2704584-2704833_reference_binding_2152,1,0.8863035440444946
bHLH_1:27074582-27074831_binding_87,1,0.8449681997299194
bHLH_1:27074582-27074831_reference_binding_2082,1,0.843910813331604
bHLH_1:27099252-27099501_non_binding_613,1,0.7609478235244751
bHLH_1:27099252-27099501_reference_binding_2434,1,0.7591490745544434
bHLH_1:27169983-27170232_binding_447,1,0.8413099646568298
bHLH_1:27169983-27170232_reference_binding_2304,1,0.8691708445549011
bHLH_1:27191160-27191409_binding_377,1,0.9386401176452637
bHLH_1:27191160-27191409_binding_434,1,0.9358453750610352
bHLH_1:27191160-27191409_reference_binding_2267,1,0.9380922913551331
bHLH_1:27199614-27199863_non_binding_1724,1,0.9055508375167847
bHLH_1:27199614-27199863_non_binding_702,1,0.9031635522842407
bHLH_1:27199614-27199863_reference_binding_2504,1,0.9061841368675232
bHLH_1:27227816-27228065_binding_1418,1,0.8937201499938965
bHLH_1:27227816-27228065_binding_459,1,0.8876532316207886
bHLH_1:27227816-27228065_binding_494,1,0.8792309165000916
bHLH_1:27227816-27228065_reference_binding_2314,1,0.8961858749389648
bHLH_1:27246726-27246975_non_binding_674,1,0.9024268984794617
bHLH_1:27246726-27246975_reference_binding_2482,1,0.9038922190666199
bHLH_1:27310174-27310423_non_binding_1600,1,0.9137961268424988
bHLH_1:27310174-27310423_non_binding_1947,1,0.9032354950904846
bHLH_1:27310174-27310423_non_binding_660,1,0.9116316437721252
bHLH_1:27310174-27310423_reference_binding_2471,1,0.9168704748153687
bHLH_1:27311026-27311275_non_binding_824,1,0.8323151469230652
bHLH_1:27311026-27311275_reference_binding_2589,1,0.8436673283576965
bHLH_1:27331905-27332154_non_binding_1748,1,0.8581681847572327
bHLH_1:27331905-27332154_non_binding_1880,1,0.8535194993019104
bHLH_1:27331905-27332154_non_binding_1882,1,0.8551269769668579
bHLH_1:27331905-27332154_non_binding_1966,1,0.8602264523506165
bHLH_1:27331905-27332154_non_binding_1990,1,0.8495668768882751
bHLH_1:27331905-27332154_non_binding_865,1,0.8438079357147217
bHLH_1:27331905-27332154_reference_binding_2613,1,0.8500142693519592
bHLH_1:27340443-27340692_binding_211,1,0.9272016882896423
bHLH_1:27400606-27400855_non_binding_1915,1,0.8721818327903748
bHLH_1:27400606-27400855_reference_binding_2969,1,0.887554943561554
bHLH_1:27410052-27410301_non_binding_1652,1,0.8925854563713074
bHLH_1:27410052-27410301_non_binding_1881,1,0.8816699981689453
bHLH_1:27410052-27410301_reference_binding_2870,1,0.8943875432014465
bHLH_1:27441101-27441350_non_binding_1514,1,0.869003176689148
bHLH_1:27441101-27441350_non_binding_1777,1,0.8836885094642639
bHLH_1:27441101-27441350_non_binding_1905,1,0.885362446308136
bHLH_1:27441101-27441350_reference_binding_2801,1,0.8735560178756714
bHLH_1:27506086-27506335_binding_311,1,0.9169837236404419
bHLH_1:27506086-27506335_non_binding_558,1,0.9035646915435791
bHLH_1:27506086-27506335_non_binding_929,1,0.9079148769378662
bHLH_1:27506086-27506335_reference_binding_2233,1,0.9068069458007812
bHLH_1:27532604-27532853_non_binding_569,1,0.8747694492340088
bHLH_1:27532604-27532853_reference_binding_2396,1,0.8762041926383972
bHLH_1:2754544-2754793_non_binding_1930,1,0.9391850829124451
bHLH_1:2754544-2754793_reference_binding_2972,1,0.9411269426345825
bHLH_1:27547161-27547410_non_binding_858,1,0.8853906393051147
bHLH_1:27547161-27547410_reference_binding_2608,1,0.8794863820075989
bHLH_1:27603848-27604097_binding_478,1,0.7976166605949402
bHLH_1:27603848-27604097_reference_binding_2323,1,0.7882433533668518
bHLH_1:2760710-2760959_binding_1478,1,0.9361788630485535
bHLH_1:2760710-2760959_reference_binding_2791,1,0.9400410652160645
bHLH_1:27652966-27653215_binding_132,1,0.843066394329071
bHLH_1:27652966-27653215_reference_binding_2118,1,0.8537018299102783
bHLH_1:27679280-27679529_non_binding_588,1,0.9253925681114197
bHLH_1:27679280-27679529_reference_binding_2411,1,0.9290645122528076
bHLH_1:27694174-27694423_binding_1076,1,0.8578198552131653
bHLH_1:27694174-27694423_binding_1078,1,0.8699497580528259
bHLH_1:27694174-27694423_binding_1093,1,0.8702402710914612
bHLH_1:27694174-27694423_reference_binding_2710,1,0.8709285259246826
bHLH_1:27780961-27781210_binding_240,1,0.8949556350708008
bHLH_1:27780961-27781210_reference_binding_2194,1,0.8542219400405884
bHLH_1:27794018-27794267_binding_115,1,0.8787945508956909
bHLH_1:27794018-27794267_binding_1414,1,0.8879140019416809
bHLH_1:27794018-27794267_reference_binding_2105,1,0.8851436972618103
bHLH_1:27837385-27837634_binding_280,1,0.9117459058761597
bHLH_1:27837385-27837634_reference_binding_2212,1,0.9245144724845886
bHLH_1:27852169-27852418_binding_1016,1,0.8295430541038513
bHLH_1:27852169-27852418_binding_406,1,0.868677020072937
bHLH_1:27852169-27852418_reference_binding_2284,1,0.8352382779121399
bHLH_1:27884066-27884315_non_binding_787,1,0.9108260273933411
bHLH_1:27884066-27884315_reference_binding_2568,1,0.9139741659164429
bHLH_1:27922575-27922824_non_binding_1796,1,0.8979325890541077
bHLH_1:27922575-27922824_non_binding_1884,1,0.907439649105072
bHLH_1:27922575-27922824_non_binding_1923,1,0.9006955027580261
bHLH_1:27922575-27922824_reference_binding_2928,1,0.9024238586425781
bHLH_1:27924793-27925042_non_binding_648,1,0.8909489512443542
bHLH_1:27924793-27925042_reference_binding_2461,1,0.8937855362892151
bHLH_1:27926712-27926961_non_binding_731,1,0.9112927317619324
bHLH_1:27926712-27926961_reference_binding_2527,1,0.9126150012016296
bHLH_1:27931365-27931614_binding_1349,1,0.9077723622322083
bHLH_1:27931365-27931614_binding_1386,1,0.9134249091148376
bHLH_1:27931365-27931614_binding_1458,1,0.9123934507369995
bHLH_1:27931365-27931614_binding_423,1,0.9152125120162964
bHLH_1:27931365-27931614_reference_binding_2294,1,0.9127044677734375
bHLH_1:28001778-28002027_non_binding_1899,1,0.8800806403160095
bHLH_1:28001778-28002027_reference_binding_2965,1,0.8655707836151123
bHLH_1:28006679-28006928_non_binding_1518,1,0.8463631868362427
bHLH_1:28006679-28006928_reference_binding_2803,1,0.8499898910522461
bHLH_1:28106824-28107073_non_binding_589,1,0.8856036067008972
bHLH_1:28106824-28107073_reference_binding_2412,1,0.8843836188316345
bHLH_1:28111468-28111717_non_binding_872,1,0.9122936725616455
bHLH_1:28111468-28111717_reference_binding_2617,1,0.9206352233886719
bHLH_1:28144284-28144533_non_binding_1822,1,0.7829509377479553
bHLH_1:28144284-28144533_non_binding_1869,1,0.7852814197540283
bHLH_1:28144284-28144533_non_binding_1877,1,0.7896998524665833
bHLH_1:28144284-28144533_non_binding_1913,1,0.7803319692611694
bHLH_1:28144284-28144533_non_binding_1951,1,0.782684326171875
bHLH_1:28144284-28144533_non_binding_649,1,0.7651844620704651
bHLH_1:28144284-28144533_non_binding_736,1,0.7609171271324158
bHLH_1:28144284-28144533_reference_binding_2462,1,0.7656431198120117
bHLH_1:28147673-28147922_binding_357,1,0.9184570908546448
bHLH_1:28147673-28147922_reference_binding_2256,1,0.9271386861801147
bHLH_1:28153289-28153538_binding_32,1,0.8805577158927917
bHLH_1:28153289-28153538_reference_binding_2031,1,0.9016422033309937
bHLH_1:28163898-28164147_binding_1101,1,0.8292731642723083
bHLH_1:28163898-28164147_reference_binding_2719,1,0.815039336681366
bHLH_1:28172665-28172914_binding_1065,1,0.9145560264587402
bHLH_1:28172665-28172914_binding_1148,1,0.9250290393829346
bHLH_1:28172665-28172914_binding_1269,1,0.9144153594970703
bHLH_1:28172665-28172914_reference_binding_2706,1,0.9271613955497742
bHLH_1:28197796-28198045_non_binding_529,1,0.8196424841880798
bHLH_1:28197796-28198045_non_binding_871,1,0.8355507850646973
bHLH_1:28197796-28198045_non_binding_902,1,0.8257278800010681
bHLH_1:28197796-28198045_reference_binding_2362,1,0.8203316926956177
bHLH_1:28218433-28218682_non_binding_1727,1,0.9001582264900208
bHLH_1:28218433-28218682_reference_binding_2899,1,0.897384524345398
bHLH_1:28223727-28223976_non_binding_1776,1,0.8245786428451538
bHLH_1:28223727-28223976_reference_binding_2921,1,0.8407896161079407
bHLH_1:28244647-28244896_non_binding_696,1,0.8470783233642578
bHLH_1:28244647-28244896_reference_binding_2499,1,0.8515924215316772
bHLH_1:28267544-28267793_binding_1136,1,0.9351707100868225
bHLH_1:28267544-28267793_binding_1406,1,0.9351164698600769
bHLH_1:28267544-28267793_binding_1447,1,0.9344187378883362
bHLH_1:28267544-28267793_binding_1453,1,0.936088502407074
bHLH_1:28267544-28267793_reference_binding_2730,1,0.9329410791397095
bHLH_1:28326842-28327091_non_binding_1837,1,0.900189995765686
bHLH_1:28326842-28327091_non_binding_1912,1,0.9007545709609985
bHLH_1:28326842-28327091_reference_binding_2949,1,0.8994632959365845
bHLH_1:28338379-28338628_non_binding_1663,1,0.9169750213623047
bHLH_1:28338379-28338628_reference_binding_2331,1,0.9219906330108643
bHLH_1:28370657-28370906_binding_1237,1,0.9173833727836609
bHLH_1:28370657-28370906_binding_225,1,0.9122660756111145
bHLH_1:28370657-28370906_reference_binding_2182,1,0.919143795967102
bHLH_1:28381173-28381422_binding_1164,1,0.9067209959030151
bHLH_1:28381173-28381422_binding_1210,1,0.9048823118209839
bHLH_1:28381173-28381422_reference_binding_2738,1,0.9074853658676147
bHLH_1:28441697-28441946_binding_444,1,0.8906386494636536
bHLH_1:28441697-28441946_reference_binding_2301,1,0.8830862641334534
bHLH_1:28455851-28456100_non_binding_1554,1,0.8605849742889404
bHLH_1:28455851-28456100_reference_binding_2824,1,0.8690862655639648
bHLH_1:28463552-28463801_non_binding_527,1,0.8583714365959167
bHLH_1:28463552-28463801_non_binding_931,1,0.8493085503578186
bHLH_1:28463552-28463801_reference_binding_2360,1,0.8540663123130798
bHLH_1:2846434-2846683_binding_144,1,0.8759011626243591
bHLH_1:2846434-2846683_reference_binding_2128,1,0.8601663708686829
bHLH_1:28482708-28482957_binding_1411,1,0.9164568781852722
bHLH_1:28482708-28482957_reference_binding_2789,1,0.9123886227607727
bHLH_1:28512453-28512702_non_binding_1591,1,0.9241471886634827
bHLH_1:28512453-28512702_reference_binding_2841,1,0.9274234771728516
bHLH_1:28517845-28518094_binding_1030,1,0.9200626015663147
bHLH_1:28517845-28518094_binding_1330,1,0.9210437536239624
bHLH_1:28517845-28518094_binding_1363,1,0.9241026043891907
bHLH_1:28517845-28518094_binding_1395,1,0.9192252159118652
bHLH_1:28517845-28518094_binding_20,1,0.9261846542358398
bHLH_1:28517845-28518094_reference_binding_2020,1,0.922773003578186
bHLH_1:28595986-28596235_binding_1087,1,0.9051142930984497
bHLH_1:28595986-28596235_binding_1156,1,0.9028120040893555
bHLH_1:28595986-28596235_binding_1185,1,0.9068872928619385
bHLH_1:28595986-28596235_binding_1202,1,0.9044086933135986
bHLH_1:28595986-28596235_binding_1435,1,0.8996149897575378
bHLH_1:28595986-28596235_binding_1470,1,0.8990436792373657
bHLH_1:28595986-28596235_non_binding_754,1,0.8990215063095093
bHLH_1:28595986-28596235_reference_binding_2544,1,0.9045473337173462
bHLH_1:28610888-28611137_non_binding_1512,1,0.8890600204467773
bHLH_1:28610888-28611137_non_binding_609,1,0.88160640001297
bHLH_1:28610888-28611137_reference_binding_2430,1,0.8863920569419861
bHLH_1:28739884-28740133_binding_1371,1,0.9113914966583252
bHLH_1:28739884-28740133_non_binding_763,1,0.9118304252624512
bHLH_1:28739884-28740133_non_binding_799,1,0.9100119471549988
bHLH_1:28739884-28740133_non_binding_854,1,0.9117470383644104
bHLH_1:28739884-28740133_non_binding_963,1,0.9140467643737793
bHLH_1:28739884-28740133_reference_binding_2551,1,0.917967677116394
bHLH_1:28806709-28806958_non_binding_1503,1,0.913390040397644
bHLH_1:28806709-28806958_reference_binding_2795,1,0.9122767448425293
bHLH_1:28808820-28809069_non_binding_1800,1,0.8686978816986084
bHLH_1:28808820-28809069_non_binding_1943,1,0.8721818923950195
bHLH_1:28808820-28809069_non_binding_1971,1,0.877838671207428
bHLH_1:28808820-28809069_non_binding_1998,1,0.8812974095344543
bHLH_1:28808820-28809069_reference_binding_2931,1,0.8691667318344116
bHLH_1:28841668-28841917_binding_134,1,0.8514091372489929
bHLH_1:28841668-28841917_non_binding_1670,1,0.8746646642684937
bHLH_1:28841668-28841917_reference_binding_2120,1,0.8773250579833984
bHLH_1:28909141-28909390_binding_45,1,0.9111669063568115
bHLH_1:28909141-28909390_reference_binding_2042,1,0.9076599478721619
bHLH_1:28929561-28929810_non_binding_1772,1,0.9007244110107422
bHLH_1:28929561-28929810_non_binding_1775,1,0.8959507942199707
bHLH_1:28929561-28929810_non_binding_842,1,0.8918598890304565
bHLH_1:28929561-28929810_reference_binding_2597,1,0.8986380696296692
bHLH_1:28944446-28944695_non_binding_1752,1,0.9006147384643555
bHLH_1:28944446-28944695_non_binding_1766,1,0.8802164196968079
bHLH_1:28944446-28944695_non_binding_1821,1,0.8917012810707092
bHLH_1:28944446-28944695_non_binding_1865,1,0.8900449872016907
bHLH_1:28944446-28944695_non_binding_1979,1,0.8851936459541321
bHLH_1:28944446-28944695_reference_binding_2910,1,0.8834059834480286
bHLH_1:28953235-28953484_non_binding_1556,1,0.8491906523704529
bHLH_1:28953235-28953484_reference_binding_2825,1,0.8517112731933594
bHLH_1:28956080-28956329_non_binding_1956,1,0.8570376038551331
bHLH_1:28956080-28956329_reference_binding_2978,1,0.8583131432533264
bHLH_1:28985207-28985456_binding_1375,1,0.8849990963935852
bHLH_1:28985207-28985456_binding_375,1,0.8712617754936218
bHLH_1:28985207-28985456_binding_380,1,0.8805351257324219
bHLH_1:28985207-28985456_binding_387,1,0.8767911791801453
bHLH_1:28985207-28985456_reference_binding_2266,1,0.8936997056007385
bHLH_1:29018641-29018890_binding_104,1,0.8901458382606506
bHLH_1:29018641-29018890_binding_1171,1,0.883629560470581
bHLH_1:29018641-29018890_binding_414,1,0.8989309668540955
bHLH_1:29018641-29018890_binding_69,1,0.906489908695221
bHLH_1:29018641-29018890_reference_binding_2065,1,0.896852433681488
bHLH_1:29020593-29020842_non_binding_605,1,0.9177448153495789
bHLH_1:29020593-29020842_reference_binding_2426,1,0.9183678030967712
bHLH_1:29021116-29021365_non_binding_697,1,0.9106256365776062
bHLH_1:29021116-29021365_reference_binding_2500,1,0.9156575798988342
bHLH_1:29034341-29034590_binding_1226,1,0.8073305487632751
bHLH_1:29034341-29034590_binding_291,1,0.793198823928833
bHLH_1:29034341-29034590_reference_binding_2220,1,0.8106174468994141
bHLH_1:29061588-29061837_non_binding_1924,1,0.8870232105255127
bHLH_1:29061588-29061837_non_binding_577,1,0.8823105096817017
bHLH_1:29061588-29061837_non_binding_917,1,0.8792765140533447
bHLH_1:29061588-29061837_reference_binding_2402,1,0.8851029872894287
bHLH_1:29106189-29106438_non_binding_1629,1,0.900939404964447
bHLH_1:29106189-29106438_non_binding_1862,1,0.9101991653442383
bHLH_1:29106189-29106438_non_binding_691,1,0.8965555429458618
bHLH_1:29106189-29106438_reference_binding_2495,1,0.9060829877853394
bHLH_1:29110882-29111131_non_binding_1613,1,0.9281190633773804
bHLH_1:29110882-29111131_reference_binding_2852,1,0.9301709532737732
bHLH_1:29136104-29136353_non_binding_505,1,0.8084569573402405
bHLH_1:29136104-29136353_reference_binding_2338,1,0.8156855702400208
bHLH_1:29187909-29188158_non_binding_1828,1,0.9024531245231628
bHLH_1:29187909-29188158_reference_binding_2945,1,0.8940978646278381
bHLH_1:29198576-29198825_non_binding_645,1,0.8326873779296875
bHLH_1:29198576-29198825_reference_binding_2459,1,0.8393375873565674
bHLH_1:29205577-29205826_binding_1048,1,0.7899482846260071
bHLH_1:29205577-29205826_binding_1369,1,0.7888575792312622
bHLH_1:29205577-29205826_reference_binding_2702,1,0.7932050228118896
bHLH_1:29273887-29274136_binding_1135,1,0.8726393580436707
bHLH_1:29273887-29274136_binding_1214,1,0.8684810400009155
bHLH_1:29273887-29274136_binding_1410,1,0.8659121990203857
bHLH_1:29273887-29274136_binding_483,1,0.8919953107833862
bHLH_1:29273887-29274136_reference_binding_2326,1,0.8733013868331909
bHLH_1:29322312-29322561_binding_1176,1,0.9058730006217957
bHLH_1:29322312-29322561_binding_1442,1,0.9037038683891296
bHLH_1:29322312-29322561_binding_328,1,0.9101374745368958
bHLH_1:29322312-29322561_reference_binding_2240,1,0.9029597640037537
bHLH_1:29340611-29340860_binding_1046,1,0.8932287096977234
bHLH_1:29340611-29340860_binding_1204,1,0.8944560885429382
bHLH_1:29340611-29340860_binding_1207,1,0.891453206539154
bHLH_1:29340611-29340860_binding_1356,1,0.9004053473472595
bHLH_1:29340611-29340860_binding_1409,1,0.8963426947593689
bHLH_1:29340611-29340860_binding_1451,1,0.8943279981613159
bHLH_1:29340611-29340860_reference_binding_2700,1,0.9028629064559937
bHLH_1:2934481-2934730_non_binding_1714,1,0.8955903053283691
bHLH_1:2934481-2934730_reference_binding_2893,1,0.8911353945732117
bHLH_1:29345517-29345766_binding_1262,1,0.8708141446113586
bHLH_1:29345517-29345766_binding_1315,1,0.86943519115448
bHLH_1:29345517-29345766_binding_1329,1,0.8569797277450562
bHLH_1:29345517-29345766_binding_1332,1,0.8643825054168701
bHLH_1:29345517-29345766_binding_1473,1,0.8687852025032043
bHLH_1:29345517-29345766_reference_binding_2757,1,0.8870531320571899
bHLH_1:29351310-29351559_binding_1075,1,0.8632733225822449
bHLH_1:29351310-29351559_non_binding_882,1,0.8629608154296875
bHLH_1:29351310-29351559_non_binding_915,1,0.8629440665245056
bHLH_1:29351310-29351559_non_binding_968,1,0.8609966039657593
bHLH_1:29351310-29351559_reference_binding_2627,1,0.8657577037811279
bHLH_1:29359279-29359528_binding_136,1,0.8929257988929749
bHLH_1:29359279-29359528_reference_binding_2122,1,0.9164653420448303
bHLH_1:29378159-29378408_binding_451,1,0.8917067050933838
bHLH_1:29378159-29378408_non_binding_571,1,0.88978511095047
bHLH_1:29378159-29378408_reference_binding_2308,1,0.8942674398422241
bHLH_1:29385237-29385486_non_binding_1751,1,0.890405535697937
bHLH_1:29385237-29385486_non_binding_989,1,0.8840611577033997
bHLH_1:29385237-29385486_reference_binding_2678,1,0.8955153226852417
bHLH_1:29388504-29388753_binding_1047,1,0.857731282711029
bHLH_1:29388504-29388753_reference_binding_2701,1,0.8558247685432434
bHLH_1:29452538-29452787_binding_323,1,0.8488109707832336
bHLH_1:29452538-29452787_reference_binding_2238,1,0.8400235176086426
bHLH_1:29516133-29516382_binding_498,1,0.9352880120277405
bHLH_1:29516133-29516382_reference_binding_2332,1,0.9290364980697632
bHLH_1:29525351-29525600_non_binding_1620,1,0.9307290315628052
bHLH_1:29525351-29525600_non_binding_769,1,0.9277225136756897
bHLH_1:29525351-29525600_reference_binding_2555,1,0.9299914240837097
bHLH_1:29527572-29527821_binding_1154,1,0.8935388922691345
bHLH_1:29527572-29527821_binding_341,1,0.8681290745735168
bHLH_1:29527572-29527821_reference_binding_2248,1,0.9113021492958069
bHLH_1:29584319-29584568_non_binding_1707,1,0.8991732001304626
bHLH_1:29584319-29584568_reference_binding_2890,1,0.900188148021698
bHLH_1:29593673-29593922_non_binding_692,1,0.9169211387634277
bHLH_1:29593673-29593922_reference_binding_2496,1,0.9166173338890076
bHLH_1:29621090-29621339_binding_1020,1,0.8560697436332703
bHLH_1:29621090-29621339_binding_1161,1,0.8448395729064941
bHLH_1:29621090-29621339_binding_1309,1,0.8487876653671265
bHLH_1:29621090-29621339_reference_binding_2691,1,0.8487358689308167
bHLH_1:29662078-29662327_binding_1227,1,0.8463019728660583
bHLH_1:29662078-29662327_binding_4,1,0.842488169670105
bHLH_1:29662078-29662327_reference_binding_2004,1,0.8496175408363342
bHLH_1:29675855-29676104_non_binding_1738,1,0.8964462280273438
bHLH_1:29675855-29676104_reference_binding_2905,1,0.8945133686065674
bHLH_1:29677217-29677466_binding_449,1,0.897060215473175
bHLH_1:29677217-29677466_non_binding_1586,1,0.9209198355674744
bHLH_1:29677217-29677466_non_binding_601,1,0.9197356700897217
bHLH_1:29677217-29677466_non_binding_733,1,0.9122011661529541
bHLH_1:29677217-29677466_reference_binding_2306,1,0.9222056865692139
bHLH_1:2970220-2970469_binding_1146,1,0.9366475939750671
bHLH_1:2970220-2970469_binding_1314,1,0.9383867979049683
bHLH_1:2970220-2970469_binding_1432,1,0.9369159936904907
bHLH_1:2970220-2970469_binding_412,1,0.9350324273109436
bHLH_1:2970220-2970469_non_binding_833,1,0.9383003115653992
bHLH_1:2970220-2970469_non_binding_979,1,0.9365737438201904
bHLH_1:2970220-2970469_reference_binding_2288,1,0.9382115602493286
bHLH_1:29740844-29741093_non_binding_512,1,0.9316490292549133
bHLH_1:29740844-29741093_reference_binding_2345,1,0.932397723197937
bHLH_1:29756764-29757013_non_binding_1731,1,0.9213213324546814
bHLH_1:29756764-29757013_reference_binding_2901,1,0.9250880479812622
bHLH_1:29800072-29800321_non_binding_1932,1,0.8350472450256348
bHLH_1:29800072-29800321_reference_binding_2973,1,0.8390353918075562
bHLH_1:29823375-29823624_non_binding_1969,1,0.8958475589752197
bHLH_1:29823375-29823624_reference_binding_2983,1,0.8998615741729736
bHLH_1:29857226-29857475_non_binding_793,1,0.8864508271217346
bHLH_1:29857226-29857475_reference_binding_2573,1,0.8831591010093689
bHLH_1:29867456-29867705_non_binding_1755,1,0.906816303730011
bHLH_1:29867456-29867705_non_binding_1784,1,0.913941502571106
bHLH_1:29867456-29867705_reference_binding_2911,1,0.9072082042694092
bHLH_1:29875280-29875529_binding_117,1,0.9179098010063171
bHLH_1:29875280-29875529_binding_118,1,0.9126852750778198
bHLH_1:29875280-29875529_binding_437,1,0.9182833433151245
bHLH_1:29875280-29875529_binding_438,1,0.9142972230911255
bHLH_1:29875280-29875529_non_binding_1632,1,0.9077996611595154
bHLH_1:29875280-29875529_reference_binding_2106,1,0.9115318655967712
bHLH_1:29889049-29889298_non_binding_1614,1,0.9165120124816895
bHLH_1:29889049-29889298_non_binding_825,1,0.9129106402397156
bHLH_1:29889049-29889298_reference_binding_2590,1,0.9139484763145447
bHLH_1:2990360-2990609_binding_304,1,0.9172852039337158
bHLH_1:2990360-2990609_reference_binding_2228,1,0.9261436462402344
bHLH_1:29948549-29948798_non_binding_1690,1,0.8752939701080322
bHLH_1:29948549-29948798_non_binding_657,1,0.8586710691452026
bHLH_1:29948549-29948798_reference_binding_2468,1,0.8665638566017151
bHLH_1:29958589-29958838_non_binding_805,1,0.8510575294494629
bHLH_1:29958589-29958838_reference_binding_2578,1,0.8550902605056763
bHLH_1:2997191-2997440_non_binding_910,1,0.8830797076225281
bHLH_1:2997191-2997440_reference_binding_2647,1,0.8807073831558228
bHLH_1:29972535-29972784_binding_156,1,0.860366940498352
bHLH_1:29972535-29972784_non_binding_654,1,0.8630536794662476
bHLH_1:29972535-29972784_reference_binding_2137,1,0.8655533194541931
bHLH_1:29975496-29975745_binding_1279,1,0.9231194257736206
bHLH_1:29975496-29975745_binding_1440,1,0.9221577644348145
bHLH_1:29975496-29975745_binding_446,1,0.9248799085617065
bHLH_1:29975496-29975745_reference_binding_2303,1,0.9311188459396362
bHLH_1:30101245-30101494_binding_373,1,0.8313736319541931
bHLH_1:30101245-30101494_reference_binding_2265,1,0.8407053351402283
bHLH_1:30105784-30106033_binding_260,1,0.8414729833602905
bHLH_1:30105784-30106033_non_binding_795,1,0.817879319190979
bHLH_1:30105784-30106033_reference_binding_2204,1,0.8422992825508118
bHLH_1:30115091-30115340_binding_1,1,0.9045470356941223
bHLH_1:30115091-30115340_binding_1388,1,0.9048634767532349
bHLH_1:30115091-30115340_binding_174,1,0.9110719561576843
bHLH_1:30115091-30115340_non_binding_821,1,0.9046866297721863
bHLH_1:30115091-30115340_reference_binding_2001,1,0.9091475605964661
bHLH_1:30129932-30130181_binding_1277,1,0.9282732009887695
bHLH_1:30129932-30130181_reference_binding_2760,1,0.9302608966827393
bHLH_1:30167932-30168181_binding_1324,1,0.8910835981369019
bHLH_1:30167932-30168181_reference_binding_2775,1,0.9084161520004272
bHLH_1:30177580-30177829_reference_binding_2377,1,0.8922498226165771
bHLH_1:30184676-30184925_binding_461,1,0.8947821259498596
bHLH_1:30184676-30184925_non_binding_764,1,0.8999499082565308
bHLH_1:30184676-30184925_non_binding_861,1,0.8938467502593994
bHLH_1:30184676-30184925_reference_binding_2316,1,0.903116762638092
bHLH_1:30187294-30187543_non_binding_1551,1,0.9164828658103943
bHLH_1:30187294-30187543_non_binding_673,1,0.9143762588500977
bHLH_1:30187294-30187543_reference_binding_2481,1,0.9126266241073608
bHLH_1:3019771-3020020_binding_1018,1,0.8806948661804199
bHLH_1:3019771-3020020_binding_58,1,0.8742486834526062
bHLH_1:3019771-3020020_non_binding_593,1,0.8731793165206909
bHLH_1:3019771-3020020_reference_binding_2054,1,0.8783930540084839
bHLH_1:3020292-3020541_binding_1040,1,0.855253279209137
bHLH_1:3020292-3020541_binding_1061,1,0.8637321591377258
bHLH_1:3020292-3020541_binding_1111,1,0.8417665362358093
bHLH_1:3020292-3020541_binding_1187,1,0.8517440557479858
bHLH_1:3020292-3020541_binding_1285,1,0.86089026927948
bHLH_1:3020292-3020541_binding_1464,1,0.8586322665214539
bHLH_1:3020292-3020541_binding_147,1,0.8601328730583191
bHLH_1:3020292-3020541_binding_167,1,0.8702080249786377
bHLH_1:3020292-3020541_binding_33,1,0.8784067630767822
bHLH_1:3020292-3020541_binding_497,1,0.853563129901886
bHLH_1:3020292-3020541_reference_binding_2032,1,0.8536742925643921
bHLH_1:30227134-30227383_non_binding_1949,1,0.9142832159996033
bHLH_1:30227134-30227383_reference_binding_2974,1,0.9166967868804932
bHLH_1:30244199-30244448_binding_1172,1,0.7837534546852112
bHLH_1:30244199-30244448_reference_binding_2739,1,0.7899053692817688
bHLH_1:30247391-30247640_binding_1140,1,0.8741302490234375
bHLH_1:30247391-30247640_binding_1292,1,0.8726248145103455
bHLH_1:30247391-30247640_binding_1321,1,0.8839660286903381
bHLH_1:30247391-30247640_binding_203,1,0.8900628685951233
bHLH_1:30247391-30247640_binding_204,1,0.8831465840339661
bHLH_1:30247391-30247640_reference_binding_2169,1,0.8731285333633423
bHLH_1:30260711-30260960_non_binding_1906,1,0.8525729179382324
bHLH_1:30260711-30260960_reference_binding_2967,1,0.8493188619613647
bHLH_1:30275162-30275411_non_binding_780,1,0.8914368748664856
bHLH_1:30275162-30275411_reference_binding_2563,1,0.9032037854194641
bHLH_1:30285880-30286129_binding_441,1,0.9122860431671143
bHLH_1:30285880-30286129_reference_binding_2299,1,0.9077759981155396
bHLH_1:3031678-3031927_binding_1131,1,0.8891691565513611
bHLH_1:3031678-3031927_binding_1419,1,0.8914836645126343
bHLH_1:3031678-3031927_binding_81,1,0.9038420915603638
bHLH_1:3031678-3031927_non_binding_956,1,0.8936900496482849
bHLH_1:3031678-3031927_reference_binding_2077,1,0.8899496793746948
bHLH_1:30317849-30318098_binding_1160,1,0.8952895402908325
bHLH_1:30317849-30318098_binding_1215,1,0.8988872170448303
bHLH_1:30317849-30318098_binding_1463,1,0.8981858491897583
bHLH_1:30317849-30318098_binding_1479,1,0.8990175724029541
bHLH_1:30317849-30318098_binding_345,1,0.9053310751914978
bHLH_1:30317849-30318098_reference_binding_2250,1,0.8982728123664856
bHLH_1:30351247-30351496_reference_binding_2842,1,0.9046934843063354
bHLH_1:30351686-30351935_binding_272,1,0.8831652998924255
bHLH_1:30351686-30351935_binding_408,1,0.8967711925506592
bHLH_1:30351686-30351935_binding_93,1,0.9001677632331848
bHLH_1:30351686-30351935_reference_binding_2087,1,0.8781311511993408
bHLH_1:30354658-30354907_binding_155,1,0.8806276917457581
bHLH_1:30354658-30354907_binding_282,1,0.8848950862884521
bHLH_1:30354658-30354907_reference_binding_2136,1,0.8956682682037354
bHLH_1:303932-304181_non_binding_1562,1,0.8243094682693481
bHLH_1:303932-304181_non_binding_581,1,0.8266734480857849
bHLH_1:303932-304181_reference_binding_2404,1,0.8314377069473267
bHLH_1:3069173-3069422_binding_114,1,0.9214138388633728
bHLH_1:3069173-3069422_binding_193,1,0.9217506051063538
bHLH_1:3069173-3069422_reference_binding_2104,1,0.910961389541626
bHLH_1:3093242-3093491_binding_200,1,0.881058394908905
bHLH_1:3093242-3093491_binding_245,1,0.8757834434509277
bHLH_1:3093242-3093491_binding_256,1,0.8818792700767517
bHLH_1:3093242-3093491_non_binding_563,1,0.88182133436203
bHLH_1:3093242-3093491_non_binding_796,1,0.8857481479644775
bHLH_1:3093242-3093491_reference_binding_2166,1,0.8798574209213257
bHLH_1:3125676-3125925_binding_1121,1,0.8493505120277405
bHLH_1:3125676-3125925_binding_1255,1,0.8506156206130981
bHLH_1:3125676-3125925_binding_1284,1,0.8493804931640625
bHLH_1:3125676-3125925_binding_1403,1,0.8515768051147461
bHLH_1:3125676-3125925_binding_1454,1,0.8524144887924194
bHLH_1:3125676-3125925_non_binding_843,1,0.848655104637146
bHLH_1:3125676-3125925_non_binding_967,1,0.8500928282737732
bHLH_1:3125676-3125925_non_binding_974,1,0.8501662611961365
bHLH_1:3125676-3125925_non_binding_984,1,0.8498982191085815
bHLH_1:3125676-3125925_reference_binding_2598,1,0.8496516942977905
bHLH_1:3134817-3135066_non_binding_1563,1,0.9117236137390137
bHLH_1:3134817-3135066_non_binding_758,1,0.898527204990387
bHLH_1:3134817-3135066_reference_binding_2548,1,0.9113742709159851
bHLH_1:3136490-3136739_binding_188,1,0.8735947608947754
bHLH_1:3136490-3136739_reference_binding_2156,1,0.8597980737686157
bHLH_1:3140802-3141051_binding_340,1,0.7486090064048767
bHLH_1:3140802-3141051_reference_binding_2247,1,0.763591468334198
bHLH_1:3169000-3169249_binding_489,1,0.8632429242134094
bHLH_1:3169000-3169249_non_binding_972,1,0.8620542287826538
bHLH_1:3169000-3169249_reference_binding_2328,1,0.875330924987793
bHLH_1:3169742-3169991_binding_1236,1,0.8253455758094788
bHLH_1:3169742-3169991_binding_1462,1,0.8176125288009644
bHLH_1:3169742-3169991_binding_1466,1,0.816164493560791
bHLH_1:3169742-3169991_binding_151,1,0.8242365121841431
bHLH_1:3169742-3169991_non_binding_814,1,0.8204801082611084
bHLH_1:3169742-3169991_non_binding_952,1,0.8146255612373352
bHLH_1:3169742-3169991_reference_binding_2133,1,0.8126723766326904
bHLH_1:3177500-3177749_binding_196,1,0.8975043296813965
bHLH_1:3177500-3177749_reference_binding_2162,1,0.888924777507782
bHLH_1:3207531-3207780_non_binding_1599,1,0.845041811466217
bHLH_1:3207531-3207780_non_binding_630,1,0.8473942875862122
bHLH_1:3207531-3207780_reference_binding_2447,1,0.8466072678565979
bHLH_1:3220180-3220429_non_binding_1689,1,0.8385602831840515
bHLH_1:3220180-3220429_non_binding_652,1,0.8391629457473755
bHLH_1:3220180-3220429_reference_binding_2464,1,0.8382335901260376
bHLH_1:3238509-3238758_non_binding_1527,1,0.8547595143318176
bHLH_1:3238509-3238758_non_binding_1687,1,0.8567788600921631
bHLH_1:3238509-3238758_reference_binding_2806,1,0.8602192401885986
bHLH_1:3245293-3245542_binding_349,1,0.8603984117507935
bHLH_1:3245293-3245542_binding_363,1,0.8752294778823853
bHLH_1:3245293-3245542_reference_binding_2252,1,0.8738916516304016
bHLH_1:3264530-3264779_binding_1313,1,0.8814257383346558
bHLH_1:3264530-3264779_reference_binding_2773,1,0.8807859420776367
bHLH_1:3291778-3292027_non_binding_1550,1,0.9395300149917603
bHLH_1:3291778-3292027_non_binding_1612,1,0.9383987188339233
bHLH_1:3291778-3292027_non_binding_1739,1,0.938414454460144
bHLH_1:3291778-3292027_reference_binding_2822,1,0.9387746453285217
bHLH_1:3295308-3295557_binding_490,1,0.927513837814331
bHLH_1:3295308-3295557_non_binding_1543,1,0.9266712069511414
bHLH_1:3295308-3295557_non_binding_647,1,0.9250531196594238
bHLH_1:3295308-3295557_non_binding_838,1,0.9233359694480896
bHLH_1:3295308-3295557_reference_binding_2329,1,0.9238525032997131
bHLH_1:3316047-3316296_binding_1399,1,0.8965122103691101
bHLH_1:3316047-3316296_binding_1404,1,0.8804978132247925
bHLH_1:3316047-3316296_binding_1484,1,0.8899281024932861
bHLH_1:3316047-3316296_binding_1487,1,0.8888877034187317
bHLH_1:3316047-3316296_reference_binding_2787,1,0.8978776931762695
bHLH_1:3350078-3350327_non_binding_1858,1,0.8293284773826599
bHLH_1:3350078-3350327_non_binding_1897,1,0.8438059687614441
bHLH_1:3350078-3350327_non_binding_1986,1,0.8421688079833984
bHLH_1:3350078-3350327_reference_binding_2955,1,0.8465549349784851
bHLH_1:3360996-3361245_non_binding_817,1,0.8568980097770691
bHLH_1:3360996-3361245_reference_binding_2585,1,0.8660597801208496
bHLH_1:3375654-3375903_binding_1128,1,0.8900154232978821
bHLH_1:3375654-3375903_binding_1270,1,0.8926072120666504
bHLH_1:3375654-3375903_binding_1497,1,0.8962292075157166
bHLH_1:3375654-3375903_reference_binding_2726,1,0.8876723051071167
bHLH_1:3392230-3392479_binding_172,1,0.8768072724342346
bHLH_1:3392230-3392479_reference_binding_2149,1,0.8689583539962769
bHLH_1:3437137-3437386_non_binding_1839,1,0.9178156852722168
bHLH_1:3437137-3437386_non_binding_730,1,0.9129320383071899
bHLH_1:3437137-3437386_non_binding_836,1,0.9155662059783936
bHLH_1:3437137-3437386_reference_binding_2526,1,0.9173232913017273
bHLH_1:355682-355931_binding_239,1,0.7199358344078064
bHLH_1:355682-355931_binding_440,1,0.7171117067337036
bHLH_1:355682-355931_reference_binding_2193,1,0.6783241629600525
bHLH_1:3563006-3563255_non_binding_978,1,0.8591911792755127
bHLH_1:3563006-3563255_reference_binding_2675,1,0.8590334057807922
bHLH_1:3624462-3624711_binding_1359,1,0.8967410326004028
bHLH_1:3624462-3624711_binding_18,1,0.8793378472328186
bHLH_1:3624462-3624711_binding_342,1,0.8897543549537659
bHLH_1:3624462-3624711_reference_binding_2018,1,0.9036025404930115
bHLH_1:3627225-3627474_binding_266,1,0.8693162798881531
bHLH_1:3627225-3627474_reference_binding_2208,1,0.879253089427948
bHLH_1:362801-363050_non_binding_1919,1,0.8253775835037231
bHLH_1:362801-363050_reference_binding_2971,1,0.8228077292442322
bHLH_1:3665866-3666115_binding_1069,1,0.9195740222930908
bHLH_1:3665866-3666115_binding_1331,1,0.9153908491134644
bHLH_1:3665866-3666115_binding_1382,1,0.9160001873970032
bHLH_1:3665866-3666115_binding_154,1,0.9179010987281799
bHLH_1:3665866-3666115_binding_422,1,0.9225139021873474
bHLH_1:3665866-3666115_reference_binding_2135,1,0.9211879372596741
bHLH_1:3675540-3675789_non_binding_1686,1,0.9091541171073914
bHLH_1:3675540-3675789_reference_binding_2884,1,0.9074181914329529
bHLH_1:368677-368926_non_binding_594,1,0.907335638999939
bHLH_1:368677-368926_reference_binding_2416,1,0.9057132601737976
bHLH_1:3731158-3731407_binding_445,1,0.8892486095428467
bHLH_1:3731158-3731407_non_binding_549,1,0.8914731740951538
bHLH_1:3731158-3731407_non_binding_578,1,0.8809285163879395
bHLH_1:3731158-3731407_non_binding_889,1,0.8916796445846558
bHLH_1:3731158-3731407_reference_binding_2302,1,0.8960228562355042
bHLH_1:3770279-3770528_non_binding_1917,1,0.9272379279136658
bHLH_1:3770279-3770528_reference_binding_2970,1,0.9217604994773865
bHLH_1:3783090-3783339_non_binding_1725,1,0.8874702453613281
bHLH_1:3783090-3783339_non_binding_1853,1,0.8990268707275391
bHLH_1:3783090-3783339_non_binding_1878,1,0.9045488834381104
bHLH_1:3783090-3783339_non_binding_1921,1,0.8980536460876465
bHLH_1:3783090-3783339_non_binding_1944,1,0.9085372686386108
bHLH_1:3783090-3783339_non_binding_1972,1,0.9103186130523682
bHLH_1:3783090-3783339_non_binding_1989,1,0.8946559429168701
bHLH_1:3788119-3788368_non_binding_537,1,0.9106276035308838
bHLH_1:3788119-3788368_reference_binding_2370,1,0.9134737849235535
bHLH_1:3791825-3792074_non_binding_637,1,0.8850407600402832
bHLH_1:3791825-3792074_non_binding_797,1,0.8658778667449951
bHLH_1:3791825-3792074_non_binding_809,1,0.8732238411903381
bHLH_1:3791825-3792074_reference_binding_2454,1,0.8806907534599304
bHLH_1:3817185-3817434_binding_1015,1,0.8746651411056519
bHLH_1:3817185-3817434_binding_1133,1,0.8762032985687256
bHLH_1:3817185-3817434_binding_1167,1,0.8820390105247498
bHLH_1:3817185-3817434_binding_1211,1,0.8767544031143188
bHLH_1:3817185-3817434_binding_1299,1,0.8783507943153381
bHLH_1:3817185-3817434_binding_1352,1,0.8710305094718933
bHLH_1:3817185-3817434_binding_1424,1,0.8753390908241272
bHLH_1:3817185-3817434_binding_153,1,0.8905208706855774
bHLH_1:3817185-3817434_binding_53,1,0.886293351650238
bHLH_1:3817185-3817434_reference_binding_2049,1,0.8838787078857422
bHLH_1:3819699-3819948_binding_254,1,0.841330349445343
bHLH_1:3819699-3819948_reference_binding_2202,1,0.8724625706672668
bHLH_1:3835646-3835895_binding_1165,1,0.9257757663726807
bHLH_1:3835646-3835895_binding_1272,1,0.924573540687561
bHLH_1:3835646-3835895_binding_302,1,0.9286301732063293
bHLH_1:3835646-3835895_reference_binding_2227,1,0.9276325106620789
bHLH_1:3891023-3891272_non_binding_1952,1,0.8826605081558228
bHLH_1:3891023-3891272_reference_binding_2975,1,0.8807597756385803
bHLH_1:3903284-3903533_non_binding_855,1,0.8147289156913757
bHLH_1:3903284-3903533_reference_binding_2606,1,0.8321436643600464
bHLH_1:391938-392187_non_binding_1886,1,0.8986392617225647
bHLH_1:391938-392187_non_binding_1981,1,0.9009050130844116
bHLH_1:391938-392187_reference_binding_2962,1,0.9025455713272095
bHLH_1:3924464-3924713_non_binding_1590,1,0.9057535529136658
bHLH_1:3924464-3924713_reference_binding_2840,1,0.9071188569068909
bHLH_1:394575-394824_non_binding_502,1,0.9095260500907898
bHLH_1:394575-394824_non_binding_735,1,0.9075163006782532
bHLH_1:394575-394824_non_binding_822,1,0.9075146913528442
bHLH_1:394575-394824_reference_binding_2335,1,0.9072924852371216
bHLH_1:394922-395171_binding_290,1,0.8809682726860046
bHLH_1:394922-395171_binding_315,1,0.8800281286239624
bHLH_1:394922-395171_non_binding_1703,1,0.8793914914131165
bHLH_1:394922-395171_reference_binding_2219,1,0.8827715516090393
bHLH_1:4011452-4011701_binding_1088,1,0.9115263819694519
bHLH_1:4011452-4011701_reference_binding_2715,1,0.9192230105400085
bHLH_1:402707-402956_binding_191,1,0.8934466242790222
bHLH_1:402707-402956_reference_binding_2159,1,0.9074347615242004
bHLH_1:4028689-4028938_binding_10,1,0.8048422336578369
bHLH_1:4028689-4028938_binding_1117,1,0.7887266874313354
bHLH_1:4028689-4028938_binding_1289,1,0.7681421637535095
bHLH_1:4028689-4028938_binding_31,1,0.7868788838386536
bHLH_1:4028689-4028938_reference_binding_2010,1,0.7844498157501221
bHLH_1:4069593-4069842_non_binding_924,1,0.8816739320755005
bHLH_1:4069593-4069842_reference_binding_2656,1,0.8860791921615601
bHLH_1:4082523-4082772_binding_1010,1,0.9104974269866943
bHLH_1:4082523-4082772_reference_binding_2687,1,0.9145958423614502
bHLH_1:4102367-4102616_non_binding_873,1,0.9047519564628601
bHLH_1:4102367-4102616_reference_binding_2618,1,0.9130630493164062
bHLH_1:4151687-4151936_non_binding_953,1,0.8912157416343689
bHLH_1:4151687-4151936_reference_binding_2669,1,0.895084798336029
bHLH_1:4206702-4206951_non_binding_1558,1,0.9248334765434265
bHLH_1:4206702-4206951_reference_binding_2826,1,0.9237588047981262
bHLH_1:4236645-4236894_non_binding_568,1,0.9298222064971924
bHLH_1:4264485-4264734_binding_135,1,0.8853463530540466
bHLH_1:4264485-4264734_reference_binding_2121,1,0.8815773725509644
bHLH_1:4266746-4266995_binding_1029,1,0.9280909895896912
bHLH_1:4266746-4266995_binding_1042,1,0.9276674389839172
bHLH_1:4266746-4266995_binding_1105,1,0.9297537207603455
bHLH_1:4266746-4266995_binding_1306,1,0.929845929145813
bHLH_1:4266746-4266995_binding_1422,1,0.9296090006828308
bHLH_1:4266746-4266995_binding_1436,1,0.9304409027099609
bHLH_1:4266746-4266995_binding_1437,1,0.930243968963623
bHLH_1:4266746-4266995_binding_1491,1,0.9317365288734436
bHLH_1:4266746-4266995_binding_1498,1,0.9296615719795227
bHLH_1:4266746-4266995_binding_404,1,0.9331977367401123
bHLH_1:4266746-4266995_binding_491,1,0.9312283396720886
bHLH_1:4266746-4266995_reference_binding_2282,1,0.9335107803344727
bHLH_1:4306049-4306298_non_binding_894,1,0.8715844750404358
bHLH_1:4306049-4306298_reference_binding_2635,1,0.8721008896827698
bHLH_1:4344663-4344912_non_binding_1806,1,0.8814314007759094
bHLH_1:4344663-4344912_reference_binding_2935,1,0.8739719390869141
bHLH_1:4379440-4379689_binding_177,1,0.9106585383415222
bHLH_1:4379440-4379689_binding_421,1,0.8921160697937012
bHLH_1:4379440-4379689_reference_binding_2151,1,0.9002098441123962
bHLH_1:4381016-4381265_non_binding_628,1,0.8153873085975647
bHLH_1:4381016-4381265_reference_binding_2445,1,0.8216637969017029
bHLH_1:4394359-4394608_binding_276,1,0.8741081357002258
bHLH_1:4394359-4394608_binding_476,1,0.8784639835357666
bHLH_1:4394359-4394608_binding_70,1,0.8879039287567139
bHLH_1:4394359-4394608_reference_binding_2066,1,0.8741861581802368
bHLH_1:4423672-4423921_non_binding_1653,1,0.789739727973938
bHLH_1:4423672-4423921_non_binding_1710,1,0.7827460765838623
bHLH_1:4423672-4423921_non_binding_623,1,0.7838571071624756
bHLH_1:4423672-4423921_non_binding_662,1,0.7766768932342529
bHLH_1:4423672-4423921_reference_binding_2441,1,0.782166063785553
bHLH_1:4429965-4430214_binding_1072,1,0.8601655960083008
bHLH_1:4429965-4430214_binding_13,1,0.869117021560669
bHLH_1:4429965-4430214_binding_331,1,0.8729119896888733
bHLH_1:4429965-4430214_binding_464,1,0.8681588172912598
bHLH_1:4429965-4430214_reference_binding_2013,1,0.8633988499641418
bHLH_1:444578-444827_non_binding_1991,1,0.907630205154419
bHLH_1:444578-444827_non_binding_1999,1,0.9097499847412109
bHLH_1:444578-444827_non_binding_507,1,0.903756856918335
bHLH_1:444578-444827_reference_binding_2340,1,0.9034662842750549
bHLH_1:4525995-4526244_binding_1174,1,0.8820667266845703
bHLH_1:4525995-4526244_reference_binding_2740,1,0.8880308270454407
bHLH_1:4541682-4541931_binding_1368,1,0.9132856726646423
bHLH_1:4541682-4541931_reference_binding_2782,1,0.919898509979248
bHLH_1:4557178-4557427_binding_1239,1,0.8814645409584045
bHLH_1:4557178-4557427_reference_binding_2749,1,0.8827046155929565
bHLH_1:4565225-4565474_binding_181,1,0.9093807935714722
bHLH_1:4565225-4565474_binding_241,1,0.8955539464950562
bHLH_1:4565225-4565474_binding_400,1,0.9042037129402161
bHLH_1:4565225-4565474_reference_binding_2153,1,0.8927585482597351
bHLH_1:4590379-4590628_binding_1180,1,0.8990058898925781
bHLH_1:4590379-4590628_binding_1367,1,0.9035731554031372
bHLH_1:4590379-4590628_binding_26,1,0.9039536118507385
bHLH_1:4590379-4590628_binding_39,1,0.8924403190612793
bHLH_1:4590379-4590628_reference_binding_2026,1,0.9014059901237488
bHLH_1:4605180-4605429_binding_1074,1,0.8745940327644348
bHLH_1:4605180-4605429_binding_1434,1,0.8765716552734375
bHLH_1:4605180-4605429_binding_1488,1,0.8769014477729797
bHLH_1:4605180-4605429_binding_242,1,0.8786776065826416
bHLH_1:4605180-4605429_reference_binding_2195,1,0.883808970451355
bHLH_1:4612262-4612511_binding_1300,1,0.8861637115478516
bHLH_1:4612262-4612511_binding_1366,1,0.8894148468971252
bHLH_1:4612262-4612511_reference_binding_2768,1,0.8885205984115601
bHLH_1:4658851-4659100_binding_352,1,0.9265809655189514
bHLH_1:4658851-4659100_binding_454,1,0.9240350723266602
bHLH_1:4658851-4659100_non_binding_1694,1,0.9169326424598694
bHLH_1:4658851-4659100_reference_binding_2253,1,0.9180762767791748
bHLH_1:4677318-4677567_binding_1077,1,0.8358655571937561
bHLH_1:4677318-4677567_binding_109,1,0.8587633371353149
bHLH_1:4677318-4677567_binding_351,1,0.8753221035003662
bHLH_1:4677318-4677567_reference_binding_2099,1,0.8365925550460815
bHLH_1:4684258-4684507_non_binding_1832,1,0.9255245923995972
bHLH_1:4684258-4684507_non_binding_1926,1,0.9225894808769226
bHLH_1:4684258-4684507_reference_binding_2948,1,0.9196376204490662
bHLH_1:4702295-4702544_non_binding_717,1,0.9129680395126343
bHLH_1:4702295-4702544_reference_binding_2518,1,0.9159608483314514
bHLH_1:4705789-4706038_binding_1064,1,0.9043504595756531
bHLH_1:4705789-4706038_binding_1323,1,0.9099839925765991
bHLH_1:4705789-4706038_non_binding_982,1,0.9085244536399841
bHLH_1:4705789-4706038_reference_binding_2676,1,0.9136773943901062
bHLH_1:4741921-4742170_non_binding_890,1,0.8473249673843384
bHLH_1:4741921-4742170_reference_binding_2633,1,0.8505531549453735
bHLH_1:4743017-4743266_non_binding_1615,1,0.8716391324996948
bHLH_1:4743017-4743266_reference_binding_2853,1,0.8718181252479553
bHLH_1:4840826-4841075_binding_1228,1,0.8557400107383728
bHLH_1:4840826-4841075_binding_36,1,0.8703088760375977
bHLH_1:4840826-4841075_non_binding_565,1,0.8672434091567993
bHLH_1:4840826-4841075_non_binding_988,1,0.8604434728622437
bHLH_1:4840826-4841075_reference_binding_2035,1,0.8643047213554382
bHLH_1:484460-484709_non_binding_1763,1,0.9028710126876831
bHLH_1:484460-484709_reference_binding_2914,1,0.8987551331520081
bHLH_1:4854665-4854914_non_binding_667,1,0.7960419058799744
bHLH_1:4854665-4854914_reference_binding_2477,1,0.8200682997703552
bHLH_1:485682-485931_binding_453,1,0.8795576095581055
bHLH_1:485682-485931_reference_binding_2310,1,0.8704609870910645
bHLH_1:4932172-4932421_non_binding_806,1,0.8580867648124695
bHLH_1:4932172-4932421_reference_binding_2579,1,0.8766973614692688
bHLH_1:4936560-4936809_binding_122,1,0.9034641981124878
bHLH_1:4936560-4936809_binding_1265,1,0.9087655544281006
bHLH_1:4936560-4936809_binding_1407,1,0.907746434211731
bHLH_1:4936560-4936809_binding_1425,1,0.9104108214378357
bHLH_1:4936560-4936809_reference_binding_2110,1,0.9168373346328735
bHLH_1:4953460-4953709_non_binding_1805,1,0.884456992149353
bHLH_1:4953460-4953709_non_binding_1859,1,0.874525785446167
bHLH_1:4953460-4953709_non_binding_1974,1,0.8766908049583435
bHLH_1:4953460-4953709_reference_binding_2934,1,0.8888312578201294
bHLH_1:4962206-4962455_non_binding_1646,1,0.8173778653144836
bHLH_1:4962206-4962455_reference_binding_2866,1,0.8227333426475525
bHLH_1:4972643-4972892_non_binding_1767,1,0.9127179384231567
bHLH_1:4972643-4972892_non_binding_1783,1,0.9183973073959351
bHLH_1:4972643-4972892_non_binding_1827,1,0.9127985835075378
bHLH_1:4972643-4972892_reference_binding_2917,1,0.9172303676605225
bHLH_1:5046524-5046773_binding_1221,1,0.8507872223854065
bHLH_1:5046524-5046773_reference_binding_2746,1,0.8534795641899109
bHLH_1:5048107-5048356_binding_428,1,0.7984119653701782
bHLH_1:5048107-5048356_reference_binding_2296,1,0.8151336312294006
bHLH_1:5082468-5082717_non_binding_555,1,0.8830965161323547
bHLH_1:5082468-5082717_reference_binding_2386,1,0.8811904191970825
bHLH_1:5095412-5095661_non_binding_1501,1,0.8685827851295471
bHLH_1:5124274-5124523_binding_1011,1,0.9153733849525452
bHLH_1:5124274-5124523_binding_471,1,0.9028758406639099
bHLH_1:5124274-5124523_reference_binding_2319,1,0.9132959842681885
bHLH_1:5151631-5151880_non_binding_572,1,0.8953049778938293
bHLH_1:5151631-5151880_reference_binding_2397,1,0.8963550329208374
bHLH_1:5173352-5173601_binding_1034,1,0.8377739191055298
bHLH_1:5173352-5173601_binding_166,1,0.8546603322029114
bHLH_1:5173352-5173601_reference_binding_2145,1,0.8435584306716919
bHLH_1:5176861-5177110_non_binding_607,1,0.9049361348152161
bHLH_1:5176861-5177110_reference_binding_2428,1,0.9080712795257568
bHLH_1:5216190-5216439_non_binding_643,1,0.8704821467399597
bHLH_1:5216190-5216439_reference_binding_2457,1,0.865395724773407
bHLH_1:5287450-5287699_non_binding_1824,1,0.8696760535240173
bHLH_1:5287450-5287699_reference_binding_2944,1,0.8818562626838684
bHLH_1:5298025-5298274_non_binding_791,1,0.8948226571083069
bHLH_1:5298025-5298274_reference_binding_2571,1,0.8862711191177368
bHLH_1:5304205-5304454_non_binding_1728,1,0.8860923647880554
bHLH_1:5304205-5304454_non_binding_1891,1,0.9179109334945679
bHLH_1:5304205-5304454_reference_binding_2900,1,0.894877552986145
bHLH_1:5319512-5319761_non_binding_559,1,0.8982081413269043
bHLH_1:5319512-5319761_non_binding_746,1,0.9046903252601624
bHLH_1:5319512-5319761_reference_binding_2389,1,0.9013903141021729
bHLH_1:5321859-5322108_non_binding_1804,1,0.8849511742591858
bHLH_1:5321859-5322108_non_binding_1851,1,0.892555296421051
bHLH_1:5321859-5322108_non_binding_1936,1,0.897610068321228
bHLH_1:5321859-5322108_non_binding_1964,1,0.8808934092521667
bHLH_1:5321859-5322108_non_binding_768,1,0.8688306212425232
bHLH_1:5321859-5322108_reference_binding_2554,1,0.882199764251709
bHLH_1:5333629-5333878_non_binding_1630,1,0.8900619745254517
bHLH_1:5333629-5333878_non_binding_1715,1,0.8922327756881714
bHLH_1:5338272-5338521_non_binding_1873,1,0.9005147814750671
bHLH_1:5338272-5338521_non_binding_659,1,0.9098683595657349
bHLH_1:5338272-5338521_reference_binding_2470,1,0.9067243337631226
bHLH_1:534138-534387_non_binding_913,1,0.8340829610824585
bHLH_1:534138-534387_reference_binding_2649,1,0.8411222696304321
bHLH_1:536822-537071_binding_1200,1,0.879801869392395
bHLH_1:536822-537071_binding_237,1,0.8863485455513
bHLH_1:536822-537071_reference_binding_2192,1,0.8737841248512268
bHLH_1:5368355-5368604_non_binding_1788,1,0.8827036619186401
bHLH_1:5368355-5368604_non_binding_813,1,0.8710089921951294
bHLH_1:5368355-5368604_reference_binding_2584,1,0.891129732131958
bHLH_1:5380787-5381036_binding_1103,1,0.8901323080062866
bHLH_1:5380787-5381036_binding_1104,1,0.882678747177124
bHLH_1:5380787-5381036_binding_1256,1,0.890977144241333
bHLH_1:5380787-5381036_binding_169,1,0.8809887170791626
bHLH_1:5380787-5381036_reference_binding_2147,1,0.8934729695320129
bHLH_1:5382624-5382873_non_binding_695,1,0.8684552311897278
bHLH_1:5382624-5382873_non_binding_802,1,0.8822618722915649
bHLH_1:5382624-5382873_reference_binding_2498,1,0.8777045011520386
bHLH_1:5415602-5415851_binding_1137,1,0.862277090549469
bHLH_1:5415602-5415851_reference_binding_2731,1,0.8694644570350647
bHLH_1:5462390-5462639_binding_1144,1,0.8952483534812927
bHLH_1:5462390-5462639_binding_1251,1,0.8882471919059753
bHLH_1:5462390-5462639_binding_15,1,0.8840746879577637
bHLH_1:5462390-5462639_binding_165,1,0.881542980670929
bHLH_1:5462390-5462639_reference_binding_2015,1,0.9034045934677124
bHLH_1:5485601-5485850_binding_284,1,0.9225077033042908
bHLH_1:5485601-5485850_non_binding_973,1,0.9233592748641968
bHLH_1:5485601-5485850_reference_binding_2214,1,0.9244859218597412
bHLH_1:5486843-5487092_binding_1280,1,0.8602505922317505
bHLH_1:5486843-5487092_reference_binding_2762,1,0.8661803603172302
bHLH_1:5500682-5500931_non_binding_1771,1,0.9022751450538635
bHLH_1:5500682-5500931_non_binding_1823,1,0.8969659805297852
bHLH_1:5500682-5500931_non_binding_1826,1,0.8957706689834595
bHLH_1:5500682-5500931_non_binding_1938,1,0.8981240391731262
bHLH_1:5500682-5500931_reference_binding_2920,1,0.8978667259216309
bHLH_1:5502781-5503030_binding_1297,1,0.8609590530395508
bHLH_1:5502781-5503030_binding_1319,1,0.8389351963996887
bHLH_1:5502781-5503030_binding_1355,1,0.8464866280555725
bHLH_1:5502781-5503030_binding_30,1,0.8508728742599487
bHLH_1:5502781-5503030_binding_44,1,0.8594191074371338
bHLH_1:5502781-5503030_reference_binding_2030,1,0.8548789620399475
bHLH_1:5515478-5515727_non_binding_1785,1,0.8416672348976135
bHLH_1:5515478-5515727_non_binding_1937,1,0.84303879737854
bHLH_1:5515478-5515727_reference_binding_2923,1,0.8452285528182983
bHLH_1:5536869-5537118_non_binding_583,1,0.9218176007270813
bHLH_1:5536869-5537118_non_binding_718,1,0.9214449524879456
bHLH_1:5536869-5537118_reference_binding_2406,1,0.9216861128807068
bHLH_1:5581797-5582046_binding_46,1,0.8861344456672668
bHLH_1:5581797-5582046_reference_binding_2043,1,0.8899749517440796
bHLH_1:5662839-5663088_non_binding_1787,1,0.8663747310638428
bHLH_1:5662839-5663088_reference_binding_2925,1,0.87255859375
bHLH_1:5664153-5664402_binding_1217,1,0.8695915937423706
bHLH_1:5664153-5664402_binding_175,1,0.8584253787994385
bHLH_1:5664153-5664402_binding_374,1,0.8533642888069153
bHLH_1:5664153-5664402_reference_binding_2150,1,0.8836619257926941
bHLH_1:5671409-5671658_binding_1305,1,0.8669727444648743
bHLH_1:5671409-5671658_binding_139,1,0.8521488308906555
bHLH_1:5671409-5671658_reference_binding_2125,1,0.8905314207077026
bHLH_1:5682476-5682725_non_binding_1719,1,0.8159622550010681
bHLH_1:5682476-5682725_non_binding_1870,1,0.8230127096176147
bHLH_1:5682476-5682725_non_binding_1904,1,0.8242624402046204
bHLH_1:5682476-5682725_non_binding_1954,1,0.823563277721405
bHLH_1:5682476-5682725_reference_binding_2895,1,0.828752875328064
bHLH_1:5689276-5689525_non_binding_715,1,0.8713432550430298
bHLH_1:5689276-5689525_reference_binding_2516,1,0.8761276602745056
bHLH_1:5708073-5708322_binding_1063,1,0.8754956722259521
bHLH_1:5708073-5708322_binding_1096,1,0.8569941520690918
bHLH_1:5708073-5708322_binding_1413,1,0.8699555397033691
bHLH_1:5708073-5708322_binding_149,1,0.8786610960960388
bHLH_1:5708073-5708322_binding_179,1,0.873305082321167
bHLH_1:5708073-5708322_reference_binding_2131,1,0.8693941235542297
bHLH_1:5749123-5749372_binding_77,1,0.9083631634712219
bHLH_1:5749123-5749372_reference_binding_2073,1,0.9150220155715942
bHLH_1:5779193-5779442_non_binding_1617,1,0.8990854620933533
bHLH_1:5779193-5779442_reference_binding_2855,1,0.9005742073059082
bHLH_1:5853173-5853422_non_binding_1594,1,0.8621862530708313
bHLH_1:5853173-5853422_reference_binding_2844,1,0.8644663095474243
bHLH_1:5857934-5858183_binding_1175,1,0.9033031463623047
bHLH_1:5857934-5858183_binding_1298,1,0.9094001650810242
bHLH_1:5857934-5858183_binding_1387,1,0.9017751812934875
bHLH_1:5857934-5858183_binding_283,1,0.9020196795463562
bHLH_1:5857934-5858183_binding_348,1,0.9001114368438721
bHLH_1:5857934-5858183_non_binding_816,1,0.9019560217857361
bHLH_1:5857934-5858183_non_binding_946,1,0.8958619236946106
bHLH_1:5857934-5858183_non_binding_970,1,0.902156412601471
bHLH_1:5857934-5858183_reference_binding_2213,1,0.9011343121528625
bHLH_1:5887448-5887697_non_binding_936,1,0.9029418230056763
bHLH_1:5887448-5887697_reference_binding_2662,1,0.9062130451202393
bHLH_1:5905980-5906229_non_binding_1820,1,0.918738067150116
bHLH_1:5905980-5906229_reference_binding_2943,1,0.9208252429962158
bHLH_1:5926438-5926687_binding_1275,1,0.879163920879364
bHLH_1:5926438-5926687_non_binding_777,1,0.8759753108024597
bHLH_1:5926438-5926687_non_binding_830,1,0.8837795853614807
bHLH_1:5926438-5926687_reference_binding_2560,1,0.8878167271614075
bHLH_1:59787-60036_non_binding_1704,1,0.92299485206604
bHLH_1:59787-60036_reference_binding_2889,1,0.9247239828109741
bHLH_1:6017123-6017372_non_binding_1668,1,0.9097427725791931
bHLH_1:6017123-6017372_reference_binding_2878,1,0.9114122986793518
bHLH_1:6061359-6061608_non_binding_1606,1,0.9198598861694336
bHLH_1:6061359-6061608_non_binding_1691,1,0.9221665263175964
bHLH_1:6061359-6061608_non_binding_1950,1,0.9239988327026367
bHLH_1:6061359-6061608_reference_binding_2849,1,0.9236152172088623
bHLH_1:608467-608716_binding_457,1,0.9010218381881714
bHLH_1:608467-608716_non_binding_829,1,0.904096782207489
bHLH_1:608467-608716_non_binding_852,1,0.8967722058296204
bHLH_1:608467-608716_reference_binding_2313,1,0.9001528024673462
bHLH_1:6129774-6130023_non_binding_526,1,0.9280920624732971
bHLH_1:6129774-6130023_reference_binding_2359,1,0.9285983443260193
bHLH_1:6159973-6160222_non_binding_745,1,0.9264776110649109
bHLH_1:6159973-6160222_reference_binding_2537,1,0.9280200600624084
bHLH_1:6206576-6206825_non_binding_853,1,0.8568728566169739
bHLH_1:6206576-6206825_reference_binding_2605,1,0.8831707239151001
bHLH_1:6290459-6290708_non_binding_1607,1,0.9323274493217468
bHLH_1:6290459-6290708_reference_binding_2850,1,0.9318910241127014
bHLH_1:6299514-6299763_binding_265,1,0.896924614906311
bHLH_1:6299514-6299763_reference_binding_2207,1,0.8942229151725769
bHLH_1:631694-631943_binding_1023,1,0.9134690165519714
bHLH_1:631694-631943_binding_1089,1,0.9172667860984802
bHLH_1:631694-631943_binding_1243,1,0.9180372953414917
bHLH_1:631694-631943_binding_1380,1,0.9130323529243469
bHLH_1:631694-631943_binding_1494,1,0.9144742488861084
bHLH_1:631694-631943_binding_463,1,0.9173868894577026
bHLH_1:631694-631943_binding_91,1,0.9212964773178101
bHLH_1:631694-631943_reference_binding_2085,1,0.9161538481712341
bHLH_1:6370343-6370592_non_binding_653,1,0.8622475266456604
bHLH_1:6370343-6370592_non_binding_815,1,0.8632156252861023
bHLH_1:6370343-6370592_reference_binding_2465,1,0.869571328163147
bHLH_1:6375857-6376106_binding_1028,1,0.8526540398597717
bHLH_1:6375857-6376106_binding_106,1,0.8527688980102539
bHLH_1:6375857-6376106_binding_116,1,0.8413138389587402
bHLH_1:6375857-6376106_binding_1439,1,0.8505034446716309
bHLH_1:6375857-6376106_binding_1492,1,0.8532482981681824
bHLH_1:6375857-6376106_binding_286,1,0.8495424389839172
bHLH_1:6375857-6376106_reference_binding_2097,1,0.8585290312767029
bHLH_1:6411143-6411392_non_binding_1552,1,0.879615068435669
bHLH_1:6411143-6411392_non_binding_1920,1,0.8827947974205017
bHLH_1:6411143-6411392_non_binding_948,1,0.875616192817688
bHLH_1:6411143-6411392_reference_binding_2666,1,0.8822066783905029
bHLH_1:6419308-6419557_non_binding_1633,1,0.9209644794464111
bHLH_1:6419308-6419557_non_binding_1677,1,0.9187036752700806
bHLH_1:6419308-6419557_non_binding_779,1,0.9183037281036377
bHLH_1:6419308-6419557_non_binding_971,1,0.9186700582504272
bHLH_1:6419308-6419557_reference_binding_2562,1,0.9205695986747742
bHLH_1:6429640-6429889_non_binding_664,1,0.9136906862258911
bHLH_1:6429640-6429889_non_binding_721,1,0.908976137638092
bHLH_1:6429640-6429889_reference_binding_2474,1,0.9105279445648193
bHLH_1:6554893-6555142_binding_163,1,0.8586617708206177
bHLH_1:6554893-6555142_non_binding_997,1,0.8682239651679993
bHLH_1:6554893-6555142_reference_binding_2143,1,0.8581644892692566
bHLH_1:6555854-6556103_binding_120,1,0.9282113313674927
bHLH_1:6555854-6556103_binding_320,1,0.9235008955001831
bHLH_1:6555854-6556103_reference_binding_2108,1,0.9118455052375793
bHLH_1:6557555-6557804_non_binding_1529,1,0.8269490599632263
bHLH_1:6557555-6557804_non_binding_1698,1,0.8342477083206177
bHLH_1:6557555-6557804_non_binding_1768,1,0.8480969071388245
bHLH_1:6557555-6557804_non_binding_1925,1,0.8478676676750183
bHLH_1:6557555-6557804_non_binding_1939,1,0.8490607738494873
bHLH_1:6557555-6557804_reference_binding_2807,1,0.8357439637184143
bHLH_1:6565809-6566058_binding_1035,1,0.8339756727218628
bHLH_1:6565809-6566058_reference_binding_2696,1,0.8318915367126465
bHLH_1:6576919-6577168_binding_108,1,0.8913952112197876
bHLH_1:6576919-6577168_binding_3,1,0.8943759799003601
bHLH_1:6576919-6577168_non_binding_1582,1,0.8961217403411865
bHLH_1:6576919-6577168_non_binding_765,1,0.883097231388092
bHLH_1:6576919-6577168_reference_binding_2003,1,0.8918347954750061
bHLH_1:6600310-6600559_binding_1234,1,0.9048510789871216
bHLH_1:6600310-6600559_reference_binding_2748,1,0.9105759859085083
bHLH_1:662991-663240_non_binding_1641,1,0.8749073147773743
bHLH_1:662991-663240_non_binding_1644,1,0.882265567779541
bHLH_1:662991-663240_reference_binding_2864,1,0.8783630132675171
bHLH_1:665223-665472_non_binding_517,1,0.8801659345626831
bHLH_1:665223-665472_reference_binding_2350,1,0.901745080947876
bHLH_1:6675473-6675722_non_binding_685,1,0.9248862266540527
bHLH_1:6675473-6675722_reference_binding_2491,1,0.924201488494873
bHLH_1:6777250-6777499_binding_1188,1,0.9149110913276672
bHLH_1:6777250-6777499_reference_binding_2743,1,0.9174380302429199
bHLH_1:6798126-6798375_binding_401,1,0.914456307888031
bHLH_1:6798126-6798375_reference_binding_2279,1,0.9270952939987183
bHLH_1:6840899-6841148_binding_141,1,0.8920612931251526
bHLH_1:6840899-6841148_binding_22,1,0.8837728500366211
bHLH_1:6840899-6841148_binding_273,1,0.876943051815033
bHLH_1:6840899-6841148_reference_binding_2022,1,0.8952404260635376
bHLH_1:6844894-6845143_binding_1024,1,0.8563207387924194
bHLH_1:6844894-6845143_binding_1199,1,0.8646600246429443
bHLH_1:6844894-6845143_binding_362,1,0.8845261335372925
bHLH_1:6844894-6845143_binding_376,1,0.8918429017066956
bHLH_1:6844894-6845143_binding_56,1,0.8745723962783813
bHLH_1:6844894-6845143_reference_binding_2052,1,0.8662077188491821
bHLH_1:6849673-6849922_non_binding_596,1,0.9126215577125549
bHLH_1:6849673-6849922_reference_binding_2418,1,0.9093018770217896
bHLH_1:6853678-6853927_binding_1037,1,0.8973544836044312
bHLH_1:6853678-6853927_binding_1115,1,0.8990426063537598
bHLH_1:6853678-6853927_binding_1357,1,0.9031193256378174
bHLH_1:6853678-6853927_binding_1394,1,0.8948042988777161
bHLH_1:6853678-6853927_binding_1415,1,0.9011493921279907
bHLH_1:6853678-6853927_reference_binding_2697,1,0.9060729742050171
bHLH_1:6860534-6860783_non_binding_784,1,0.9192497134208679
bHLH_1:6860534-6860783_reference_binding_2566,1,0.9269081354141235
bHLH_1:6864901-6865150_non_binding_528,1,0.9250019192695618
bHLH_1:6864901-6865150_reference_binding_2361,1,0.9281069040298462
bHLH_1:6881548-6881797_binding_1381,1,0.9299333095550537
bHLH_1:6881548-6881797_binding_316,1,0.931287407875061
bHLH_1:6881548-6881797_binding_425,1,0.9287623167037964
bHLH_1:6881548-6881797_reference_binding_2236,1,0.9337034225463867
bHLH_1:6899029-6899278_non_binding_678,1,0.8512377142906189
bHLH_1:6899029-6899278_reference_binding_2485,1,0.8501530289649963
bHLH_1:6989182-6989431_binding_1079,1,0.9067517518997192
bHLH_1:6989182-6989431_binding_1195,1,0.9143614768981934
bHLH_1:6989182-6989431_binding_1495,1,0.9162675738334656
bHLH_1:6989182-6989431_reference_binding_2711,1,0.9068993926048279
bHLH_1:6989539-6989788_binding_1271,1,0.8011550307273865
bHLH_1:6989539-6989788_reference_binding_2758,1,0.8147275447845459
bHLH_1:6994578-6994827_binding_102,1,0.9175143837928772
bHLH_1:6994578-6994827_binding_1068,1,0.9086436033248901
bHLH_1:6994578-6994827_binding_1073,1,0.9092088937759399
bHLH_1:6994578-6994827_binding_1099,1,0.9049131274223328
bHLH_1:6994578-6994827_binding_1444,1,0.9108811020851135
bHLH_1:6994578-6994827_binding_1489,1,0.9109235405921936
bHLH_1:6994578-6994827_reference_binding_2094,1,0.905007004737854
bHLH_1:7039604-7039853_binding_125,1,0.8444093465805054
bHLH_1:7039604-7039853_binding_1383,1,0.8217482566833496
bHLH_1:7039604-7039853_binding_274,1,0.8437387943267822
bHLH_1:7039604-7039853_reference_binding_2113,1,0.8186277747154236
bHLH_1:7047359-7047608_non_binding_665,1,0.9078378677368164
bHLH_1:7047359-7047608_reference_binding_2475,1,0.9182305932044983
bHLH_1:7061361-7061610_non_binding_811,1,0.9001762866973877
bHLH_1:7061361-7061610_non_binding_866,1,0.8965969681739807
bHLH_1:7061361-7061610_reference_binding_2582,1,0.9065965414047241
bHLH_1:7070499-7070748_binding_214,1,0.8533961176872253
bHLH_1:7070499-7070748_binding_92,1,0.846792995929718
bHLH_1:7070499-7070748_reference_binding_2086,1,0.8576934933662415
bHLH_1:7074246-7074495_binding_1370,1,0.8450214862823486
bHLH_1:7093572-7093821_binding_54,1,0.8905282020568848
bHLH_1:7093572-7093821_reference_binding_2050,1,0.896963357925415
bHLH_1:710645-710894_non_binding_552,1,0.9291431307792664
bHLH_1:710645-710894_reference_binding_2383,1,0.9296006560325623
bHLH_1:7132970-7133219_binding_1158,1,0.9211403727531433
bHLH_1:7132970-7133219_binding_366,1,0.9267987012863159
bHLH_1:7132970-7133219_reference_binding_2261,1,0.9222418665885925
bHLH_1:7156461-7156710_binding_1014,1,0.8304024338722229
bHLH_1:7156461-7156710_reference_binding_2689,1,0.8297033905982971
bHLH_1:7167994-7168243_non_binding_700,1,0.8790742754936218
bHLH_1:7167994-7168243_reference_binding_2502,1,0.8796325922012329
bHLH_1:7192447-7192696_binding_25,1,0.8516707420349121
bHLH_1:7192447-7192696_binding_263,1,0.8514100313186646
bHLH_1:7192447-7192696_binding_499,1,0.8499937653541565
bHLH_1:7192447-7192696_reference_binding_2025,1,0.8472239375114441
bHLH_1:7221293-7221542_binding_1379,1,0.8712643980979919
bHLH_1:7221293-7221542_reference_binding_2785,1,0.8697723150253296
bHLH_1:7250508-7250757_non_binding_511,1,0.9132925271987915
bHLH_1:7250508-7250757_reference_binding_2344,1,0.9190366864204407
bHLH_1:7278400-7278649_binding_130,1,0.8440948128700256
bHLH_1:7278400-7278649_reference_binding_2117,1,0.8394697308540344
bHLH_1:7303041-7303290_non_binding_1673,1,0.8678327798843384
bHLH_1:7303041-7303290_reference_binding_2880,1,0.875102162361145
bHLH_1:7307302-7307551_non_binding_1573,1,0.8980218768119812
bHLH_1:7307302-7307551_reference_binding_2833,1,0.8959445357322693
bHLH_1:7309760-7310009_non_binding_1841,1,0.9118329286575317
bHLH_1:7322715-7322964_binding_1302,1,0.9041110277175903
bHLH_1:7322715-7322964_reference_binding_2769,1,0.9126054048538208
bHLH_1:7344608-7344857_binding_482,1,0.8499245643615723
bHLH_1:7344608-7344857_binding_486,1,0.850013017654419
bHLH_1:7344608-7344857_reference_binding_2325,1,0.8381726741790771
bHLH_1:7430557-7430806_binding_405,1,0.8973986506462097
bHLH_1:7430557-7430806_reference_binding_2283,1,0.8988012671470642
bHLH_1:7435761-7436010_binding_285,1,0.8839794397354126
bHLH_1:7435761-7436010_reference_binding_2215,1,0.8888051509857178
bHLH_1:7475908-7476157_binding_1114,1,0.9351433515548706
bHLH_1:7475908-7476157_binding_1303,1,0.9346894025802612
bHLH_1:7475908-7476157_binding_1308,1,0.9357300996780396
bHLH_1:7475908-7476157_binding_1317,1,0.9360965490341187
bHLH_1:7475908-7476157_binding_1325,1,0.9347116947174072
bHLH_1:7475908-7476157_binding_1374,1,0.9367915987968445
bHLH_1:7475908-7476157_binding_1408,1,0.9358110427856445
bHLH_1:7475908-7476157_binding_1443,1,0.9339659214019775
bHLH_1:7475908-7476157_binding_1449,1,0.9367830157279968
bHLH_1:7475908-7476157_binding_1465,1,0.9353800415992737
bHLH_1:7475908-7476157_binding_1482,1,0.933986246585846
bHLH_1:7475908-7476157_binding_235,1,0.9380101561546326
bHLH_1:7475908-7476157_binding_470,1,0.9405788779258728
bHLH_1:7475908-7476157_reference_binding_2190,1,0.9366753697395325
bHLH_1:7534434-7534683_binding_1208,1,0.8825530409812927
bHLH_1:7534434-7534683_binding_281,1,0.877223014831543
bHLH_1:7534434-7534683_binding_61,1,0.8952241539955139
bHLH_1:7534434-7534683_reference_binding_2057,1,0.8858182430267334
bHLH_1:7545180-7545429_non_binding_598,1,0.8575655817985535
bHLH_1:7545180-7545429_reference_binding_2420,1,0.8574056625366211
bHLH_1:7602119-7602368_non_binding_575,1,0.9084894061088562
bHLH_1:7602119-7602368_non_binding_620,1,0.9037200212478638
bHLH_1:7602119-7602368_reference_binding_2400,1,0.905829906463623
bHLH_1:7688499-7688748_non_binding_1708,1,0.893903374671936
bHLH_1:7688499-7688748_reference_binding_2891,1,0.9019576907157898
bHLH_1:771306-771555_binding_432,1,0.9146716594696045
bHLH_1:771306-771555_reference_binding_2297,1,0.9219282269477844
bHLH_1:7719917-7720166_non_binding_1762,1,0.9129186272621155
bHLH_1:7719917-7720166_non_binding_1962,1,0.9080904126167297
bHLH_1:7719917-7720166_non_binding_650,1,0.8898385167121887
bHLH_1:7719917-7720166_reference_binding_2463,1,0.8893716931343079
bHLH_1:7735115-7735364_non_binding_1544,1,0.8432728052139282
bHLH_1:7735115-7735364_non_binding_1871,1,0.8541222214698792
bHLH_1:7735115-7735364_reference_binding_2816,1,0.8404865264892578
bHLH_1:7740862-7741111_non_binding_1750,1,0.8923080563545227
bHLH_1:7740862-7741111_non_binding_1857,1,0.889823853969574
bHLH_1:7740862-7741111_reference_binding_2909,1,0.8991835713386536
bHLH_1:7834520-7834769_binding_1082,1,0.9347096085548401
bHLH_1:7834520-7834769_binding_386,1,0.9353989362716675
bHLH_1:7834520-7834769_reference_binding_2272,1,0.9356629848480225
bHLH_1:7906823-7907072_binding_1100,1,0.9380795955657959
bHLH_1:7906823-7907072_reference_binding_2718,1,0.9413419365882874
bHLH_1:7930532-7930781_non_binding_554,1,0.8787311315536499
bHLH_1:7930532-7930781_reference_binding_2385,1,0.8816866874694824
bHLH_1:7932398-7932647_binding_1119,1,0.9120820760726929
bHLH_1:7932398-7932647_non_binding_919,1,0.9097270369529724
bHLH_1:7932398-7932647_reference_binding_2652,1,0.9208829402923584
bHLH_1:7934882-7935131_binding_124,1,0.8893744945526123
bHLH_1:7934882-7935131_binding_142,1,0.8825201988220215
bHLH_1:7934882-7935131_binding_319,1,0.8780702352523804
bHLH_1:7934882-7935131_binding_383,1,0.8728128671646118
bHLH_1:7934882-7935131_reference_binding_2112,1,0.8739493489265442
bHLH_1:7954358-7954607_binding_1021,1,0.9249113202095032
bHLH_1:7954358-7954607_binding_21,1,0.9165448546409607
bHLH_1:7954358-7954607_binding_253,1,0.9227867722511292
bHLH_1:7954358-7954607_binding_314,1,0.9216701984405518
bHLH_1:7954358-7954607_reference_binding_2021,1,0.9264363646507263
bHLH_1:7990018-7990267_non_binding_1532,1,0.8864641189575195
bHLH_1:7990018-7990267_reference_binding_2809,1,0.8891704082489014
bHLH_1:7997009-7997258_binding_1013,1,0.8564542531967163
bHLH_1:7997009-7997258_binding_1098,1,0.8439152240753174
bHLH_1:7997009-7997258_binding_1122,1,0.8413637280464172
bHLH_1:7997009-7997258_binding_1155,1,0.8415372371673584
bHLH_1:7997009-7997258_binding_1222,1,0.8414129018783569
bHLH_1:7997009-7997258_binding_145,1,0.846727728843689
bHLH_1:7997009-7997258_binding_86,1,0.8284127712249756
bHLH_1:7997009-7997258_reference_binding_2081,1,0.8511370420455933
bHLH_1:8010634-8010883_binding_384,1,0.9039321541786194
bHLH_1:8010634-8010883_binding_485,1,0.9056854248046875
bHLH_1:8010634-8010883_reference_binding_2271,1,0.9063257575035095
bHLH_1:8016951-8017200_binding_1335,1,0.8891105055809021
bHLH_1:8016951-8017200_binding_138,1,0.8949838280677795
bHLH_1:8016951-8017200_reference_binding_2124,1,0.897773027420044
bHLH_1:8064332-8064581_non_binding_1737,1,0.8213615417480469
bHLH_1:8064332-8064581_reference_binding_2904,1,0.82657790184021
bHLH_1:8076400-8076649_non_binding_1664,1,0.905686616897583
bHLH_1:8076400-8076649_reference_binding_2875,1,0.9030411243438721
bHLH_1:8087130-8087379_non_binding_1524,1,0.8908315896987915
bHLH_1:8087130-8087379_non_binding_1729,1,0.8923856616020203
bHLH_1:8087130-8087379_non_binding_1761,1,0.893477737903595
bHLH_1:8087130-8087379_reference_binding_2804,1,0.8920032382011414
bHLH_1:813195-813444_binding_162,1,0.9002959728240967
bHLH_1:813195-813444_reference_binding_2142,1,0.8975244164466858
bHLH_1:8141702-8141951_binding_439,1,0.9355668425559998
bHLH_1:8141702-8141951_reference_binding_2298,1,0.9325128197669983
bHLH_1:8203953-8204202_binding_131,1,0.9042800068855286
bHLH_1:8203953-8204202_binding_5,1,0.8966073393821716
bHLH_1:8203953-8204202_reference_binding_2005,1,0.9018968343734741
bHLH_1:821536-821785_binding_215,1,0.8339833617210388
bHLH_1:821536-821785_reference_binding_2175,1,0.8335344195365906
bHLH_1:823834-824083_binding_1147,1,0.8143584132194519
bHLH_1:823834-824083_reference_binding_2736,1,0.8211821913719177
bHLH_1:8316594-8316843_non_binding_1647,1,0.865978479385376
bHLH_1:8316594-8316843_reference_binding_2867,1,0.8721073865890503
bHLH_1:8354817-8355066_binding_1358,1,0.9182409048080444
bHLH_1:8354817-8355066_non_binding_1679,1,0.9165568947792053
bHLH_1:8354817-8355066_non_binding_808,1,0.9095436334609985
bHLH_1:8354817-8355066_reference_binding_2580,1,0.9193121194839478
bHLH_1:8433708-8433957_non_binding_1510,1,0.9166807532310486
bHLH_1:8433708-8433957_non_binding_1794,1,0.9227167367935181
bHLH_1:8433708-8433957_non_binding_1810,1,0.9233371019363403
bHLH_1:8433708-8433957_non_binding_1835,1,0.9220879673957825
bHLH_1:8433708-8433957_non_binding_1888,1,0.9198521971702576
bHLH_1:8433708-8433957_non_binding_1928,1,0.9206249117851257
bHLH_1:8433708-8433957_non_binding_1935,1,0.9220695495605469
bHLH_1:8433708-8433957_non_binding_1940,1,0.9218857288360596
bHLH_1:8433708-8433957_non_binding_810,1,0.9183490872383118
bHLH_1:8433708-8433957_reference_binding_2581,1,0.9180117845535278
bHLH_1:8460567-8460816_binding_460,1,0.9206932187080383
bHLH_1:8460567-8460816_reference_binding_2315,1,0.9172086715698242
bHLH_1:8467677-8467926_non_binding_1720,1,0.8920354247093201
bHLH_1:8467677-8467926_reference_binding_2896,1,0.8896473050117493
bHLH_1:8469816-8470065_non_binding_586,1,0.8383828997612
bHLH_1:8469816-8470065_reference_binding_2409,1,0.8579644560813904
bHLH_1:8532133-8532382_binding_411,1,0.8460239768028259
bHLH_1:8532133-8532382_reference_binding_2287,1,0.8247966170310974
bHLH_1:8565273-8565522_non_binding_932,1,0.8583500981330872
bHLH_1:8565273-8565522_reference_binding_2660,1,0.8753827214241028
bHLH_1:858051-858300_binding_1471,1,0.927108645439148
bHLH_1:858051-858300_binding_29,1,0.9257524609565735
bHLH_1:858051-858300_reference_binding_2029,1,0.9305331707000732
bHLH_1:8580641-8580890_non_binding_1559,1,0.9185282588005066
bHLH_1:8580641-8580890_reference_binding_2827,1,0.9210177063941956
bHLH_1:8626378-8626627_non_binding_683,1,0.8549708724021912
bHLH_1:8626378-8626627_reference_binding_2490,1,0.8651280999183655
bHLH_1:8663418-8663667_non_binding_1953,1,0.8957352042198181
bHLH_1:8663418-8663667_reference_binding_2976,1,0.9107629060745239
bHLH_1:868085-868334_binding_1044,1,0.9038941264152527
bHLH_1:868085-868334_binding_1051,1,0.9006482362747192
bHLH_1:868085-868334_reference_binding_2698,1,0.9056040048599243
bHLH_1:8693023-8693272_binding_1288,1,0.8723217844963074
bHLH_1:8693023-8693272_non_binding_845,1,0.8716903924942017
bHLH_1:8693023-8693272_reference_binding_2599,1,0.8757533431053162
bHLH_1:8768262-8768511_non_binding_1538,1,0.9022996425628662
bHLH_1:8768262-8768511_reference_binding_2813,1,0.9067950248718262
bHLH_1:8819548-8819797_non_binding_1809,1,0.8975805640220642
bHLH_1:8833926-8834175_non_binding_1753,1,0.9010156989097595
bHLH_1:8833926-8834175_non_binding_1825,1,0.9099131226539612
bHLH_1:8833926-8834175_non_binding_1887,1,0.9043523073196411
bHLH_1:8843934-8844183_non_binding_1786,1,0.8162623643875122
bHLH_1:8843934-8844183_reference_binding_2924,1,0.8055691719055176
bHLH_1:8886052-8886301_binding_1389,1,0.9242671728134155
bHLH_1:8886052-8886301_reference_binding_2786,1,0.9260690212249756
bHLH_1:8887869-8888118_binding_1003,1,0.9327920079231262
bHLH_1:8887869-8888118_binding_1190,1,0.9323923587799072
bHLH_1:8887869-8888118_binding_1397,1,0.9364736676216125
bHLH_1:8887869-8888118_reference_binding_2683,1,0.9339039921760559
bHLH_1:8975664-8975913_non_binding_634,1,0.9114599823951721
bHLH_1:8975664-8975913_reference_binding_2451,1,0.9129559993743896
bHLH_1:8977282-8977531_binding_48,1,0.8786648511886597
bHLH_1:8977282-8977531_non_binding_941,1,0.8751384019851685
bHLH_1:8977282-8977531_reference_binding_2045,1,0.8760563135147095
bHLH_1:8983665-8983914_non_binding_1960,1,0.8776189684867859
bHLH_1:8983665-8983914_non_binding_500,1,0.8734367489814758
bHLH_1:8983665-8983914_reference_binding_2333,1,0.8767855763435364
bHLH_1:9037897-9038146_binding_217,1,0.9099747538566589
bHLH_1:9037897-9038146_binding_255,1,0.9030907154083252
bHLH_1:9037897-9038146_binding_327,1,0.9060113430023193
bHLH_1:9037897-9038146_binding_350,1,0.9044438004493713
bHLH_1:9037897-9038146_reference_binding_2177,1,0.8807345032691956
bHLH_1:9069383-9069632_non_binding_1852,1,0.9060519337654114
bHLH_1:9069383-9069632_reference_binding_2953,1,0.9071108102798462
bHLH_1:908099-908348_non_binding_1770,1,0.8658801913261414
bHLH_1:908099-908348_non_binding_1779,1,0.854149580001831
bHLH_1:908099-908348_reference_binding_2919,1,0.8702549338340759
bHLH_1:9132645-9132894_non_binding_1657,1,0.872630774974823
bHLH_1:9132645-9132894_non_binding_898,1,0.871575117111206
bHLH_1:9132645-9132894_reference_binding_2638,1,0.8696467876434326
bHLH_1:9150619-9150868_non_binding_1735,1,0.927981972694397
bHLH_1:9150619-9150868_reference_binding_2903,1,0.9274005889892578
bHLH_1:9158105-9158354_non_binding_658,1,0.8189728856086731
bHLH_1:9158105-9158354_reference_binding_2469,1,0.8203418850898743
bHLH_1:920174-920423_non_binding_1531,1,0.89811110496521
bHLH_1:920174-920423_non_binding_1760,1,0.9012232422828674
bHLH_1:920174-920423_non_binding_1814,1,0.8984690308570862
bHLH_1:920174-920423_non_binding_533,1,0.8939820528030396
bHLH_1:920174-920423_reference_binding_2366,1,0.89710533618927
bHLH_1:9209982-9210231_binding_1142,1,0.8608879446983337
bHLH_1:9209982-9210231_binding_1194,1,0.8661381602287292
bHLH_1:9209982-9210231_reference_binding_2733,1,0.8581392168998718
bHLH_1:9272891-9273140_binding_1007,1,0.8909052610397339
bHLH_1:9272891-9273140_non_binding_957,1,0.887763500213623
bHLH_1:9272891-9273140_reference_binding_2670,1,0.8882371783256531
bHLH_1:92764-93013_non_binding_1588,1,0.8695070147514343
bHLH_1:92764-93013_non_binding_1654,1,0.8684186339378357
bHLH_1:92764-93013_reference_binding_2838,1,0.8697076439857483
bHLH_1:9326460-9326709_binding_1273,1,0.8770638704299927
bHLH_1:9326460-9326709_reference_binding_2759,1,0.8786914348602295
bHLH_1:9352999-9353248_non_binding_920,1,0.860436201095581
bHLH_1:9352999-9353248_non_binding_928,1,0.8681305050849915
bHLH_1:9352999-9353248_reference_binding_2653,1,0.860126793384552
bHLH_1:9376729-9376978_binding_1056,1,0.9315793514251709
bHLH_1:9376729-9376978_binding_1182,1,0.9329147934913635
bHLH_1:9376729-9376978_binding_216,1,0.9321144223213196
bHLH_1:9376729-9376978_reference_binding_2176,1,0.9307159781455994
bHLH_1:9389495-9389744_binding_1339,1,0.9093430638313293
bHLH_1:9389495-9389744_binding_394,1,0.8971275091171265
bHLH_1:9389495-9389744_reference_binding_2276,1,0.9159061312675476
bHLH_1:9439779-9440028_non_binding_541,1,0.8667457103729248
bHLH_1:9439779-9440028_reference_binding_2374,1,0.8729320168495178
bHLH_1:9539246-9539495_binding_168,1,0.8625512719154358
bHLH_1:9539246-9539495_binding_183,1,0.8616108894348145
bHLH_1:9539246-9539495_reference_binding_2146,1,0.869652271270752
bHLH_1:9569966-9570215_binding_226,1,0.9168283939361572
bHLH_1:9569966-9570215_binding_322,1,0.9056845903396606
bHLH_1:9569966-9570215_binding_35,1,0.9166790843009949
bHLH_1:9569966-9570215_reference_binding_2034,1,0.9140952825546265
bHLH_1:9619214-9619463_non_binding_1868,1,0.8655923008918762
bHLH_1:9619214-9619463_non_binding_1885,1,0.862045168876648
bHLH_1:9619214-9619463_reference_binding_2959,1,0.8674678206443787
bHLH_1:9646763-9647012_non_binding_707,1,0.893467128276825
bHLH_1:9646763-9647012_reference_binding_2509,1,0.8998721241950989
bHLH_1:9668346-9668595_non_binding_850,1,0.8808066844940186
bHLH_1:9668346-9668595_reference_binding_2604,1,0.8901821374893188
bHLH_1:9670419-9670668_binding_8,1,0.8820686936378479
bHLH_1:9682830-9683079_binding_243,1,0.9130748510360718
bHLH_1:9682830-9683079_non_binding_570,1,0.9122523069381714
bHLH_1:9682830-9683079_reference_binding_2196,1,0.9112809300422668
bHLH_1:9704656-9704905_non_binding_671,1,0.8097819685935974
bHLH_1:9704656-9704905_reference_binding_2480,1,0.811142086982727
bHLH_1:9715838-9716087_binding_1181,1,0.9161450862884521
bHLH_1:9715838-9716087_binding_493,1,0.9171646237373352
bHLH_1:9715838-9716087_binding_89,1,0.9121279120445251
bHLH_1:9715838-9716087_reference_binding_2084,1,0.9128914475440979
bHLH_1:9749874-9750123_binding_1365,1,0.9004241228103638
bHLH_1:9749874-9750123_binding_1385,1,0.8973186612129211
bHLH_1:9749874-9750123_binding_232,1,0.8949839472770691
bHLH_1:9749874-9750123_reference_binding_2187,1,0.9057255387306213
bHLH_1:9813392-9813641_binding_160,1,0.9324505925178528
bHLH_1:9813392-9813641_reference_binding_2141,1,0.9228876829147339
bHLH_1:9844333-9844582_binding_71,1,0.7604140639305115
bHLH_1:9844333-9844582_reference_binding_2067,1,0.7459854483604431
bHLH_1:9867997-9868246_non_binding_1619,1,0.9258599281311035
bHLH_1:9867997-9868246_reference_binding_2857,1,0.923995852470398
bHLH_1:9869758-9870007_non_binding_689,1,0.8453606367111206
bHLH_1:9869758-9870007_reference_binding_2494,1,0.8425704836845398
bHLH_1:9888498-9888747_non_binding_688,1,0.9318276643753052
bHLH_1:9888498-9888747_reference_binding_2493,1,0.9318156838417053
bHLH_1:9908898-9909147_non_binding_1627,1,0.8798863887786865
bHLH_1:9908898-9909147_reference_binding_2859,1,0.8858725428581238
bHLH_1:9911456-9911705_non_binding_1643,1,0.9111801981925964
bHLH_1:9911456-9911705_non_binding_760,1,0.9131373167037964
bHLH_1:9911456-9911705_non_binding_785,1,0.9162654876708984
bHLH_1:9911456-9911705_non_binding_940,1,0.9156463146209717
bHLH_1:9911456-9911705_non_binding_960,1,0.9200323224067688
bHLH_1:9911456-9911705_non_binding_999,1,0.9161372780799866
bHLH_1:9911456-9911705_reference_binding_2549,1,0.9162874817848206
bHLH_1:9952803-9953052_non_binding_1711,1,0.8813832998275757
bHLH_1:9952803-9953052_reference_binding_2892,1,0.8798877000808716
bHLH_1:9985225-9985474_non_binding_1502,1,0.8660014867782593
bHLH_1:9985225-9985474_reference_binding_2794,1,0.8743175864219666
bHLH_1:9999806-10000055_non_binding_1722,1,0.8673501014709473
bHLH_1:9999806-10000055_reference_binding_2898,1,0.8723695874214172
WRKY_1:11787887-11788136_reference_binding_2237,1,0.7908457517623901
WRKY_1:17827374-17827623_reference_binding_2307,1,0.8916996121406555
WRKY_1:21392496-21392745_reference_binding_2222,1,0.8740895986557007
WRKY_1:21878680-21878929_non_binding_1827,1,0.8965955376625061
WRKY_1:26631403-26631652_binding_1207,1,0.8434019684791565
WRKY_1:5014036-5014285_binding_249,1,0.7593064308166504
WRKY_1:7261084-7261333_reference_binding_2017,1,0.9154763221740723
bHLH_1:12104963-12105212_non_binding_553,1,0.8683827519416809
bHLH_1:14603209-14603458_binding_231,1,0.8896225690841675
bHLH_1:15864591-15864840_reference_binding_2986,1,0.930514931678772
bHLH_1:15968889-15969138_reference_binding_2349,1,0.9317214488983154
bHLH_1:8819548-8819797_non_binding_1774,1,0.9009365439414978
bHLH_1:9439779-9440028_non_binding_1655,1,0.8731877207756042
WRKY_1:10023437-10023686_binding_1080,2,0.81782466173172
WRKY_1:10023437-10023686_non_binding_710,2,0.822124719619751
WRKY_1:10023437-10023686_reference_binding_2114,2,0.8223330974578857
WRKY_1:10079324-10079573_non_binding_1711,2,0.9063464403152466
WRKY_1:10079324-10079573_non_binding_1828,2,0.9053835868835449
WRKY_1:10079324-10079573_reference_binding_2351,2,0.8987541794776917
WRKY_1:10102436-10102685_non_binding_537,2,0.9045153260231018
WRKY_1:10102436-10102685_non_binding_843,2,0.9088694453239441
WRKY_1:10102436-10102685_reference_binding_1989,2,0.9097235202789307
WRKY_1:10146600-10146849_binding_1026,2,0.9332255125045776
WRKY_1:10146600-10146849_binding_1045,2,0.9322700500488281
WRKY_1:10146600-10146849_binding_1116,2,0.9321029186248779
WRKY_1:10146600-10146849_binding_1124,2,0.9331627488136292
WRKY_1:10146600-10146849_binding_1187,2,0.9324497580528259
WRKY_1:10146600-10146849_binding_1192,2,0.9322807788848877
WRKY_1:10146600-10146849_binding_1343,2,0.9313174486160278
WRKY_1:10146600-10146849_binding_202,2,0.9280629754066467
WRKY_1:10146600-10146849_binding_259,2,0.9257279634475708
WRKY_1:10146600-10146849_binding_324,2,0.9312010407447815
WRKY_1:10146600-10146849_binding_354,2,0.922703742980957
WRKY_1:10146600-10146849_binding_363,2,0.9225674867630005
WRKY_1:10146600-10146849_binding_378,2,0.9242510199546814
WRKY_1:10146600-10146849_binding_399,2,0.927898108959198
WRKY_1:10146600-10146849_binding_465,2,0.9248334169387817
WRKY_1:10146600-10146849_binding_475,2,0.9226557016372681
WRKY_1:10146600-10146849_binding_495,2,0.929637610912323
WRKY_1:10146600-10146849_binding_497,2,0.9323967695236206
WRKY_1:10146600-10146849_binding_89,2,0.9247468709945679
WRKY_1:10146600-10146849_reference_binding_1927,2,0.933128833770752
WRKY_1:10264180-10264429_binding_1271,2,0.8148951530456543
WRKY_1:10264180-10264429_non_binding_769,2,0.8253194689750671
WRKY_1:10264180-10264429_non_binding_861,2,0.8155674338340759
WRKY_1:10264180-10264429_reference_binding_2148,2,0.8020071983337402
WRKY_1:10333638-10333887_non_binding_1604,2,0.8637768030166626
WRKY_1:10333638-10333887_non_binding_1644,2,0.8774611949920654
WRKY_1:10333638-10333887_non_binding_1812,2,0.8638091683387756
WRKY_1:10333638-10333887_non_binding_1837,2,0.8590959906578064
WRKY_1:10333638-10333887_non_binding_962,2,0.8801866769790649
WRKY_1:10333638-10333887_reference_binding_2239,2,0.8745456337928772
WRKY_1:10361942-10362191_binding_189,2,0.8480328321456909
WRKY_1:10361942-10362191_binding_219,2,0.8626080751419067
WRKY_1:10361942-10362191_binding_294,2,0.8328657150268555
WRKY_1:10361942-10362191_binding_435,2,0.8548317551612854
WRKY_1:10361942-10362191_non_binding_1392,2,0.8713608384132385
WRKY_1:10361942-10362191_non_binding_1475,2,0.8639439940452576
WRKY_1:10361942-10362191_reference_binding_1942,2,0.8720105886459351
WRKY_1:10378611-10378860_non_binding_848,2,0.8786240816116333
WRKY_1:10378611-10378860_reference_binding_2193,2,0.8770822286605835
WRKY_1:10441436-10441685_non_binding_1791,2,0.9130065441131592
WRKY_1:10441436-10441685_non_binding_555,2,0.9141342639923096
WRKY_1:10441436-10441685_reference_binding_2002,2,0.911369800567627
WRKY_1:10455473-10455722_non_binding_1660,2,0.9251157641410828
WRKY_1:10455473-10455722_non_binding_1716,2,0.9163108468055725
WRKY_1:10455473-10455722_non_binding_1866,2,0.9235977530479431
WRKY_1:10480476-10480725_non_binding_800,2,0.8902720808982849
WRKY_1:10480476-10480725_reference_binding_2165,2,0.8901136517524719
WRKY_1:10496963-10497212_non_binding_1876,2,0.9114710688591003
WRKY_1:10496963-10497212_reference_binding_2378,2,0.9143120050430298
WRKY_1:10783479-10783728_non_binding_1499,2,0.8982818722724915
WRKY_1:10783479-10783728_reference_binding_2306,2,0.8961904048919678
WRKY_1:10824313-10824562_non_binding_1672,2,0.8771282434463501
WRKY_1:10824313-10824562_reference_binding_2341,2,0.8792098760604858
WRKY_1:10854384-10854633_binding_1076,2,0.8979943990707397
WRKY_1:10854384-10854633_reference_binding_2262,2,0.9048084020614624
WRKY_1:1087187-1087436_non_binding_548,2,0.8896684050559998
WRKY_1:1087187-1087436_non_binding_644,2,0.8879902362823486
WRKY_1:1087187-1087436_reference_binding_1996,2,0.8902872800827026
WRKY_1:10927293-10927542_binding_1010,2,0.9240844249725342
WRKY_1:10927293-10927542_binding_1094,2,0.927895188331604
WRKY_1:10927293-10927542_binding_1132,2,0.92489093542099
WRKY_1:10927293-10927542_binding_1170,2,0.9249831438064575
WRKY_1:10927293-10927542_binding_1218,2,0.9278908371925354
WRKY_1:10927293-10927542_binding_1239,2,0.9284383058547974
WRKY_1:10927293-10927542_binding_1253,2,0.925729513168335
WRKY_1:10927293-10927542_binding_1305,2,0.9267011880874634
WRKY_1:10927293-10927542_binding_1340,2,0.9264419078826904
WRKY_1:10927293-10927542_binding_1354,2,0.923570990562439
WRKY_1:10927293-10927542_binding_1359,2,0.9250682592391968
WRKY_1:10927293-10927542_binding_1367,2,0.9265053272247314
WRKY_1:10927293-10927542_binding_1368,2,0.9229275584220886
WRKY_1:10927293-10927542_binding_254,2,0.929262101650238
WRKY_1:10927293-10927542_binding_278,2,0.9270812273025513
WRKY_1:10927293-10927542_binding_402,2,0.9279334545135498
WRKY_1:10927293-10927542_binding_64,2,0.9276052713394165
WRKY_1:10927293-10927542_binding_91,2,0.9196836948394775
WRKY_1:10927293-10927542_binding_93,2,0.9270117878913879
WRKY_1:10927293-10927542_binding_99,2,0.9261329174041748
WRKY_1:10927293-10927542_non_binding_994,2,0.9243346452713013
WRKY_1:10927293-10927542_reference_binding_1917,2,0.925260066986084
WRKY_1:1101396-1101645_non_binding_1479,2,0.9132857918739319
WRKY_1:1101396-1101645_non_binding_829,2,0.9068958759307861
WRKY_1:1101396-1101645_reference_binding_2183,2,0.9128013253211975
WRKY_1:11229331-11229580_binding_143,2,0.8701079487800598
WRKY_1:11229331-11229580_binding_395,2,0.8718560934066772
WRKY_1:11229331-11229580_non_binding_1503,2,0.8754895925521851
WRKY_1:11229331-11229580_non_binding_966,2,0.8764079213142395
WRKY_1:11229331-11229580_non_binding_993,2,0.8768603205680847
WRKY_1:11229331-11229580_reference_binding_1939,2,0.876231849193573
WRKY_1:11236693-11236942_non_binding_1726,2,0.91818767786026
WRKY_1:11236693-11236942_reference_binding_2354,2,0.9153537750244141
WRKY_1:11301507-11301756_non_binding_1875,2,0.8961328864097595
WRKY_1:11301507-11301756_non_binding_579,2,0.8953776359558105
WRKY_1:11301507-11301756_reference_binding_2022,2,0.9031776189804077
WRKY_1:11389357-11389606_non_binding_1736,2,0.9311455488204956
WRKY_1:11389357-11389606_reference_binding_2357,2,0.9287685751914978
WRKY_1:11405748-11405997_non_binding_845,2,0.8996623158454895
WRKY_1:11405748-11405997_reference_binding_2191,2,0.8987866044044495
WRKY_1:11426718-11426967_binding_1006,2,0.9225605726242065
WRKY_1:11426718-11426967_reference_binding_2253,2,0.9237605929374695
WRKY_1:11460914-11461163_non_binding_1814,2,0.9211367964744568
WRKY_1:11460914-11461163_non_binding_647,2,0.9157032370567322
WRKY_1:11460914-11461163_non_binding_654,2,0.9062816500663757
WRKY_1:11460914-11461163_non_binding_835,2,0.9078487753868103
WRKY_1:11460914-11461163_reference_binding_2070,2,0.9089949727058411
WRKY_1:11478980-11479229_non_binding_1527,2,0.8616706132888794
WRKY_1:11478980-11479229_reference_binding_2312,2,0.8630066514015198
WRKY_1:11523657-11523906_non_binding_855,2,0.7458533048629761
WRKY_1:11523657-11523906_reference_binding_2195,2,0.7496293187141418
WRKY_1:11598355-11598604_non_binding_1720,2,0.8921102285385132
WRKY_1:11598355-11598604_non_binding_744,2,0.8904795050621033
WRKY_1:11598355-11598604_reference_binding_2132,2,0.8891688585281372
WRKY_1:11755178-11755427_non_binding_864,2,0.8917192816734314
WRKY_1:11755178-11755427_reference_binding_2201,2,0.8950283527374268
WRKY_1:11775900-11776149_non_binding_1748,2,0.9366494417190552
WRKY_1:11775900-11776149_reference_binding_2359,2,0.9362466335296631
WRKY_1:11786829-11787078_non_binding_1574,2,0.8915422558784485
WRKY_1:11786829-11787078_non_binding_1591,2,0.8939465284347534
WRKY_1:11786829-11787078_non_binding_927,2,0.8897205591201782
WRKY_1:11786829-11787078_reference_binding_2225,2,0.8927510976791382
WRKY_1:11787887-11788136_binding_1293,2,0.7699780464172363
WRKY_1:11787887-11788136_binding_1365,2,0.7769560217857361
WRKY_1:11787887-11788136_non_binding_958,2,0.7746363282203674
WRKY_1:11808656-11808905_binding_1054,2,0.8996986746788025
WRKY_1:11808656-11808905_binding_467,2,0.9045810103416443
WRKY_1:11808656-11808905_non_binding_886,2,0.8985249400138855
WRKY_1:11808656-11808905_reference_binding_1955,2,0.8984053730964661
WRKY_1:11874732-11874981_non_binding_807,2,0.8986798524856567
WRKY_1:11874732-11874981_non_binding_822,2,0.9023618102073669
WRKY_1:11874732-11874981_non_binding_921,2,0.9016168117523193
WRKY_1:11874732-11874981_reference_binding_2169,2,0.8995957970619202
WRKY_1:11880170-11880419_non_binding_605,2,0.895251452922821
WRKY_1:11880170-11880419_reference_binding_2041,2,0.8974699378013611
WRKY_1:11979335-11979584_binding_1051,2,0.9016067981719971
WRKY_1:11979335-11979584_binding_112,2,0.8963016867637634
WRKY_1:11979335-11979584_binding_1160,2,0.9034256339073181
WRKY_1:11979335-11979584_binding_12,2,0.9032977819442749
WRKY_1:11979335-11979584_binding_1206,2,0.8991476893424988
WRKY_1:11979335-11979584_binding_1226,2,0.9019309878349304
WRKY_1:11979335-11979584_binding_1260,2,0.8974323868751526
WRKY_1:11979335-11979584_binding_144,2,0.9042046070098877
WRKY_1:11979335-11979584_binding_248,2,0.8861591219902039
WRKY_1:11979335-11979584_binding_277,2,0.9023417830467224
WRKY_1:11979335-11979584_binding_326,2,0.8950222730636597
WRKY_1:11979335-11979584_binding_401,2,0.9038941860198975
WRKY_1:11979335-11979584_binding_426,2,0.8972558379173279
WRKY_1:11979335-11979584_binding_45,2,0.8988033533096313
WRKY_1:11979335-11979584_binding_476,2,0.9048187732696533
WRKY_1:11979335-11979584_binding_494,2,0.9003835320472717
WRKY_1:11979335-11979584_non_binding_782,2,0.8921282291412354
WRKY_1:11979335-11979584_non_binding_976,2,0.9028844237327576
WRKY_1:11979335-11979584_non_binding_998,2,0.8989394903182983
WRKY_1:11979335-11979584_reference_binding_1891,2,0.9017435908317566
WRKY_1:1199576-1199825_non_binding_1559,2,0.893400251865387
WRKY_1:1199576-1199825_non_binding_1784,2,0.9136830568313599
WRKY_1:1199576-1199825_non_binding_1872,2,0.9177011847496033
WRKY_1:1199576-1199825_non_binding_693,2,0.8869780898094177
WRKY_1:1199576-1199825_reference_binding_2101,2,0.893950879573822
WRKY_1:1200570-1200819_non_binding_997,2,0.8909220695495605
WRKY_1:1200570-1200819_reference_binding_2251,2,0.8815234899520874
WRKY_1:12015524-12015773_binding_1048,2,0.8910583257675171
WRKY_1:12015524-12015773_non_binding_1780,2,0.8989065289497375
WRKY_1:12015524-12015773_non_binding_549,2,0.8935863971710205
WRKY_1:12015524-12015773_reference_binding_1997,2,0.8927315473556519
WRKY_1:12287262-12287511_binding_1055,2,0.9104235768318176
WRKY_1:12287262-12287511_binding_267,2,0.9099195003509521
WRKY_1:12287262-12287511_binding_333,2,0.9162114858627319
WRKY_1:12287262-12287511_binding_416,2,0.9160795211791992
WRKY_1:12287262-12287511_binding_48,2,0.9159743189811707
WRKY_1:12287262-12287511_binding_498,2,0.9130281805992126
WRKY_1:12287262-12287511_non_binding_771,2,0.9058661460876465
WRKY_1:12287262-12287511_non_binding_996,2,0.9117063283920288
WRKY_1:12287262-12287511_reference_binding_1910,2,0.9041020274162292
WRKY_1:12293187-12293436_non_binding_908,2,0.8993643522262573
WRKY_1:12293187-12293436_reference_binding_2220,2,0.9052301645278931
WRKY_1:12305277-12305526_non_binding_903,2,0.9299545288085938
WRKY_1:12305277-12305526_reference_binding_2217,2,0.9283766150474548
WRKY_1:12350220-12350469_binding_1193,2,0.9025444388389587
WRKY_1:12350220-12350469_non_binding_599,2,0.9043977856636047
WRKY_1:12350220-12350469_non_binding_839,2,0.907989501953125
WRKY_1:12350220-12350469_reference_binding_2036,2,0.9007302522659302
WRKY_1:12352095-12352344_binding_428,2,0.8436324000358582
WRKY_1:12352095-12352344_non_binding_652,2,0.8622298836708069
WRKY_1:12352095-12352344_reference_binding_1954,2,0.8641880750656128
WRKY_1:12356279-12356528_binding_1225,2,0.8717291355133057
WRKY_1:12356279-12356528_non_binding_1428,2,0.8711874485015869
WRKY_1:12356279-12356528_non_binding_1460,2,0.8709084391593933
WRKY_1:12356279-12356528_non_binding_611,2,0.8701473474502563
WRKY_1:12356279-12356528_reference_binding_2045,2,0.8704319000244141
WRKY_1:12370715-12370964_non_binding_1406,2,0.9208489060401917
WRKY_1:12370715-12370964_non_binding_1670,2,0.9201815724372864
WRKY_1:12370715-12370964_non_binding_1707,2,0.9161444306373596
WRKY_1:12370715-12370964_non_binding_1727,2,0.9196307063102722
WRKY_1:12370715-12370964_non_binding_1749,2,0.9180551767349243
WRKY_1:12370715-12370964_reference_binding_2283,2,0.9188803434371948
WRKY_1:12465974-12466223_non_binding_1623,2,0.8771092891693115
WRKY_1:12465974-12466223_non_binding_1811,2,0.8667411804199219
WRKY_1:12465974-12466223_reference_binding_2330,2,0.8800420165061951
WRKY_1:12473730-12473979_non_binding_1614,2,0.9008386731147766
WRKY_1:12473730-12473979_non_binding_1794,2,0.8929322361946106
WRKY_1:12473730-12473979_reference_binding_2328,2,0.9017667770385742
WRKY_1:12548357-12548606_non_binding_1779,2,0.8817757964134216
WRKY_1:12548357-12548606_reference_binding_2367,2,0.8799269199371338
WRKY_1:12555942-12556191_non_binding_1758,2,0.9012326598167419
WRKY_1:12555942-12556191_non_binding_1841,2,0.9015734791755676
WRKY_1:12555942-12556191_non_binding_892,2,0.8904045820236206
WRKY_1:12555942-12556191_reference_binding_2212,2,0.8934270143508911
WRKY_1:12577659-12577908_non_binding_1725,2,0.9156799912452698
WRKY_1:12577659-12577908_non_binding_690,2,0.898930013179779
WRKY_1:12577659-12577908_non_binding_706,2,0.8974800705909729
WRKY_1:12577659-12577908_non_binding_866,2,0.8963435888290405
WRKY_1:12577659-12577908_reference_binding_2100,2,0.897862434387207
WRKY_1:12722721-12722970_binding_1031,2,0.8723049163818359
WRKY_1:12722721-12722970_binding_1174,2,0.8742272257804871
WRKY_1:12722721-12722970_non_binding_1466,2,0.8678300380706787
WRKY_1:12722721-12722970_non_binding_1514,2,0.8596665263175964
WRKY_1:12722721-12722970_non_binding_681,2,0.8757328391075134
WRKY_1:12722721-12722970_non_binding_733,2,0.8705406188964844
WRKY_1:12722721-12722970_reference_binding_2094,2,0.8656207919120789
WRKY_1:12906139-12906388_binding_1200,2,0.9017776250839233
WRKY_1:12906139-12906388_non_binding_1397,2,0.9018884897232056
WRKY_1:12906139-12906388_non_binding_1547,2,0.9058592319488525
WRKY_1:12906139-12906388_non_binding_603,2,0.9043111205101013
WRKY_1:12906139-12906388_reference_binding_2039,2,0.904169499874115
WRKY_1:12910299-12910548_non_binding_745,2,0.8714154958724976
WRKY_1:12910299-12910548_reference_binding_2133,2,0.8734989762306213
WRKY_1:12964688-12964937_non_binding_1504,2,0.9250020384788513
WRKY_1:12964688-12964937_non_binding_566,2,0.9206618070602417
WRKY_1:12964688-12964937_non_binding_629,2,0.9261974096298218
WRKY_1:12982928-12983177_binding_1279,2,0.8775344491004944
WRKY_1:12982928-12983177_binding_26,2,0.8756946921348572
WRKY_1:12982928-12983177_binding_300,2,0.88388991355896
WRKY_1:12982928-12983177_binding_377,2,0.8721181154251099
WRKY_1:12982928-12983177_binding_420,2,0.8707570433616638
WRKY_1:12982928-12983177_non_binding_1515,2,0.8771415948867798
WRKY_1:12982928-12983177_non_binding_876,2,0.8811145424842834
WRKY_1:12982928-12983177_non_binding_937,2,0.8745344877243042
WRKY_1:12982928-12983177_reference_binding_1899,2,0.8770206570625305
WRKY_1:12996271-12996520_non_binding_814,2,0.8747986555099487
WRKY_1:12996271-12996520_reference_binding_2174,2,0.8761311173439026
WRKY_1:13042774-13043023_non_binding_1685,2,0.8476921916007996
WRKY_1:13042774-13043023_non_binding_1712,2,0.8346377611160278
WRKY_1:13042774-13043023_reference_binding_2346,2,0.8365641832351685
WRKY_1:13085643-13085892_non_binding_1861,2,0.9276659488677979
WRKY_1:13319354-13319603_binding_1242,2,0.9109248518943787
WRKY_1:13319354-13319603_non_binding_1440,2,0.9139336943626404
WRKY_1:13319354-13319603_non_binding_1481,2,0.9084687232971191
WRKY_1:13319354-13319603_non_binding_1790,2,0.9192929863929749
WRKY_1:13319354-13319603_non_binding_642,2,0.9089547395706177
WRKY_1:13319354-13319603_non_binding_723,2,0.9056251645088196
WRKY_1:13319354-13319603_reference_binding_2068,2,0.9103420376777649
WRKY_1:13381418-13381667_non_binding_965,2,0.9196439981460571
WRKY_1:13381418-13381667_reference_binding_2241,2,0.9199787378311157
WRKY_1:13384923-13385172_non_binding_1389,2,0.878895103931427
WRKY_1:13384923-13385172_non_binding_1509,2,0.8766239285469055
WRKY_1:13384923-13385172_non_binding_1668,2,0.8696571588516235
WRKY_1:13384923-13385172_non_binding_1698,2,0.8700692653656006
WRKY_1:13384923-13385172_non_binding_700,2,0.8791055679321289
WRKY_1:13384923-13385172_reference_binding_2106,2,0.879486620426178
WRKY_1:13440603-13440852_non_binding_883,2,0.8884092569351196
WRKY_1:13440603-13440852_reference_binding_2209,2,0.8850148916244507
WRKY_1:13463232-13463481_non_binding_1628,2,0.8912949562072754
WRKY_1:13463232-13463481_non_binding_602,2,0.886722981929779
WRKY_1:13463232-13463481_non_binding_672,2,0.895359992980957
WRKY_1:13463232-13463481_reference_binding_2038,2,0.890535295009613
WRKY_1:13498411-13498660_non_binding_778,2,0.9249401688575745
WRKY_1:13498411-13498660_non_binding_874,2,0.9242955446243286
WRKY_1:13498411-13498660_reference_binding_2154,2,0.9254618287086487
WRKY_1:13509554-13509803_non_binding_596,2,0.9248639941215515
WRKY_1:13509554-13509803_non_binding_972,2,0.9255496263504028
WRKY_1:13509554-13509803_reference_binding_2033,2,0.9195897579193115
WRKY_1:13541724-13541973_non_binding_504,2,0.9001065492630005
WRKY_1:13541724-13541973_non_binding_580,2,0.8905987739562988
WRKY_1:13541724-13541973_reference_binding_1959,2,0.8918521404266357
WRKY_1:13568910-13569159_non_binding_834,2,0.8551653623580933
WRKY_1:13568910-13569159_non_binding_977,2,0.8762722015380859
WRKY_1:13568910-13569159_reference_binding_2187,2,0.8608085513114929
WRKY_1:13669619-13669868_non_binding_1652,2,0.8523458242416382
WRKY_1:13669619-13669868_reference_binding_2334,2,0.8355295062065125
WRKY_1:13700955-13701204_non_binding_1806,2,0.8334134221076965
WRKY_1:13700955-13701204_non_binding_625,2,0.852384090423584
WRKY_1:13700955-13701204_reference_binding_2054,2,0.8494207262992859
WRKY_1:13713037-13713286_non_binding_1844,2,0.8948906064033508
WRKY_1:13713037-13713286_reference_binding_2373,2,0.8852474689483643
WRKY_1:13831601-13831850_non_binding_588,2,0.8699590563774109
WRKY_1:13831601-13831850_reference_binding_2029,2,0.8693473935127258
WRKY_1:13888927-13889176_non_binding_524,2,0.8755629658699036
WRKY_1:13888927-13889176_reference_binding_1977,2,0.8746693134307861
WRKY_1:14189352-14189601_binding_1027,2,0.8784410357475281
WRKY_1:14189352-14189601_non_binding_1594,2,0.8761120438575745
WRKY_1:14189352-14189601_non_binding_899,2,0.8776968121528625
WRKY_1:14189352-14189601_reference_binding_2215,2,0.876657247543335
WRKY_1:14434586-14434835_binding_1108,2,0.8910810947418213
WRKY_1:14434586-14434835_non_binding_837,2,0.8770207762718201
WRKY_1:14434586-14434835_reference_binding_2189,2,0.8789860606193542
WRKY_1:14438375-14438624_non_binding_586,2,0.8662116527557373
WRKY_1:14438375-14438624_reference_binding_2027,2,0.8649889230728149
WRKY_1:1464374-1464623_binding_1153,2,0.8760092854499817
WRKY_1:1464374-1464623_binding_1188,2,0.8551373481750488
WRKY_1:1464374-1464623_non_binding_1564,2,0.8613281846046448
WRKY_1:1464374-1464623_non_binding_1772,2,0.8647760152816772
WRKY_1:1464374-1464623_non_binding_1847,2,0.8559628129005432
WRKY_1:1464374-1464623_non_binding_669,2,0.8435856103897095
WRKY_1:1464374-1464623_reference_binding_2087,2,0.8453861474990845
WRKY_1:14657743-14657992_binding_1145,2,0.9178639650344849
WRKY_1:14657743-14657992_non_binding_808,2,0.9136879444122314
WRKY_1:14657743-14657992_reference_binding_2170,2,0.9184408187866211
WRKY_1:1473365-1473614_non_binding_1494,2,0.912507951259613
WRKY_1:1473365-1473614_non_binding_1620,2,0.910742461681366
WRKY_1:1473365-1473614_non_binding_1864,2,0.9101660847663879
WRKY_1:1473365-1473614_non_binding_823,2,0.9107420444488525
WRKY_1:1473365-1473614_reference_binding_2179,2,0.9120612740516663
WRKY_1:1475442-1475691_binding_1078,2,0.8867995142936707
WRKY_1:1475442-1475691_reference_binding_1961,2,0.869772732257843
WRKY_1:14818736-14818985_non_binding_1601,2,0.9207144379615784
WRKY_1:14818736-14818985_reference_binding_2325,2,0.9188780784606934
WRKY_1:14853236-14853485_non_binding_676,2,0.8554397225379944
WRKY_1:14853236-14853485_non_binding_722,2,0.8666894435882568
WRKY_1:14853236-14853485_non_binding_956,2,0.8667097687721252
WRKY_1:14853236-14853485_reference_binding_2091,2,0.8632523417472839
WRKY_1:15001579-15001828_non_binding_626,2,0.9061916470527649
WRKY_1:15001579-15001828_reference_binding_2055,2,0.9058218598365784
WRKY_1:15006264-15006513_non_binding_1657,2,0.9251355528831482
WRKY_1:15006264-15006513_non_binding_659,2,0.9283580183982849
WRKY_1:15006264-15006513_non_binding_851,2,0.9292089343070984
WRKY_1:15006264-15006513_non_binding_917,2,0.9297404885292053
WRKY_1:15006264-15006513_reference_binding_2079,2,0.9267753958702087
WRKY_1:1509751-1510000_non_binding_1512,2,0.9233293533325195
WRKY_1:1509751-1510000_reference_binding_2309,2,0.9254210591316223
WRKY_1:15218559-15218808_binding_226,2,0.9273203611373901
WRKY_1:15218559-15218808_binding_355,2,0.9262113571166992
WRKY_1:15218559-15218808_binding_360,2,0.9286507964134216
WRKY_1:15218559-15218808_binding_70,2,0.9307554960250854
WRKY_1:15218559-15218808_non_binding_840,2,0.9258731007575989
WRKY_1:15292705-15292954_non_binding_533,2,0.9338860511779785
WRKY_1:15292705-15292954_reference_binding_1986,2,0.9314734935760498
WRKY_1:15295037-15295286_binding_1198,2,0.9066682457923889
WRKY_1:15295037-15295286_binding_1267,2,0.9152848720550537
WRKY_1:15295037-15295286_binding_1345,2,0.9117499589920044
WRKY_1:15295037-15295286_non_binding_689,2,0.9096260666847229
WRKY_1:15295037-15295286_reference_binding_2099,2,0.9081089496612549
WRKY_1:15314714-15314963_binding_0,2,0.9283210635185242
WRKY_1:15314714-15314963_binding_1220,2,0.9286230802536011
WRKY_1:15314714-15314963_binding_1331,2,0.9274757504463196
WRKY_1:15314714-15314963_binding_239,2,0.9201860427856445
WRKY_1:15314714-15314963_binding_357,2,0.9303864240646362
WRKY_1:15314714-15314963_binding_496,2,0.928580641746521
WRKY_1:15314714-15314963_non_binding_1452,2,0.9308289289474487
WRKY_1:15314714-15314963_non_binding_558,2,0.9293155670166016
WRKY_1:15314714-15314963_non_binding_634,2,0.9287256002426147
WRKY_1:15314714-15314963_non_binding_968,2,0.9268524050712585
WRKY_1:15314714-15314963_reference_binding_1880,2,0.9293126463890076
WRKY_1:15390808-15391057_binding_1077,2,0.9289589524269104
WRKY_1:15393140-15393389_binding_1033,2,0.9029941558837891
WRKY_1:15393140-15393389_non_binding_818,2,0.9031082391738892
WRKY_1:15621473-15621722_binding_1000,2,0.8534979820251465
WRKY_1:15621473-15621722_binding_1079,2,0.858076810836792
WRKY_1:15621473-15621722_binding_1107,2,0.8533251285552979
WRKY_1:15621473-15621722_non_binding_906,2,0.8578563928604126
WRKY_1:15621473-15621722_reference_binding_2219,2,0.8591687679290771
WRKY_1:1576141-1576390_non_binding_686,2,0.8954392671585083
WRKY_1:1576141-1576390_non_binding_873,2,0.8954578638076782
WRKY_1:1576141-1576390_reference_binding_2096,2,0.8950415849685669
WRKY_1:15963313-15963562_binding_1111,2,0.8765339851379395
WRKY_1:15963313-15963562_non_binding_1441,2,0.8719265460968018
WRKY_1:15963313-15963562_reference_binding_2267,2,0.8675050139427185
WRKY_1:16013778-16014027_non_binding_651,2,0.8569608926773071
WRKY_1:16013778-16014027_reference_binding_2073,2,0.8581830859184265
WRKY_1:16052861-16053110_binding_1209,2,0.9317866563796997
WRKY_1:16052861-16053110_binding_1255,2,0.9315552711486816
WRKY_1:16052861-16053110_binding_1290,2,0.9318639636039734
WRKY_1:16052861-16053110_binding_1332,2,0.9328467845916748
WRKY_1:16052861-16053110_binding_1377,2,0.9318692684173584
WRKY_1:16052861-16053110_binding_256,2,0.9355177879333496
WRKY_1:16052861-16053110_binding_270,2,0.9400603175163269
WRKY_1:16052861-16053110_binding_310,2,0.9363155961036682
WRKY_1:16052861-16053110_binding_314,2,0.9367688894271851
WRKY_1:16052861-16053110_binding_327,2,0.9352447390556335
WRKY_1:16052861-16053110_binding_348,2,0.9384191632270813
WRKY_1:16052861-16053110_binding_383,2,0.9328976273536682
WRKY_1:16052861-16053110_binding_39,2,0.9332596659660339
WRKY_1:16052861-16053110_binding_442,2,0.9361242055892944
WRKY_1:16052861-16053110_binding_453,2,0.9380382895469666
WRKY_1:16052861-16053110_binding_454,2,0.9334842562675476
WRKY_1:16052861-16053110_reference_binding_1904,2,0.933161735534668
WRKY_1:16068252-16068501_non_binding_735,2,0.9026325345039368
WRKY_1:16068252-16068501_non_binding_936,2,0.905147135257721
WRKY_1:16068252-16068501_reference_binding_2126,2,0.9036117792129517
WRKY_1:16105048-16105297_non_binding_1688,2,0.9127579927444458
WRKY_1:16105048-16105297_non_binding_1770,2,0.9125509858131409
WRKY_1:16105048-16105297_non_binding_519,2,0.9013658165931702
WRKY_1:16105048-16105297_non_binding_854,2,0.9077811241149902
WRKY_1:16105048-16105297_reference_binding_1972,2,0.9045851826667786
WRKY_1:16108814-16109063_non_binding_1690,2,0.9216761589050293
WRKY_1:16108814-16109063_reference_binding_2348,2,0.9219251871109009
WRKY_1:1613221-1613470_binding_6,2,0.8946939706802368
WRKY_1:1613221-1613470_reference_binding_1885,2,0.8786560297012329
WRKY_1:16147487-16147736_non_binding_617,2,0.9206991195678711
WRKY_1:16147487-16147736_reference_binding_2050,2,0.9218883514404297
WRKY_1:16285824-16286073_non_binding_1577,2,0.9076807498931885
WRKY_1:16297806-16298055_non_binding_1694,2,0.8833138346672058
WRKY_1:16297806-16298055_non_binding_655,2,0.9059932827949524
WRKY_1:16297806-16298055_non_binding_720,2,0.9072128534317017
WRKY_1:16297806-16298055_non_binding_987,2,0.8973033428192139
WRKY_1:16297806-16298055_reference_binding_2075,2,0.9049235582351685
WRKY_1:16322885-16323134_non_binding_1412,2,0.8929125666618347
WRKY_1:16322885-16323134_non_binding_1450,2,0.889093279838562
WRKY_1:16322885-16323134_non_binding_1735,2,0.9093499183654785
WRKY_1:16322885-16323134_reference_binding_2286,2,0.8912786245346069
WRKY_1:16381393-16381642_non_binding_542,2,0.8753359317779541
WRKY_1:16381393-16381642_non_binding_727,2,0.8691390156745911
WRKY_1:16381393-16381642_non_binding_895,2,0.8874799609184265
WRKY_1:16381393-16381642_reference_binding_1992,2,0.8707818388938904
WRKY_1:16492611-16492860_non_binding_871,2,0.915433406829834
WRKY_1:16492611-16492860_reference_binding_2204,2,0.9131191968917847
WRKY_1:16512417-16512666_non_binding_1548,2,0.9158433675765991
WRKY_1:16512417-16512666_non_binding_1738,2,0.9187025427818298
WRKY_1:16512417-16512666_non_binding_1822,2,0.917549192905426
WRKY_1:16512859-16513108_binding_1039,2,0.9350475072860718
WRKY_1:16512859-16513108_non_binding_1824,2,0.9347845911979675
WRKY_1:16512859-16513108_non_binding_668,2,0.9366705417633057
WRKY_1:16512859-16513108_non_binding_713,2,0.9350817203521729
WRKY_1:16512859-16513108_non_binding_973,2,0.9357502460479736
WRKY_1:16512859-16513108_reference_binding_2086,2,0.9358958005905151
WRKY_1:16521553-16521802_non_binding_1709,2,0.9188834428787231
WRKY_1:16521553-16521802_non_binding_578,2,0.9146775007247925
WRKY_1:16521553-16521802_non_binding_684,2,0.9196604490280151
WRKY_1:16521553-16521802_reference_binding_2021,2,0.915996789932251
WRKY_1:16550934-16551183_non_binding_1501,2,0.9107442498207092
WRKY_1:16550934-16551183_non_binding_1563,2,0.9105971455574036
WRKY_1:16550934-16551183_non_binding_705,2,0.9079701900482178
WRKY_1:16550934-16551183_non_binding_793,2,0.9157974123954773
WRKY_1:16550934-16551183_reference_binding_2111,2,0.9075561761856079
WRKY_1:16557330-16557579_non_binding_1865,2,0.9166156053543091
WRKY_1:16557330-16557579_reference_binding_2377,2,0.9089921116828918
WRKY_1:16673765-16674014_non_binding_953,2,0.9362288117408752
WRKY_1:16747321-16747570_non_binding_541,2,0.9362133741378784
WRKY_1:16747321-16747570_reference_binding_1991,2,0.9376705288887024
WRKY_1:1680021-1680270_binding_1230,2,0.9148169755935669
WRKY_1:1680021-1680270_binding_244,2,0.9133918881416321
WRKY_1:1680021-1680270_binding_245,2,0.9156298041343689
WRKY_1:1680021-1680270_binding_293,2,0.9170487523078918
WRKY_1:1680021-1680270_binding_364,2,0.9125582575798035
WRKY_1:1680021-1680270_binding_4,2,0.9126107692718506
WRKY_1:1680021-1680270_binding_473,2,0.9095421433448792
WRKY_1:1680021-1680270_binding_92,2,0.9132979512214661
WRKY_1:1680021-1680270_non_binding_1632,2,0.9043998718261719
WRKY_1:1680021-1680270_non_binding_1868,2,0.9162571430206299
WRKY_1:1680021-1680270_non_binding_609,2,0.9095353484153748
WRKY_1:1680021-1680270_reference_binding_1883,2,0.9077234864234924
WRKY_1:16806154-16806403_non_binding_1482,2,0.9065425395965576
WRKY_1:16806154-16806403_non_binding_1493,2,0.9051481485366821
WRKY_1:16806154-16806403_non_binding_1708,2,0.9085496068000793
WRKY_1:16806154-16806403_non_binding_1739,2,0.9105153679847717
WRKY_1:16806154-16806403_non_binding_1860,2,0.9087709188461304
WRKY_1:16806154-16806403_non_binding_683,2,0.9047755599021912
WRKY_1:16806154-16806403_reference_binding_2095,2,0.9060242772102356
WRKY_1:16896291-16896540_binding_1215,2,0.9129471778869629
WRKY_1:16896291-16896540_non_binding_801,2,0.9162383079528809
WRKY_1:16896291-16896540_non_binding_925,2,0.9132368564605713
WRKY_1:16896291-16896540_reference_binding_2166,2,0.9142044186592102
WRKY_1:16929062-16929311_non_binding_1678,2,0.9083741903305054
WRKY_1:16929062-16929311_non_binding_1722,2,0.9117637276649475
WRKY_1:16929062-16929311_non_binding_1869,2,0.9124855995178223
WRKY_1:16929062-16929311_reference_binding_2343,2,0.8956367373466492
WRKY_1:16934871-16935120_non_binding_1519,2,0.8974195122718811
WRKY_1:16934871-16935120_non_binding_1560,2,0.8961434364318848
WRKY_1:16934871-16935120_non_binding_560,2,0.8996803760528564
WRKY_1:16934871-16935120_reference_binding_2004,2,0.8950393795967102
WRKY_1:17108019-17108268_binding_1232,2,0.8654261827468872
WRKY_1:17108019-17108268_reference_binding_2277,2,0.8620724081993103
WRKY_1:17199688-17199937_binding_1118,2,0.8792670965194702
WRKY_1:17199688-17199937_binding_1265,2,0.8727219104766846
WRKY_1:17199688-17199937_reference_binding_2268,2,0.8645220398902893
WRKY_1:17248348-17248597_non_binding_1848,2,0.8877410292625427
WRKY_1:17248348-17248597_non_binding_707,2,0.8760613203048706
WRKY_1:17248348-17248597_non_binding_933,2,0.8766698837280273
WRKY_1:17248348-17248597_reference_binding_2112,2,0.8726951479911804
WRKY_1:17291279-17291528_non_binding_1728,2,0.9070300459861755
WRKY_1:17291279-17291528_non_binding_950,2,0.9029091000556946
WRKY_1:17291279-17291528_reference_binding_2235,2,0.9042616486549377
WRKY_1:17320948-17321197_non_binding_1431,2,0.9098296165466309
WRKY_1:17320948-17321197_non_binding_1472,2,0.9167197942733765
WRKY_1:17320948-17321197_non_binding_893,2,0.9184094667434692
WRKY_1:17320948-17321197_non_binding_913,2,0.9177789688110352
WRKY_1:17320948-17321197_non_binding_929,2,0.9105584621429443
WRKY_1:17320948-17321197_reference_binding_2213,2,0.9116227626800537
WRKY_1:17474254-17474503_binding_1044,2,0.8736164569854736
WRKY_1:17474254-17474503_binding_43,2,0.8964822888374329
WRKY_1:17474254-17474503_non_binding_1476,2,0.8742184638977051
WRKY_1:17474254-17474503_non_binding_1673,2,0.8884379863739014
WRKY_1:17474254-17474503_non_binding_923,2,0.8794369697570801
WRKY_1:17474254-17474503_reference_binding_1908,2,0.8705211281776428
WRKY_1:17508337-17508586_non_binding_1742,2,0.8932716250419617
WRKY_1:17508337-17508586_non_binding_1764,2,0.8930017948150635
WRKY_1:17508337-17508586_non_binding_702,2,0.8800989389419556
WRKY_1:17508337-17508586_non_binding_928,2,0.8787875175476074
WRKY_1:17508337-17508586_reference_binding_2108,2,0.8811971545219421
WRKY_1:17516532-17516781_non_binding_1729,2,0.8774979114532471
WRKY_1:17516532-17516781_non_binding_1807,2,0.883349597454071
WRKY_1:17516532-17516781_non_binding_641,2,0.8591711521148682
WRKY_1:17516532-17516781_reference_binding_2067,2,0.8658546805381775
WRKY_1:17523015-17523264_binding_1171,2,0.8538225889205933
WRKY_1:17523015-17523264_non_binding_1386,2,0.8560525178909302
WRKY_1:17523015-17523264_non_binding_551,2,0.8506128787994385
WRKY_1:17523015-17523264_non_binding_804,2,0.8608227372169495
WRKY_1:17523015-17523264_reference_binding_1999,2,0.8481397032737732
WRKY_1:17606693-17606942_non_binding_1732,2,0.9183667302131653
WRKY_1:17606693-17606942_reference_binding_2344,2,0.9046010971069336
WRKY_1:17663270-17663519_non_binding_1710,2,0.8693587183952332
WRKY_1:17663270-17663519_reference_binding_2350,2,0.8725666403770447
WRKY_1:17688133-17688382_non_binding_1699,2,0.8836206793785095
WRKY_1:17688133-17688382_non_binding_1705,2,0.8874417543411255
WRKY_1:17688133-17688382_non_binding_1867,2,0.880946934223175
WRKY_1:17688133-17688382_non_binding_862,2,0.8714744448661804
WRKY_1:17688133-17688382_reference_binding_2199,2,0.869025468826294
WRKY_1:1777611-1777860_non_binding_657,2,0.8835521340370178
WRKY_1:1777611-1777860_non_binding_709,2,0.8825750350952148
WRKY_1:1777611-1777860_reference_binding_2077,2,0.8851182460784912
WRKY_1:17827374-17827623_non_binding_1500,2,0.8924671411514282
WRKY_1:1793949-1794198_binding_332,2,0.8755019903182983
WRKY_1:1793949-1794198_binding_393,2,0.8739503622055054
WRKY_1:1793949-1794198_non_binding_742,2,0.882806658744812
WRKY_1:1793949-1794198_non_binding_954,2,0.8868070244789124
WRKY_1:1793949-1794198_reference_binding_1949,2,0.8820707201957703
WRKY_1:18034927-18035176_non_binding_635,2,0.8898538947105408
WRKY_1:18034927-18035176_non_binding_783,2,0.8926334381103516
WRKY_1:18034927-18035176_reference_binding_2061,2,0.8921516537666321
WRKY_1:18081554-18081803_non_binding_1751,2,0.9001443982124329
WRKY_1:18081554-18081803_non_binding_711,2,0.8934756517410278
WRKY_1:18081554-18081803_reference_binding_2115,2,0.8898800611495972
WRKY_1:18161703-18161952_binding_1022,2,0.9088600873947144
WRKY_1:18161703-18161952_reference_binding_2256,2,0.9093340635299683
WRKY_1:18166097-18166346_binding_1101,2,0.8308510780334473
WRKY_1:18166097-18166346_binding_1146,2,0.832639217376709
WRKY_1:18166097-18166346_binding_214,2,0.8225862979888916
WRKY_1:18166097-18166346_binding_74,2,0.8283711075782776
WRKY_1:18166097-18166346_reference_binding_1921,2,0.8176971077919006
WRKY_1:18246962-18247211_binding_153,2,0.8927153944969177
WRKY_1:18246962-18247211_binding_365,2,0.8907248973846436
WRKY_1:18246962-18247211_binding_60,2,0.8978217244148254
WRKY_1:18246962-18247211_binding_71,2,0.8948310613632202
WRKY_1:18246962-18247211_non_binding_1511,2,0.8897769451141357
WRKY_1:18246962-18247211_reference_binding_1915,2,0.8935478329658508
WRKY_1:18349020-18349269_non_binding_1766,2,0.921635091304779
WRKY_1:18349020-18349269_reference_binding_2363,2,0.9155024886131287
WRKY_1:1860873-1861122_non_binding_1470,2,0.9027974605560303
WRKY_1:1860873-1861122_non_binding_1796,2,0.917251467704773
WRKY_1:1860873-1861122_reference_binding_2300,2,0.902355968952179
WRKY_1:18612383-18612632_non_binding_1390,2,0.8540274500846863
WRKY_1:18612383-18612632_non_binding_653,2,0.8618500232696533
WRKY_1:18612383-18612632_reference_binding_2074,2,0.8581624627113342
WRKY_1:18651215-18651464_non_binding_607,2,0.8855100274085999
WRKY_1:18651215-18651464_reference_binding_2043,2,0.8880655765533447
WRKY_1:18659075-18659324_non_binding_1463,2,0.8728081583976746
WRKY_1:18659075-18659324_non_binding_1538,2,0.8819124698638916
WRKY_1:18659075-18659324_non_binding_737,2,0.8745726943016052
WRKY_1:18659075-18659324_reference_binding_2128,2,0.8793911933898926
WRKY_1:18673424-18673673_binding_1115,2,0.8075568079948425
WRKY_1:18673424-18673673_non_binding_882,2,0.806371808052063
WRKY_1:18673424-18673673_reference_binding_2208,2,0.8110806941986084
WRKY_1:18729839-18730088_non_binding_1831,2,0.8794135451316833
WRKY_1:18729839-18730088_non_binding_738,2,0.8767534494400024
WRKY_1:18729839-18730088_non_binding_885,2,0.8829856514930725
WRKY_1:18729839-18730088_non_binding_985,2,0.8810654878616333
WRKY_1:18729839-18730088_reference_binding_2129,2,0.8784992694854736
WRKY_1:18757525-18757774_non_binding_532,2,0.8087140917778015
WRKY_1:18757525-18757774_reference_binding_1985,2,0.8094305396080017
WRKY_1:18779338-18779587_non_binding_1483,2,0.8627546429634094
WRKY_1:18779338-18779587_reference_binding_2303,2,0.863336443901062
WRKY_1:18784710-18784959_non_binding_1387,2,0.9172110557556152
WRKY_1:18784710-18784959_non_binding_1686,2,0.9200581312179565
WRKY_1:18784710-18784959_non_binding_708,2,0.913370668888092
WRKY_1:18784710-18784959_reference_binding_2113,2,0.917365312576294
WRKY_1:18888890-18889139_binding_1024,2,0.9192827939987183
WRKY_1:18888890-18889139_binding_1258,2,0.9158552289009094
WRKY_1:18888890-18889139_binding_1280,2,0.916846513748169
WRKY_1:18888890-18889139_binding_1289,2,0.9221513867378235
WRKY_1:18888890-18889139_non_binding_1401,2,0.9262568354606628
WRKY_1:18888890-18889139_non_binding_1629,2,0.9248048067092896
WRKY_1:18888890-18889139_non_binding_1765,2,0.9183083772659302
WRKY_1:18888890-18889139_non_binding_1789,2,0.9190310835838318
WRKY_1:18888890-18889139_non_binding_697,2,0.9178406596183777
WRKY_1:18888890-18889139_non_binding_788,2,0.9131805300712585
WRKY_1:18888890-18889139_reference_binding_2104,2,0.9207143783569336
WRKY_1:18917435-18917684_non_binding_1550,2,0.8993330001831055
WRKY_1:18917435-18917684_reference_binding_2316,2,0.8999267220497131
WRKY_1:19102590-19102839_binding_1008,2,0.8895837068557739
WRKY_1:19102590-19102839_binding_1041,2,0.8893119692802429
WRKY_1:19102590-19102839_binding_1113,2,0.8840218186378479
WRKY_1:19102590-19102839_binding_1156,2,0.8854833841323853
WRKY_1:19102590-19102839_binding_1210,2,0.889157772064209
WRKY_1:19102590-19102839_binding_1266,2,0.8887683153152466
WRKY_1:19102590-19102839_binding_1298,2,0.8870779275894165
WRKY_1:19102590-19102839_binding_1309,2,0.8835888504981995
WRKY_1:19102590-19102839_binding_1319,2,0.8845288753509521
WRKY_1:19102590-19102839_binding_29,2,0.9064525961875916
WRKY_1:19102590-19102839_binding_307,2,0.9082000255584717
WRKY_1:19102590-19102839_binding_311,2,0.9090903997421265
WRKY_1:19102590-19102839_binding_493,2,0.9101051092147827
WRKY_1:19102590-19102839_binding_56,2,0.9074442982673645
WRKY_1:19102590-19102839_reference_binding_1901,2,0.8859392404556274
WRKY_1:1910489-1910738_non_binding_1469,2,0.8391001224517822
WRKY_1:1910489-1910738_non_binding_667,2,0.8431221842765808
WRKY_1:1910489-1910738_non_binding_942,2,0.8305172920227051
WRKY_1:19111190-19111439_non_binding_1734,2,0.81475830078125
WRKY_1:19111190-19111439_non_binding_1805,2,0.8152518272399902
WRKY_1:19111190-19111439_reference_binding_2102,2,0.8151670694351196
WRKY_1:19166223-19166472_non_binding_961,2,0.8277814984321594
WRKY_1:19166223-19166472_reference_binding_2238,2,0.827892005443573
WRKY_1:19225576-19225825_binding_173,2,0.883878231048584
WRKY_1:19225576-19225825_non_binding_1593,2,0.8848347067832947
WRKY_1:19225576-19225825_non_binding_1721,2,0.8842593431472778
WRKY_1:19225576-19225825_non_binding_592,2,0.8772175312042236
WRKY_1:19225576-19225825_reference_binding_1941,2,0.8780112266540527
WRKY_1:1923602-1923851_non_binding_1451,2,0.8915837407112122
WRKY_1:1923602-1923851_reference_binding_2296,2,0.8921782374382019
WRKY_1:19349432-19349681_non_binding_664,2,0.9169650077819824
WRKY_1:19349432-19349681_reference_binding_2083,2,0.9184429049491882
WRKY_1:19358007-19358256_non_binding_1454,2,0.873491108417511
WRKY_1:19358007-19358256_reference_binding_2297,2,0.8712813258171082
WRKY_1:19363161-19363410_non_binding_1775,2,0.9141674041748047
WRKY_1:19363161-19363410_reference_binding_2366,2,0.8937618732452393
WRKY_1:19395005-19395254_non_binding_1411,2,0.9068458080291748
WRKY_1:19395005-19395254_non_binding_1534,2,0.9008653163909912
WRKY_1:19395005-19395254_non_binding_1843,2,0.9007656574249268
WRKY_1:19395005-19395254_non_binding_827,2,0.9048125147819519
WRKY_1:19395005-19395254_reference_binding_2181,2,0.9044384956359863
WRKY_1:1945055-1945304_non_binding_1731,2,0.7955169081687927
WRKY_1:1945055-1945304_reference_binding_2355,2,0.7884253859519958
WRKY_1:19455411-19455660_binding_1081,2,0.869033932685852
WRKY_1:19455411-19455660_non_binding_1674,2,0.8517709374427795
WRKY_1:19455411-19455660_non_binding_731,2,0.8655073642730713
WRKY_1:19455411-19455660_non_binding_975,2,0.8670192956924438
WRKY_1:19455411-19455660_non_binding_992,2,0.8654116988182068
WRKY_1:19455411-19455660_reference_binding_2124,2,0.8662415146827698
WRKY_1:19468872-19469121_non_binding_810,2,0.8900489807128906
WRKY_1:19468872-19469121_non_binding_859,2,0.8943548202514648
WRKY_1:19468872-19469121_non_binding_880,2,0.902107834815979
WRKY_1:19468872-19469121_non_binding_931,2,0.890595018863678
WRKY_1:19468872-19469121_reference_binding_2171,2,0.8920165300369263
WRKY_1:19489477-19489726_non_binding_1391,2,0.8640812635421753
WRKY_1:19489477-19489726_non_binding_1497,2,0.864952564239502
WRKY_1:19489477-19489726_non_binding_1658,2,0.8727230429649353
WRKY_1:19489477-19489726_non_binding_868,2,0.8669453263282776
WRKY_1:19489477-19489726_reference_binding_2203,2,0.8642520904541016
WRKY_1:19505284-19505533_non_binding_911,2,0.8756504058837891
WRKY_1:19505284-19505533_reference_binding_2221,2,0.8759325742721558
WRKY_1:1954548-1954797_non_binding_687,2,0.9245745539665222
WRKY_1:1954548-1954797_non_binding_691,2,0.9291468262672424
WRKY_1:1954548-1954797_non_binding_692,2,0.9302557706832886
WRKY_1:1954548-1954797_non_binding_753,2,0.9234040975570679
WRKY_1:1954548-1954797_reference_binding_2097,2,0.9268494248390198
WRKY_1:1962661-1962910_non_binding_1425,2,0.9240787625312805
WRKY_1:1962661-1962910_non_binding_825,2,0.9289391040802002
WRKY_1:1962661-1962910_reference_binding_2180,2,0.9258838891983032
WRKY_1:19725943-19726192_non_binding_1453,2,0.8795953989028931
WRKY_1:19725943-19726192_non_binding_1793,2,0.8974983096122742
WRKY_1:19725943-19726192_non_binding_1873,2,0.9068814516067505
WRKY_1:19725943-19726192_non_binding_964,2,0.8752641081809998
WRKY_1:19725943-19726192_reference_binding_2240,2,0.8784849643707275
WRKY_1:19733615-19733864_binding_192,2,0.9240880608558655
WRKY_1:19733615-19733864_binding_222,2,0.9199103713035583
WRKY_1:19733615-19733864_binding_328,2,0.9272170662879944
WRKY_1:19733615-19733864_binding_36,2,0.9170752763748169
WRKY_1:19733615-19733864_binding_369,2,0.9222297072410583
WRKY_1:19733615-19733864_binding_390,2,0.9237931370735168
WRKY_1:19733615-19733864_binding_76,2,0.9226812124252319
WRKY_1:19733615-19733864_binding_8,2,0.9236409664154053
WRKY_1:19733615-19733864_non_binding_784,2,0.9244943261146545
WRKY_1:19733615-19733864_non_binding_833,2,0.9231148362159729
WRKY_1:19733615-19733864_reference_binding_1887,2,0.9256089329719543
WRKY_1:19820881-19821130_binding_1214,2,0.8918257355690002
WRKY_1:19820881-19821130_reference_binding_2275,2,0.8964619040489197
WRKY_1:19910204-19910453_non_binding_1400,2,0.894791305065155
WRKY_1:19910204-19910453_non_binding_604,2,0.8960942625999451
WRKY_1:19910204-19910453_reference_binding_2040,2,0.8956092000007629
WRKY_1:19958068-19958317_non_binding_1606,2,0.8806324601173401
WRKY_1:19958068-19958317_non_binding_1692,2,0.8912506103515625
WRKY_1:19958068-19958317_non_binding_543,2,0.8871254324913025
WRKY_1:19958068-19958317_reference_binding_1993,2,0.8865620493888855
WRKY_1:20009403-20009652_non_binding_521,2,0.9089243412017822
WRKY_1:20009403-20009652_reference_binding_1974,2,0.9078041911125183
WRKY_1:20019831-20020080_binding_1119,2,0.9130917191505432
WRKY_1:20019831-20020080_binding_1148,2,0.9197543859481812
WRKY_1:20019831-20020080_binding_1269,2,0.9106809496879578
WRKY_1:20019831-20020080_non_binding_830,2,0.9129895567893982
WRKY_1:20019831-20020080_reference_binding_2184,2,0.9125316143035889
WRKY_1:20076603-20076852_non_binding_1650,2,0.8370371460914612
WRKY_1:20076603-20076852_reference_binding_2332,2,0.8172857761383057
WRKY_1:20119500-20119749_non_binding_746,2,0.9238361716270447
WRKY_1:20119500-20119749_reference_binding_2134,2,0.924892783164978
WRKY_1:20132065-20132314_non_binding_1544,2,0.9239253997802734
WRKY_1:20222795-20223044_non_binding_564,2,0.8735679388046265
WRKY_1:20222795-20223044_reference_binding_2008,2,0.8732256293296814
WRKY_1:20280683-20280932_non_binding_572,2,0.8776550889015198
WRKY_1:20280683-20280932_non_binding_616,2,0.8807656764984131
WRKY_1:20280683-20280932_non_binding_794,2,0.8731430768966675
WRKY_1:20280683-20280932_reference_binding_2015,2,0.8860388398170471
WRKY_1:2031885-2032134_non_binding_1458,2,0.8962302803993225
WRKY_1:2031885-2032134_non_binding_1687,2,0.9089779853820801
WRKY_1:2031885-2032134_non_binding_531,2,0.9040305614471436
WRKY_1:2031885-2032134_reference_binding_1984,2,0.9008276462554932
WRKY_1:20420589-20420838_non_binding_1426,2,0.8826470375061035
WRKY_1:20420589-20420838_non_binding_570,2,0.8829175233840942
WRKY_1:20420589-20420838_non_binding_907,2,0.8778786063194275
WRKY_1:20420589-20420838_reference_binding_2013,2,0.8798788785934448
WRKY_1:20464401-20464650_non_binding_696,2,0.8944098949432373
WRKY_1:20464401-20464650_non_binding_842,2,0.8976107835769653
WRKY_1:20464401-20464650_reference_binding_2103,2,0.8981077671051025
WRKY_1:20472304-20472553_non_binding_1767,2,0.9191246628761292
WRKY_1:20472304-20472553_non_binding_924,2,0.8972064852714539
WRKY_1:20472304-20472553_reference_binding_2223,2,0.894625723361969
WRKY_1:20551039-20551288_binding_1082,2,0.9029719233512878
WRKY_1:20551039-20551288_non_binding_1528,2,0.9068124890327454
WRKY_1:20551039-20551288_non_binding_520,2,0.9080204367637634
WRKY_1:20551039-20551288_reference_binding_1973,2,0.9072166085243225
WRKY_1:20578531-20578780_non_binding_1832,2,0.8597468137741089
WRKY_1:20578531-20578780_reference_binding_2371,2,0.854356050491333
WRKY_1:20636700-20636949_non_binding_838,2,0.8827501535415649
WRKY_1:20636700-20636949_non_binding_875,2,0.8827530741691589
WRKY_1:20636700-20636949_non_binding_967,2,0.8793014883995056
WRKY_1:20636700-20636949_non_binding_995,2,0.8787804245948792
WRKY_1:20636700-20636949_reference_binding_2190,2,0.8802849650382996
WRKY_1:20843909-20844158_non_binding_1667,2,0.9101237058639526
WRKY_1:20843909-20844158_non_binding_512,2,0.9179246425628662
WRKY_1:20843909-20844158_non_binding_547,2,0.9064209461212158
WRKY_1:20843909-20844158_non_binding_601,2,0.9132344722747803
WRKY_1:20843909-20844158_non_binding_622,2,0.9088386297225952
WRKY_1:20843909-20844158_reference_binding_1967,2,0.9114628434181213
WRKY_1:20845202-20845451_non_binding_945,2,0.9174320697784424
WRKY_1:20845202-20845451_reference_binding_2233,2,0.9185050129890442
WRKY_1:20861272-20861521_non_binding_1603,2,0.8827223181724548
WRKY_1:20861272-20861521_non_binding_1786,2,0.8695715069770813
WRKY_1:20861272-20861521_non_binding_658,2,0.8881128430366516
WRKY_1:20861272-20861521_reference_binding_2078,2,0.8866428732872009
WRKY_1:20997310-20997559_binding_1114,2,0.8918598890304565
WRKY_1:20997310-20997559_non_binding_1583,2,0.8862370848655701
WRKY_1:20997310-20997559_non_binding_577,2,0.8822793364524841
WRKY_1:20997310-20997559_non_binding_673,2,0.8918876051902771
WRKY_1:20997310-20997559_reference_binding_2020,2,0.8874918222427368
WRKY_1:21257204-21257453_non_binding_1643,2,0.840608537197113
WRKY_1:21257204-21257453_non_binding_1745,2,0.8494716882705688
WRKY_1:21257204-21257453_non_binding_575,2,0.8511585593223572
WRKY_1:21257204-21257453_reference_binding_2018,2,0.8494055867195129
WRKY_1:21364227-21364476_non_binding_1615,2,0.9289305806159973
WRKY_1:21364227-21364476_non_binding_865,2,0.9297820925712585
WRKY_1:21364227-21364476_reference_binding_2202,2,0.9277520775794983
WRKY_1:21385167-21385416_non_binding_1540,2,0.826650083065033
WRKY_1:21385167-21385416_non_binding_1546,2,0.8381473422050476
WRKY_1:21385167-21385416_non_binding_1636,2,0.8561030626296997
WRKY_1:21385167-21385416_non_binding_612,2,0.8317720293998718
WRKY_1:21385167-21385416_non_binding_740,2,0.8252670764923096
WRKY_1:21385167-21385416_non_binding_774,2,0.834455132484436
WRKY_1:21385167-21385416_reference_binding_2046,2,0.8271918892860413
WRKY_1:21392496-21392745_non_binding_1402,2,0.8900797367095947
WRKY_1:21392496-21392745_non_binding_1719,2,0.8939367532730103
WRKY_1:21585216-21585465_binding_1325,2,0.9146524667739868
WRKY_1:21585216-21585465_reference_binding_2280,2,0.9109839200973511
WRKY_1:21650847-21651096_non_binding_643,2,0.8762488961219788
WRKY_1:21650847-21651096_non_binding_914,2,0.8794505596160889
WRKY_1:21650847-21651096_reference_binding_2069,2,0.8777295351028442
WRKY_1:21665312-21665561_binding_1066,2,0.9116714596748352
WRKY_1:21665312-21665561_binding_1117,2,0.9108549952507019
WRKY_1:21665312-21665561_non_binding_614,2,0.9111886024475098
WRKY_1:21665312-21665561_reference_binding_2048,2,0.9080396890640259
WRKY_1:21746306-21746555_binding_1017,2,0.903026282787323
WRKY_1:21746306-21746555_binding_1030,2,0.9014398455619812
WRKY_1:21746306-21746555_binding_1065,2,0.890396237373352
WRKY_1:21746306-21746555_binding_115,2,0.8909358978271484
WRKY_1:21746306-21746555_binding_1157,2,0.8939349055290222
WRKY_1:21746306-21746555_binding_1203,2,0.897887647151947
WRKY_1:21746306-21746555_binding_1329,2,0.8999038338661194
WRKY_1:21746306-21746555_binding_14,2,0.8873471021652222
WRKY_1:21746306-21746555_binding_141,2,0.8791564702987671
WRKY_1:21746306-21746555_binding_157,2,0.8805463910102844
WRKY_1:21746306-21746555_binding_168,2,0.8930838108062744
WRKY_1:21746306-21746555_binding_169,2,0.88713538646698
WRKY_1:21746306-21746555_binding_179,2,0.8835121393203735
WRKY_1:21746306-21746555_binding_18,2,0.8741093873977661
WRKY_1:21746306-21746555_binding_194,2,0.8868813514709473
WRKY_1:21746306-21746555_binding_20,2,0.8886591196060181
WRKY_1:21746306-21746555_binding_208,2,0.8820249438285828
WRKY_1:21746306-21746555_binding_238,2,0.8839290142059326
WRKY_1:21746306-21746555_binding_260,2,0.8843163847923279
WRKY_1:21746306-21746555_binding_284,2,0.8870668411254883
WRKY_1:21746306-21746555_binding_323,2,0.882042407989502
WRKY_1:21746306-21746555_binding_329,2,0.8926125168800354
WRKY_1:21746306-21746555_binding_341,2,0.8921538591384888
WRKY_1:21746306-21746555_binding_38,2,0.8655267357826233
WRKY_1:21746306-21746555_binding_389,2,0.8860076069831848
WRKY_1:21746306-21746555_binding_44,2,0.8799643516540527
WRKY_1:21746306-21746555_binding_441,2,0.8797134757041931
WRKY_1:21746306-21746555_binding_447,2,0.8911311030387878
WRKY_1:21746306-21746555_binding_456,2,0.8741729259490967
WRKY_1:21746306-21746555_binding_460,2,0.8880716562271118
WRKY_1:21746306-21746555_binding_461,2,0.8887084722518921
WRKY_1:21746306-21746555_binding_482,2,0.8860005140304565
WRKY_1:21746306-21746555_binding_59,2,0.8772622346878052
WRKY_1:21746306-21746555_binding_65,2,0.8886802196502686
WRKY_1:21746306-21746555_binding_94,2,0.8819182515144348
WRKY_1:21746306-21746555_binding_96,2,0.8769174814224243
WRKY_1:21746306-21746555_non_binding_1495,2,0.8942388296127319
WRKY_1:21746306-21746555_non_binding_841,2,0.8979136347770691
WRKY_1:21746306-21746555_reference_binding_1893,2,0.89497309923172
WRKY_1:217922-218171_non_binding_1863,2,0.9228352904319763
WRKY_1:21878680-21878929_non_binding_1785,2,0.8907540440559387
WRKY_1:21878680-21878929_non_binding_1821,2,0.8989232182502747
WRKY_1:21878680-21878929_reference_binding_2368,2,0.8878279328346252
WRKY_1:21931164-21931413_non_binding_726,2,0.8697269558906555
WRKY_1:21931164-21931413_reference_binding_2120,2,0.8718445301055908
WRKY_1:21951648-21951897_non_binding_1776,2,0.8982350826263428
WRKY_1:21951648-21951897_non_binding_633,2,0.8956510424613953
WRKY_1:21951648-21951897_reference_binding_2060,2,0.893571674823761
WRKY_1:21965362-21965611_non_binding_1769,2,0.9036602973937988
WRKY_1:21965362-21965611_reference_binding_2364,2,0.8912815451622009
WRKY_1:22034084-22034333_non_binding_688,2,0.9390169382095337
WRKY_1:22034084-22034333_reference_binding_2098,2,0.9388955235481262
WRKY_1:22038667-22038916_non_binding_666,2,0.8414505124092102
WRKY_1:22038667-22038916_reference_binding_2084,2,0.8372570276260376
WRKY_1:22053099-22053348_binding_1091,2,0.9022877216339111
WRKY_1:22053099-22053348_reference_binding_2264,2,0.9063572287559509
WRKY_1:22131185-22131434_binding_1263,2,0.8972471952438354
WRKY_1:22131185-22131434_reference_binding_2278,2,0.900741696357727
WRKY_1:22180567-22180816_non_binding_856,2,0.8168059587478638
WRKY_1:22180567-22180816_reference_binding_2196,2,0.8136299848556519
WRKY_1:22209090-22209339_binding_250,2,0.8857438564300537
WRKY_1:22209090-22209339_non_binding_1462,2,0.8932177424430847
WRKY_1:22209090-22209339_reference_binding_1945,2,0.8952761292457581
WRKY_1:2221793-2222042_non_binding_1839,2,0.9322286248207092
WRKY_1:2221793-2222042_non_binding_699,2,0.9120239019393921
WRKY_1:2221793-2222042_reference_binding_2105,2,0.9126619696617126
WRKY_1:22340937-22341186_non_binding_1762,2,0.8718113899230957
WRKY_1:22342955-22343204_non_binding_703,2,0.8985401391983032
WRKY_1:22342955-22343204_reference_binding_2109,2,0.893867552280426
WRKY_1:22688401-22688650_binding_138,2,0.9075176119804382
WRKY_1:22688401-22688650_binding_233,2,0.9118559956550598
WRKY_1:22688401-22688650_binding_258,2,0.9117182493209839
WRKY_1:22688401-22688650_binding_451,2,0.9020890593528748
WRKY_1:22688401-22688650_non_binding_514,2,0.8994937539100647
WRKY_1:22688401-22688650_non_binding_552,2,0.9082025289535522
WRKY_1:22688401-22688650_non_binding_817,2,0.9095926284790039
WRKY_1:22688401-22688650_reference_binding_1937,2,0.9076859354972839
WRKY_1:22741524-22741773_non_binding_930,2,0.9135454893112183
WRKY_1:22741524-22741773_reference_binding_2226,2,0.9058675765991211
WRKY_1:22965784-22966033_binding_135,2,0.856796145439148
WRKY_1:22965784-22966033_binding_174,2,0.8453829884529114
WRKY_1:22965784-22966033_binding_180,2,0.8601529598236084
WRKY_1:22965784-22966033_binding_273,2,0.8668950200080872
WRKY_1:22965784-22966033_binding_276,2,0.8643291592597961
WRKY_1:22965784-22966033_binding_299,2,0.8526570200920105
WRKY_1:22965784-22966033_binding_405,2,0.874086320400238
WRKY_1:22965784-22966033_binding_449,2,0.8673250675201416
WRKY_1:22965784-22966033_binding_73,2,0.8648033142089844
WRKY_1:22965784-22966033_reference_binding_1920,2,0.8746317028999329
WRKY_1:22998014-22998263_non_binding_1630,2,0.9239842295646667
WRKY_1:22998014-22998263_non_binding_984,2,0.9166252017021179
WRKY_1:22998014-22998263_reference_binding_2249,2,0.9196483492851257
WRKY_1:23001936-23002185_non_binding_1416,2,0.8855260014533997
WRKY_1:23001936-23002185_non_binding_1647,2,0.8821587562561035
WRKY_1:23001936-23002185_non_binding_1757,2,0.8803747296333313
WRKY_1:23001936-23002185_reference_binding_2288,2,0.8890318870544434
WRKY_1:2306682-2306931_binding_1005,2,0.9211645722389221
WRKY_1:2306682-2306931_binding_101,2,0.9165802001953125
WRKY_1:2306682-2306931_binding_1028,2,0.9214011430740356
WRKY_1:2306682-2306931_binding_106,2,0.914100706577301
WRKY_1:2306682-2306931_binding_1089,2,0.9236966371536255
WRKY_1:2306682-2306931_binding_1126,2,0.9207677841186523
WRKY_1:2306682-2306931_binding_1140,2,0.9210557341575623
WRKY_1:2306682-2306931_binding_1183,2,0.9213995933532715
WRKY_1:2306682-2306931_binding_1190,2,0.9197774529457092
WRKY_1:2306682-2306931_binding_1222,2,0.92109215259552
WRKY_1:2306682-2306931_binding_1261,2,0.9211567044258118
WRKY_1:2306682-2306931_binding_1310,2,0.9233313202857971
WRKY_1:2306682-2306931_binding_1333,2,0.9224400520324707
WRKY_1:2306682-2306931_binding_1378,2,0.9215392470359802
WRKY_1:2306682-2306931_binding_1379,2,0.9237515926361084
WRKY_1:2306682-2306931_binding_152,2,0.9126778244972229
WRKY_1:2306682-2306931_binding_167,2,0.9194163680076599
WRKY_1:2306682-2306931_binding_339,2,0.9149882197380066
WRKY_1:2306682-2306931_binding_382,2,0.9170244336128235
WRKY_1:2306682-2306931_binding_429,2,0.911098301410675
WRKY_1:2306682-2306931_binding_490,2,0.9156197905540466
WRKY_1:2306682-2306931_binding_88,2,0.9177386164665222
WRKY_1:2306682-2306931_reference_binding_1926,2,0.9212911128997803
WRKY_1:23080127-23080376_non_binding_1455,2,0.8809539079666138
WRKY_1:23080127-23080376_non_binding_1488,2,0.884952187538147
WRKY_1:23080127-23080376_non_binding_1618,2,0.8857197761535645
WRKY_1:23080127-23080376_non_binding_1744,2,0.8900032639503479
WRKY_1:23080127-23080376_reference_binding_2298,2,0.8851577043533325
WRKY_1:23100915-23101164_binding_1013,2,0.8780652284622192
WRKY_1:23100915-23101164_binding_1057,2,0.8671442270278931
WRKY_1:23100915-23101164_binding_1063,2,0.8790748119354248
WRKY_1:23100915-23101164_binding_1068,2,0.8751627802848816
WRKY_1:23100915-23101164_binding_109,2,0.8660660982131958
WRKY_1:23100915-23101164_binding_111,2,0.8773669600486755
WRKY_1:23100915-23101164_binding_1139,2,0.8744896650314331
WRKY_1:23100915-23101164_binding_1143,2,0.8699854612350464
WRKY_1:23100915-23101164_binding_1179,2,0.8718869686126709
WRKY_1:23100915-23101164_binding_120,2,0.8902687430381775
WRKY_1:23100915-23101164_binding_1233,2,0.8765286207199097
WRKY_1:23100915-23101164_binding_126,2,0.8816896677017212
WRKY_1:23100915-23101164_binding_1314,2,0.8745107650756836
WRKY_1:23100915-23101164_binding_150,2,0.879260241985321
WRKY_1:23100915-23101164_binding_170,2,0.8736345767974854
WRKY_1:23100915-23101164_binding_172,2,0.8840238451957703
WRKY_1:23100915-23101164_binding_177,2,0.8904615044593811
WRKY_1:23100915-23101164_binding_199,2,0.8954600095748901
WRKY_1:23100915-23101164_binding_229,2,0.8911246657371521
WRKY_1:23100915-23101164_binding_232,2,0.8795602917671204
WRKY_1:23100915-23101164_binding_241,2,0.8742644190788269
WRKY_1:23100915-23101164_binding_247,2,0.8769019842147827
WRKY_1:23100915-23101164_binding_25,2,0.8818638324737549
WRKY_1:23100915-23101164_binding_255,2,0.8806028962135315
WRKY_1:23100915-23101164_binding_266,2,0.8829898238182068
WRKY_1:23100915-23101164_binding_286,2,0.8694195747375488
WRKY_1:23100915-23101164_binding_305,2,0.8880963325500488
WRKY_1:23100915-23101164_binding_312,2,0.8679483532905579
WRKY_1:23100915-23101164_binding_32,2,0.8834023475646973
WRKY_1:23100915-23101164_binding_33,2,0.8829657435417175
WRKY_1:23100915-23101164_binding_338,2,0.8837800621986389
WRKY_1:23100915-23101164_binding_340,2,0.8724722266197205
WRKY_1:23100915-23101164_binding_344,2,0.8812837600708008
WRKY_1:23100915-23101164_binding_359,2,0.888159453868866
WRKY_1:23100915-23101164_binding_37,2,0.885831892490387
WRKY_1:23100915-23101164_binding_370,2,0.8859180808067322
WRKY_1:23100915-23101164_binding_375,2,0.8833709955215454
WRKY_1:23100915-23101164_binding_386,2,0.8712471127510071
WRKY_1:23100915-23101164_binding_432,2,0.8856585621833801
WRKY_1:23100915-23101164_binding_445,2,0.8825440406799316
WRKY_1:23100915-23101164_binding_448,2,0.879157304763794
WRKY_1:23100915-23101164_binding_450,2,0.8714315295219421
WRKY_1:23100915-23101164_binding_452,2,0.8843923211097717
WRKY_1:23100915-23101164_binding_464,2,0.8788341879844666
WRKY_1:23100915-23101164_binding_485,2,0.87135910987854
WRKY_1:23100915-23101164_binding_491,2,0.88390052318573
WRKY_1:23100915-23101164_binding_62,2,0.8850253224372864
WRKY_1:23100915-23101164_binding_69,2,0.8679531812667847
WRKY_1:23100915-23101164_reference_binding_1898,2,0.8714202046394348
WRKY_1:23198995-23199244_non_binding_1607,2,0.8766014575958252
WRKY_1:23198995-23199244_non_binding_704,2,0.8711867332458496
WRKY_1:23198995-23199244_non_binding_812,2,0.8777293562889099
WRKY_1:23198995-23199244_non_binding_919,2,0.8746514320373535
WRKY_1:23198995-23199244_reference_binding_2110,2,0.8742163181304932
WRKY_1:23271439-23271688_non_binding_1815,2,0.8969387412071228
WRKY_1:23271439-23271688_non_binding_571,2,0.8703732490539551
WRKY_1:23271439-23271688_non_binding_763,2,0.8631752729415894
WRKY_1:23271439-23271688_reference_binding_2014,2,0.8650753498077393
WRKY_1:2327797-2328046_non_binding_1659,2,0.9197394251823425
WRKY_1:2327797-2328046_reference_binding_2337,2,0.9091692566871643
WRKY_1:2328127-2328376_binding_384,2,0.8890876173973083
WRKY_1:2328127-2328376_non_binding_806,2,0.9066983461380005
WRKY_1:2328127-2328376_reference_binding_1952,2,0.9063947796821594
WRKY_1:23281517-23281766_non_binding_511,2,0.8769801259040833
WRKY_1:23281517-23281766_non_binding_646,2,0.8772599697113037
WRKY_1:23281517-23281766_reference_binding_1966,2,0.8748956918716431
WRKY_1:23304393-23304642_binding_1053,2,0.8719558119773865
WRKY_1:23304393-23304642_non_binding_630,2,0.8806077241897583
WRKY_1:23304393-23304642_reference_binding_2057,2,0.8746914267539978
WRKY_1:23349620-23349869_non_binding_508,2,0.9068640470504761
WRKY_1:23349620-23349869_non_binding_536,2,0.9046875834465027
WRKY_1:23349620-23349869_reference_binding_1963,2,0.9042409062385559
WRKY_1:23511550-23511799_non_binding_1413,2,0.8868317604064941
WRKY_1:23511550-23511799_non_binding_1612,2,0.8864490985870361
WRKY_1:23511550-23511799_non_binding_777,2,0.8842117786407471
WRKY_1:23511550-23511799_non_binding_894,2,0.8849692344665527
WRKY_1:23511550-23511799_reference_binding_2153,2,0.8900216817855835
WRKY_1:23687153-23687402_non_binding_1524,2,0.8730810284614563
WRKY_1:23687153-23687402_reference_binding_2310,2,0.8729691505432129
WRKY_1:23702778-23703027_non_binding_662,2,0.8293403387069702
WRKY_1:23702778-23703027_reference_binding_2081,2,0.8337284326553345
WRKY_1:23713288-23713537_non_binding_1415,2,0.9035785794258118
WRKY_1:23713288-23713537_reference_binding_2287,2,0.8970091938972473
WRKY_1:237741-237990_non_binding_1610,2,0.8395715951919556
WRKY_1:237741-237990_reference_binding_2327,2,0.843600869178772
WRKY_1:23806720-23806969_non_binding_1414,2,0.8900642991065979
WRKY_1:23806720-23806969_non_binding_939,2,0.8896254301071167
WRKY_1:23806720-23806969_reference_binding_2229,2,0.8921940326690674
WRKY_1:23843378-23843627_non_binding_587,2,0.8821165561676025
WRKY_1:23843378-23843627_reference_binding_2028,2,0.8820763230323792
WRKY_1:23868824-23869073_non_binding_1434,2,0.8480978012084961
WRKY_1:23868824-23869073_non_binding_1781,2,0.858738899230957
WRKY_1:23868824-23869073_non_binding_526,2,0.8672650456428528
WRKY_1:23868824-23869073_non_binding_922,2,0.8761372566223145
WRKY_1:23868824-23869073_non_binding_946,2,0.8569654226303101
WRKY_1:23868824-23869073_reference_binding_1979,2,0.8716539144515991
WRKY_1:23892156-23892405_binding_1191,2,0.8950588703155518
WRKY_1:23906249-23906498_binding_279,2,0.8746564388275146
WRKY_1:23906249-23906498_reference_binding_1948,2,0.8630353808403015
WRKY_1:2392796-2393045_non_binding_1421,2,0.9168805480003357
WRKY_1:2392796-2393045_non_binding_982,2,0.9168740510940552
WRKY_1:2392796-2393045_reference_binding_2248,2,0.9125884175300598
WRKY_1:2393080-2393329_binding_1240,2,0.9021790027618408
WRKY_1:2393080-2393329_binding_191,2,0.9124862551689148
WRKY_1:2393080-2393329_binding_217,2,0.923745334148407
WRKY_1:2393080-2393329_binding_243,2,0.9139345288276672
WRKY_1:2393080-2393329_binding_337,2,0.9184536337852478
WRKY_1:2393080-2393329_binding_35,2,0.9109059572219849
WRKY_1:2393080-2393329_binding_90,2,0.9208006858825684
WRKY_1:2393080-2393329_non_binding_556,2,0.9106703996658325
WRKY_1:2393080-2393329_non_binding_628,2,0.9065138101577759
WRKY_1:2393080-2393329_reference_binding_1903,2,0.9042633771896362
WRKY_1:24108540-24108789_non_binding_501,2,0.8816901445388794
WRKY_1:24108540-24108789_non_binding_595,2,0.8824557065963745
WRKY_1:24108540-24108789_reference_binding_1944,2,0.8832867741584778
WRKY_1:24119224-24119473_non_binding_1422,2,0.904319167137146
WRKY_1:24119224-24119473_non_binding_1457,2,0.9054483771324158
WRKY_1:24119224-24119473_non_binding_1531,2,0.9057522416114807
WRKY_1:24119224-24119473_non_binding_1753,2,0.9041454792022705
WRKY_1:24119224-24119473_reference_binding_2289,2,0.9044852256774902
WRKY_1:24142242-24142491_non_binding_1571,2,0.9434413313865662
WRKY_1:24142242-24142491_reference_binding_2321,2,0.9461309313774109
WRKY_1:24149623-24149872_non_binding_1689,2,0.8693361282348633
WRKY_1:24149623-24149872_reference_binding_2347,2,0.8652825355529785
WRKY_1:24220236-24220485_binding_1102,2,0.9283755421638489
WRKY_1:24220236-24220485_binding_1105,2,0.931032121181488
WRKY_1:24220236-24220485_binding_1159,2,0.9325209856033325
WRKY_1:24220236-24220485_binding_1195,2,0.9315038919448853
WRKY_1:24220236-24220485_binding_1199,2,0.9323728680610657
WRKY_1:24220236-24220485_binding_123,2,0.935181200504303
WRKY_1:24220236-24220485_binding_1372,2,0.932065486907959
WRKY_1:24220236-24220485_binding_165,2,0.9411501288414001
WRKY_1:24220236-24220485_binding_196,2,0.9346421360969543
WRKY_1:24220236-24220485_binding_22,2,0.9358606934547424
WRKY_1:24220236-24220485_binding_236,2,0.9292072653770447
WRKY_1:24220236-24220485_binding_261,2,0.9328014850616455
WRKY_1:24220236-24220485_binding_264,2,0.9364833235740662
WRKY_1:24220236-24220485_binding_280,2,0.9364462494850159
WRKY_1:24220236-24220485_binding_282,2,0.936115562915802
WRKY_1:24220236-24220485_binding_385,2,0.935165524482727
WRKY_1:24220236-24220485_binding_396,2,0.9409865736961365
WRKY_1:24220236-24220485_binding_407,2,0.9337772727012634
WRKY_1:24220236-24220485_binding_413,2,0.9387087225914001
WRKY_1:24220236-24220485_binding_434,2,0.9322595596313477
WRKY_1:24220236-24220485_binding_440,2,0.935282826423645
WRKY_1:24220236-24220485_binding_458,2,0.9345398545265198
WRKY_1:24220236-24220485_binding_46,2,0.934889554977417
WRKY_1:24220236-24220485_binding_95,2,0.9361753463745117
WRKY_1:24220236-24220485_reference_binding_1896,2,0.9305144548416138
WRKY_1:24230209-24230458_non_binding_1645,2,0.9053418040275574
WRKY_1:24230209-24230458_non_binding_554,2,0.8861783742904663
WRKY_1:24230209-24230458_reference_binding_2001,2,0.8816911578178406
WRKY_1:24242357-24242606_binding_1042,2,0.8633444905281067
WRKY_1:24242357-24242606_binding_1071,2,0.8619827032089233
WRKY_1:24242357-24242606_binding_1151,2,0.8616352081298828
WRKY_1:24242357-24242606_binding_1250,2,0.8635861277580261
WRKY_1:24242357-24242606_binding_1259,2,0.8638613820075989
WRKY_1:24242357-24242606_binding_1357,2,0.8628777265548706
WRKY_1:24242357-24242606_non_binding_1562,2,0.864164412021637
WRKY_1:24242357-24242606_reference_binding_2258,2,0.8647170662879944
WRKY_1:2432150-2432399_non_binding_1718,2,0.8941974639892578
WRKY_1:2432150-2432399_reference_binding_2352,2,0.8855006694793701
WRKY_1:24337336-24337585_binding_1019,2,0.9109016060829163
WRKY_1:24337336-24337585_binding_1228,2,0.898989737033844
WRKY_1:24337336-24337585_binding_1278,2,0.907268226146698
WRKY_1:24337336-24337585_binding_40,2,0.906005859375
WRKY_1:24337336-24337585_non_binding_557,2,0.9012321829795837
WRKY_1:24337336-24337585_non_binding_682,2,0.9042121767997742
WRKY_1:24337336-24337585_reference_binding_1905,2,0.8961882591247559
WRKY_1:24352812-24353061_binding_102,2,0.8501072525978088
WRKY_1:24352812-24353061_binding_1020,2,0.8535383343696594
WRKY_1:24352812-24353061_binding_110,2,0.8501048684120178
WRKY_1:24352812-24353061_binding_1165,2,0.8530306220054626
WRKY_1:24352812-24353061_binding_1238,2,0.852266252040863
WRKY_1:24352812-24353061_binding_124,2,0.8616775870323181
WRKY_1:24352812-24353061_binding_1245,2,0.8635585904121399
WRKY_1:24352812-24353061_binding_1312,2,0.8487619757652283
WRKY_1:24352812-24353061_binding_1321,2,0.8558185696601868
WRKY_1:24352812-24353061_binding_1349,2,0.8474686741828918
WRKY_1:24352812-24353061_binding_1366,2,0.8572819828987122
WRKY_1:24352812-24353061_binding_1370,2,0.8669861555099487
WRKY_1:24352812-24353061_binding_161,2,0.8361999988555908
WRKY_1:24352812-24353061_binding_198,2,0.8499350547790527
WRKY_1:24352812-24353061_binding_211,2,0.8575740456581116
WRKY_1:24352812-24353061_binding_350,2,0.8372363448143005
WRKY_1:24352812-24353061_binding_398,2,0.8550921082496643
WRKY_1:24352812-24353061_binding_484,2,0.858511209487915
WRKY_1:24352812-24353061_reference_binding_1929,2,0.8490201830863953
WRKY_1:24496902-24497151_non_binding_1585,2,0.9245486855506897
WRKY_1:24496902-24497151_non_binding_1788,2,0.9175471663475037
WRKY_1:24496902-24497151_non_binding_568,2,0.9214363098144531
WRKY_1:24496902-24497151_non_binding_685,2,0.91974937915802
WRKY_1:24496902-24497151_reference_binding_2012,2,0.9244089722633362
WRKY_1:24590424-24590673_non_binding_1684,2,0.8946295380592346
WRKY_1:24590424-24590673_non_binding_1840,2,0.8855873942375183
WRKY_1:24590424-24590673_reference_binding_2345,2,0.881691038608551
WRKY_1:24665686-24665935_binding_147,2,0.8736862540245056
WRKY_1:24665686-24665935_binding_28,2,0.8769301176071167
WRKY_1:24665686-24665935_binding_418,2,0.8782264590263367
WRKY_1:24665686-24665935_binding_479,2,0.8716645240783691
WRKY_1:24665686-24665935_binding_486,2,0.8745289444923401
WRKY_1:24665686-24665935_non_binding_1551,2,0.8832266926765442
WRKY_1:24665686-24665935_non_binding_802,2,0.8804534673690796
WRKY_1:24665686-24665935_reference_binding_1900,2,0.8796752691268921
WRKY_1:24679605-24679854_binding_1202,2,0.9230014681816101
WRKY_1:24679605-24679854_non_binding_1792,2,0.9300739169120789
WRKY_1:24679605-24679854_non_binding_545,2,0.9277889132499695
WRKY_1:24679605-24679854_reference_binding_1994,2,0.92637699842453
WRKY_1:24683177-24683426_binding_1012,2,0.872726559638977
WRKY_1:24683177-24683426_binding_1131,2,0.8789164423942566
WRKY_1:24683177-24683426_binding_1176,2,0.8792477250099182
WRKY_1:24683177-24683426_binding_1189,2,0.8819009065628052
WRKY_1:24683177-24683426_binding_1323,2,0.8797049522399902
WRKY_1:24683177-24683426_binding_1335,2,0.8819617629051208
WRKY_1:24683177-24683426_reference_binding_2254,2,0.8770935535430908
WRKY_1:24685995-24686244_non_binding_1676,2,0.9104509353637695
WRKY_1:24685995-24686244_non_binding_615,2,0.8992310762405396
WRKY_1:24685995-24686244_reference_binding_2049,2,0.9033971428871155
WRKY_1:24711646-24711895_non_binding_1432,2,0.9240191578865051
WRKY_1:24711646-24711895_non_binding_1845,2,0.9273684620857239
WRKY_1:24711646-24711895_non_binding_573,2,0.9228197932243347
WRKY_1:24711646-24711895_reference_binding_2016,2,0.9206939935684204
WRKY_1:24755241-24755490_binding_104,2,0.9253681302070618
WRKY_1:24755241-24755490_binding_366,2,0.9278894066810608
WRKY_1:24755241-24755490_binding_372,2,0.927314043045044
WRKY_1:24755241-24755490_non_binding_1567,2,0.9233437776565552
WRKY_1:24755241-24755490_non_binding_759,2,0.9188268184661865
WRKY_1:24755241-24755490_non_binding_857,2,0.9159519672393799
WRKY_1:24755241-24755490_non_binding_948,2,0.9199903011322021
WRKY_1:24755241-24755490_reference_binding_1930,2,0.9192132353782654
WRKY_1:24781169-24781418_binding_1047,2,0.9184826612472534
WRKY_1:24781169-24781418_binding_1155,2,0.9260268211364746
WRKY_1:24781169-24781418_binding_1167,2,0.9252805709838867
WRKY_1:24781169-24781418_non_binding_1773,2,0.9298374652862549
WRKY_1:24781169-24781418_reference_binding_2259,2,0.9219439625740051
WRKY_1:2478926-2479175_non_binding_1444,2,0.8747734427452087
WRKY_1:2478926-2479175_reference_binding_2292,2,0.8718734979629517
WRKY_1:24842677-24842926_non_binding_618,2,0.8735901117324829
WRKY_1:24842677-24842926_non_binding_698,2,0.87176114320755
WRKY_1:24842677-24842926_reference_binding_2051,2,0.8732827305793762
WRKY_1:25118753-25119002_non_binding_1553,2,0.8998425602912903
WRKY_1:25118753-25119002_reference_binding_2317,2,0.893246591091156
WRKY_1:25161804-25162053_non_binding_1486,2,0.8737413287162781
WRKY_1:25161804-25162053_non_binding_760,2,0.8755075335502625
WRKY_1:25161804-25162053_reference_binding_2143,2,0.8722048401832581
WRKY_1:25203436-25203685_non_binding_1445,2,0.8963900804519653
WRKY_1:25203436-25203685_reference_binding_2293,2,0.8950497508049011
WRKY_1:25250108-25250357_non_binding_538,2,0.909805178642273
WRKY_1:25250108-25250357_reference_binding_1990,2,0.9097567796707153
WRKY_1:25263098-25263347_non_binding_678,2,0.8992074131965637
WRKY_1:25263098-25263347_reference_binding_2092,2,0.8968764543533325
WRKY_1:25269173-25269422_non_binding_1477,2,0.9051918983459473
WRKY_1:25269173-25269422_reference_binding_2301,2,0.8976982235908508
WRKY_1:25312599-25312848_non_binding_632,2,0.8176351189613342
WRKY_1:25312599-25312848_reference_binding_2059,2,0.8212151527404785
WRKY_1:25329496-25329745_binding_347,2,0.8092334866523743
WRKY_1:25329496-25329745_non_binding_1539,2,0.8399598002433777
WRKY_1:25329496-25329745_reference_binding_1951,2,0.840339183807373
WRKY_1:25350580-25350829_non_binding_1752,2,0.9134355187416077
WRKY_1:25350580-25350829_non_binding_597,2,0.9185318946838379
WRKY_1:25350580-25350829_non_binding_732,2,0.9167008996009827
WRKY_1:25350580-25350829_non_binding_781,2,0.9163002371788025
WRKY_1:25350580-25350829_non_binding_912,2,0.919107973575592
WRKY_1:25350580-25350829_reference_binding_2034,2,0.922339141368866
WRKY_1:25452904-25453153_binding_1216,2,0.8931977152824402
WRKY_1:25452904-25453153_binding_1294,2,0.8884969353675842
WRKY_1:25452904-25453153_binding_1358,2,0.9007794857025146
WRKY_1:25452904-25453153_non_binding_1396,2,0.8968815803527832
WRKY_1:25452904-25453153_non_binding_1508,2,0.9011242985725403
WRKY_1:25452904-25453153_non_binding_1605,2,0.9013242125511169
WRKY_1:25452904-25453153_non_binding_947,2,0.8905200362205505
WRKY_1:25452904-25453153_reference_binding_2234,2,0.8974306583404541
WRKY_1:25459845-25460094_non_binding_1436,2,0.9057039022445679
WRKY_1:25459845-25460094_non_binding_550,2,0.8939669132232666
WRKY_1:25459845-25460094_reference_binding_1998,2,0.8968749642372131
WRKY_1:25485093-25485342_non_binding_503,2,0.8971962928771973
WRKY_1:25485093-25485342_reference_binding_1958,2,0.8984825611114502
WRKY_1:25513796-25514045_non_binding_1532,2,0.8380101919174194
WRKY_1:25513796-25514045_non_binding_1825,2,0.8459195494651794
WRKY_1:25513796-25514045_non_binding_1851,2,0.8323861360549927
WRKY_1:25513796-25514045_non_binding_1856,2,0.8313449025154114
WRKY_1:25513796-25514045_non_binding_530,2,0.8435159921646118
WRKY_1:25513796-25514045_reference_binding_1983,2,0.8400347232818604
WRKY_1:25538626-25538875_non_binding_1816,2,0.9143286943435669
WRKY_1:25538626-25538875_reference_binding_2369,2,0.9209523797035217
WRKY_1:25634690-25634939_binding_1133,2,0.9029640555381775
WRKY_1:25634690-25634939_binding_1178,2,0.8993231654167175
WRKY_1:25634690-25634939_binding_1180,2,0.8989161252975464
WRKY_1:25634690-25634939_binding_1211,2,0.9047940969467163
WRKY_1:25634690-25634939_non_binding_1487,2,0.9001116752624512
WRKY_1:25634690-25634939_reference_binding_2273,2,0.9010640382766724
WRKY_1:25712424-25712673_binding_1288,2,0.9262731671333313
WRKY_1:25712424-25712673_non_binding_565,2,0.9253606796264648
WRKY_1:25712424-25712673_reference_binding_2009,2,0.9255973100662231
WRKY_1:2573230-2573479_non_binding_1823,2,0.9073479771614075
WRKY_1:2573230-2573479_reference_binding_2370,2,0.8976165056228638
WRKY_1:25752179-25752428_non_binding_1642,2,0.9062226414680481
WRKY_1:25752179-25752428_non_binding_1730,2,0.9034479260444641
WRKY_1:25752179-25752428_non_binding_593,2,0.9104503989219666
WRKY_1:25752179-25752428_reference_binding_2031,2,0.9073649048805237
WRKY_1:25828093-25828342_non_binding_1565,2,0.9010812044143677
WRKY_1:25828093-25828342_reference_binding_2319,2,0.9052140712738037
WRKY_1:25830544-25830793_binding_1059,2,0.8551700115203857
WRKY_1:25830544-25830793_binding_1104,2,0.8546298742294312
WRKY_1:25830544-25830793_binding_1112,2,0.8548951745033264
WRKY_1:25830544-25830793_binding_117,2,0.8439092040061951
WRKY_1:25830544-25830793_binding_1257,2,0.8556402921676636
WRKY_1:25830544-25830793_binding_13,2,0.8522129654884338
WRKY_1:25830544-25830793_binding_1328,2,0.8545592427253723
WRKY_1:25830544-25830793_binding_134,2,0.8479850888252258
WRKY_1:25830544-25830793_binding_1369,2,0.8472708463668823
WRKY_1:25830544-25830793_binding_16,2,0.8462013602256775
WRKY_1:25830544-25830793_binding_181,2,0.8501033186912537
WRKY_1:25830544-25830793_binding_183,2,0.8420854210853577
WRKY_1:25830544-25830793_binding_200,2,0.843788206577301
WRKY_1:25830544-25830793_binding_205,2,0.8445535898208618
WRKY_1:25830544-25830793_binding_227,2,0.8451260328292847
WRKY_1:25830544-25830793_binding_292,2,0.8433585166931152
WRKY_1:25830544-25830793_binding_31,2,0.8441905379295349
WRKY_1:25830544-25830793_binding_356,2,0.848964273929596
WRKY_1:25830544-25830793_binding_362,2,0.8438778519630432
WRKY_1:25830544-25830793_binding_471,2,0.8435742259025574
WRKY_1:25830544-25830793_binding_481,2,0.8447733521461487
WRKY_1:25830544-25830793_binding_66,2,0.8496046662330627
WRKY_1:25830544-25830793_binding_77,2,0.8421698808670044
WRKY_1:25830544-25830793_reference_binding_1892,2,0.8554903864860535
WRKY_1:25890231-25890480_binding_1196,2,0.9095367789268494
WRKY_1:25890231-25890480_non_binding_1598,2,0.9146016836166382
WRKY_1:25890231-25890480_non_binding_730,2,0.9148609638214111
WRKY_1:25890231-25890480_reference_binding_2123,2,0.9112176299095154
WRKY_1:26012156-26012405_binding_1120,2,0.8948695659637451
WRKY_1:26012156-26012405_non_binding_1506,2,0.9045225381851196
WRKY_1:26012156-26012405_non_binding_1530,2,0.9067320823669434
WRKY_1:26029516-26029765_non_binding_1637,2,0.8948098421096802
WRKY_1:26029516-26029765_non_binding_1871,2,0.8903756737709045
WRKY_1:26029516-26029765_reference_binding_2331,2,0.8872926831245422
WRKY_1:26219788-26220037_binding_1075,2,0.9255305528640747
WRKY_1:26219788-26220037_non_binding_787,2,0.9306347370147705
WRKY_1:26219788-26220037_non_binding_878,2,0.927510678768158
WRKY_1:26219788-26220037_reference_binding_2156,2,0.9274778366088867
WRKY_1:26237834-26238083_non_binding_529,2,0.8789819478988647
WRKY_1:26237834-26238083_non_binding_891,2,0.8814222812652588
WRKY_1:26237834-26238083_reference_binding_1982,2,0.876207172870636
WRKY_1:26250245-26250494_non_binding_517,2,0.9125417470932007
WRKY_1:26250245-26250494_non_binding_695,2,0.9102610349655151
WRKY_1:26250245-26250494_reference_binding_1970,2,0.9116787314414978
WRKY_1:26312720-26312969_non_binding_1820,2,0.8915630578994751
WRKY_1:26312720-26312969_non_binding_714,2,0.8815553188323975
WRKY_1:26312720-26312969_reference_binding_2117,2,0.8825990557670593
WRKY_1:26459110-26459359_non_binding_1498,2,0.8911181092262268
WRKY_1:26459110-26459359_non_binding_751,2,0.9001335501670837
WRKY_1:26459110-26459359_reference_binding_2137,2,0.8940642476081848
WRKY_1:26476465-26476714_non_binding_559,2,0.9096684455871582
WRKY_1:26476465-26476714_non_binding_680,2,0.9090215563774109
WRKY_1:26476465-26476714_non_binding_910,2,0.9142796993255615
WRKY_1:26476465-26476714_reference_binding_2003,2,0.9093768000602722
WRKY_1:26479887-26480136_non_binding_610,2,0.9358379244804382
WRKY_1:26479887-26480136_reference_binding_2044,2,0.9365443587303162
WRKY_1:26568868-26569117_non_binding_1621,2,0.9288569092750549
WRKY_1:26568868-26569117_non_binding_1818,2,0.9209008812904358
WRKY_1:26568868-26569117_non_binding_1819,2,0.917854905128479
WRKY_1:26568868-26569117_reference_binding_2329,2,0.9286893010139465
WRKY_1:26598358-26598607_binding_1219,2,0.9223965406417847
WRKY_1:26598358-26598607_binding_1249,2,0.9183564186096191
WRKY_1:26598358-26598607_non_binding_1485,2,0.9195156693458557
WRKY_1:26598358-26598607_reference_binding_2276,2,0.9139469265937805
WRKY_1:26602557-26602806_non_binding_1596,2,0.9108436107635498
WRKY_1:26602557-26602806_non_binding_1858,2,0.9105426073074341
WRKY_1:26602557-26602806_reference_binding_2323,2,0.906073272228241
WRKY_1:26631403-26631652_binding_1272,2,0.8328998684883118
WRKY_1:26631403-26631652_binding_1273,2,0.8347788453102112
WRKY_1:26631403-26631652_binding_1296,2,0.831100583076477
WRKY_1:26631403-26631652_binding_394,2,0.815481960773468
WRKY_1:26631403-26631652_binding_436,2,0.8104654550552368
WRKY_1:26631403-26631652_binding_455,2,0.8118619918823242
WRKY_1:26631403-26631652_binding_488,2,0.8113812208175659
WRKY_1:26631403-26631652_binding_79,2,0.8219344615936279
WRKY_1:26631403-26631652_non_binding_590,2,0.8330825567245483
WRKY_1:26631403-26631652_reference_binding_1922,2,0.8355626463890076
WRKY_1:26640168-26640417_non_binding_1510,2,0.8661343455314636
WRKY_1:26640168-26640417_reference_binding_2308,2,0.8713387846946716
WRKY_1:2664661-2664910_non_binding_1541,2,0.9031166434288025
WRKY_1:2664661-2664910_non_binding_1655,2,0.8990482091903687
WRKY_1:2664661-2664910_reference_binding_2314,2,0.9007518887519836
WRKY_1:26661879-26662128_non_binding_1870,2,0.936050534248352
WRKY_1:26661879-26662128_non_binding_561,2,0.9324601292610168
WRKY_1:26661879-26662128_reference_binding_2005,2,0.9320564270019531
WRKY_1:26876054-26876303_non_binding_743,2,0.875660240650177
WRKY_1:26876054-26876303_non_binding_890,2,0.8803932666778564
WRKY_1:26876054-26876303_reference_binding_2131,2,0.8784341216087341
WRKY_1:26916849-26917098_non_binding_631,2,0.8951936364173889
WRKY_1:26916849-26917098_reference_binding_2058,2,0.8986581563949585
WRKY_1:26961925-26962174_non_binding_1523,2,0.8684802651405334
WRKY_1:26961925-26962174_non_binding_1580,2,0.870139479637146
WRKY_1:26961925-26962174_non_binding_1625,2,0.8710614442825317
WRKY_1:26961925-26962174_non_binding_897,2,0.8638072609901428
WRKY_1:26961925-26962174_reference_binding_2214,2,0.8709183931350708
WRKY_1:2703106-2703355_non_binding_1704,2,0.9322453737258911
WRKY_1:2703106-2703355_non_binding_969,2,0.9325189590454102
WRKY_1:2703106-2703355_reference_binding_2242,2,0.933814525604248
WRKY_1:27036444-27036693_binding_1035,2,0.8652094602584839
WRKY_1:27036444-27036693_binding_1038,2,0.8666409850120544
WRKY_1:27036444-27036693_binding_1046,2,0.8646228313446045
WRKY_1:27036444-27036693_binding_1052,2,0.8653985857963562
WRKY_1:27036444-27036693_binding_1073,2,0.8685497045516968
WRKY_1:27036444-27036693_binding_1121,2,0.8656840920448303
WRKY_1:27036444-27036693_binding_1150,2,0.864683210849762
WRKY_1:27036444-27036693_binding_1221,2,0.8657089471817017
WRKY_1:27036444-27036693_binding_1236,2,0.8665891289710999
WRKY_1:27036444-27036693_binding_1302,2,0.8649528622627258
WRKY_1:27036444-27036693_binding_1320,2,0.8647063374519348
WRKY_1:27036444-27036693_binding_1330,2,0.866816520690918
WRKY_1:27036444-27036693_binding_1355,2,0.8639444708824158
WRKY_1:27036444-27036693_binding_1364,2,0.8645939826965332
WRKY_1:27036444-27036693_binding_1373,2,0.8646872043609619
WRKY_1:27036444-27036693_binding_422,2,0.8678713440895081
WRKY_1:27036444-27036693_reference_binding_1953,2,0.8670260310173035
WRKY_1:27083462-27083711_non_binding_1383,2,0.8492321372032166
WRKY_1:27083462-27083711_non_binding_944,2,0.8500628471374512
WRKY_1:27125651-27125900_non_binding_1677,2,0.9282666444778442
WRKY_1:27125651-27125900_non_binding_1829,2,0.9249813556671143
WRKY_1:27125651-27125900_non_binding_1835,2,0.912076473236084
WRKY_1:27125651-27125900_reference_binding_2342,2,0.9311538934707642
WRKY_1:27197778-27198027_non_binding_1803,2,0.9008950591087341
WRKY_1:27197778-27198027_non_binding_828,2,0.9009228348731995
WRKY_1:27197778-27198027_reference_binding_2182,2,0.9071555733680725
WRKY_1:27210145-27210394_non_binding_1717,2,0.9195706248283386
WRKY_1:27210145-27210394_non_binding_510,2,0.9188054203987122
WRKY_1:27210145-27210394_reference_binding_1965,2,0.9175719618797302
WRKY_1:2722305-2722554_non_binding_1525,2,0.8777068257331848
WRKY_1:2722305-2722554_reference_binding_2206,2,0.879279375076294
WRKY_1:27376275-27376524_binding_1099,2,0.901572048664093
WRKY_1:27376275-27376524_non_binding_1461,2,0.902472972869873
WRKY_1:27376275-27376524_non_binding_813,2,0.8987186551094055
WRKY_1:27376275-27376524_reference_binding_2173,2,0.8927413821220398
WRKY_1:27444289-27444538_non_binding_1664,2,0.9093217253684998
WRKY_1:27444289-27444538_reference_binding_2340,2,0.893187940120697
WRKY_1:27452047-27452296_non_binding_525,2,0.9205431342124939
WRKY_1:27452047-27452296_reference_binding_1978,2,0.9236248135566711
WRKY_1:27468717-27468966_non_binding_1763,2,0.9054409265518188
WRKY_1:27468717-27468966_non_binding_674,2,0.8857858180999756
WRKY_1:27468717-27468966_non_binding_918,2,0.8866481184959412
WRKY_1:27468717-27468966_reference_binding_2090,2,0.8827126622200012
WRKY_1:27522241-27522490_binding_1186,2,0.8527361154556274
WRKY_1:27522241-27522490_non_binding_1403,2,0.8576648831367493
WRKY_1:27652137-27652386_non_binding_1417,2,0.8953403234481812
WRKY_1:27652137-27652386_non_binding_752,2,0.899093747138977
WRKY_1:27652137-27652386_reference_binding_2138,2,0.8937216997146606
WRKY_1:2767459-2767708_non_binding_1809,2,0.921035647392273
WRKY_1:2767459-2767708_non_binding_773,2,0.9102115631103516
WRKY_1:2767459-2767708_non_binding_901,2,0.9112148284912109
WRKY_1:2767459-2767708_non_binding_990,2,0.9151525497436523
WRKY_1:2767459-2767708_reference_binding_2151,2,0.913966953754425
WRKY_1:27690201-27690450_binding_1004,2,0.9295985698699951
WRKY_1:27690201-27690450_binding_1021,2,0.9262197613716125
WRKY_1:27690201-27690450_binding_113,2,0.9319860935211182
WRKY_1:27690201-27690450_binding_1224,2,0.928926944732666
WRKY_1:27690201-27690450_binding_1251,2,0.9264869689941406
WRKY_1:27690201-27690450_binding_1270,2,0.9286638498306274
WRKY_1:27690201-27690450_binding_1286,2,0.9292485117912292
WRKY_1:27690201-27690450_binding_203,2,0.9336625337600708
WRKY_1:27690201-27690450_binding_207,2,0.9303838014602661
WRKY_1:27690201-27690450_binding_220,2,0.9269297122955322
WRKY_1:27690201-27690450_binding_242,2,0.9294178485870361
WRKY_1:27690201-27690450_binding_262,2,0.9300152659416199
WRKY_1:27690201-27690450_binding_287,2,0.9321473836898804
WRKY_1:27690201-27690450_binding_289,2,0.9333740472793579
WRKY_1:27690201-27690450_binding_318,2,0.9356590509414673
WRKY_1:27690201-27690450_binding_374,2,0.9316495656967163
WRKY_1:27690201-27690450_binding_392,2,0.932576060295105
WRKY_1:27690201-27690450_binding_408,2,0.9272064566612244
WRKY_1:27690201-27690450_binding_410,2,0.9291112422943115
WRKY_1:27690201-27690450_binding_438,2,0.9339327216148376
WRKY_1:27690201-27690450_binding_443,2,0.9321191906929016
WRKY_1:27690201-27690450_binding_472,2,0.9293553829193115
WRKY_1:27690201-27690450_binding_52,2,0.9296988248825073
WRKY_1:27690201-27690450_binding_55,2,0.930566132068634
WRKY_1:27690201-27690450_reference_binding_1913,2,0.928557276725769
WRKY_1:27722882-27723131_non_binding_1398,2,0.8803760409355164
WRKY_1:27722882-27723131_non_binding_1399,2,0.8757199048995972
WRKY_1:27722882-27723131_reference_binding_2281,2,0.8858715295791626
WRKY_1:27726237-27726486_binding_146,2,0.9236958026885986
WRKY_1:27726237-27726486_binding_160,2,0.9199830889701843
WRKY_1:27726237-27726486_binding_178,2,0.9210105538368225
WRKY_1:27726237-27726486_binding_265,2,0.9284835457801819
WRKY_1:27726237-27726486_binding_296,2,0.9243042469024658
WRKY_1:27726237-27726486_binding_315,2,0.9241702556610107
WRKY_1:27726237-27726486_binding_321,2,0.9146625995635986
WRKY_1:27726237-27726486_binding_409,2,0.9288129210472107
WRKY_1:27726237-27726486_binding_469,2,0.929365336894989
WRKY_1:27726237-27726486_binding_80,2,0.9216085076332092
WRKY_1:27773963-27774212_binding_1061,2,0.812308132648468
WRKY_1:27773963-27774212_binding_1128,2,0.805209755897522
WRKY_1:27773963-27774212_binding_1234,2,0.8146728277206421
WRKY_1:27773963-27774212_non_binding_639,2,0.8112381100654602
WRKY_1:27773963-27774212_reference_binding_2065,2,0.8074321150779724
WRKY_1:2782660-2782909_non_binding_1834,2,0.9023789763450623
WRKY_1:2782660-2782909_non_binding_797,2,0.9131994247436523
WRKY_1:2782660-2782909_reference_binding_2163,2,0.9150899648666382
WRKY_1:27933394-27933643_binding_1043,2,0.9123066663742065
WRKY_1:27933394-27933643_binding_1083,2,0.9139765501022339
WRKY_1:27933394-27933643_binding_1173,2,0.914966344833374
WRKY_1:27933394-27933643_binding_1246,2,0.9206342697143555
WRKY_1:27933394-27933643_binding_1248,2,0.9178584814071655
WRKY_1:27933394-27933643_binding_1256,2,0.9167288541793823
WRKY_1:27933394-27933643_binding_1297,2,0.9187277555465698
WRKY_1:27933394-27933643_binding_1299,2,0.9155288338661194
WRKY_1:27933394-27933643_binding_1318,2,0.9195975661277771
WRKY_1:27933394-27933643_binding_156,2,0.9168995022773743
WRKY_1:27933394-27933643_binding_184,2,0.918361246585846
WRKY_1:27933394-27933643_binding_204,2,0.9159668684005737
WRKY_1:27933394-27933643_binding_209,2,0.9146330952644348
WRKY_1:27933394-27933643_binding_297,2,0.9151324033737183
WRKY_1:27933394-27933643_binding_306,2,0.9152069687843323
WRKY_1:27933394-27933643_binding_313,2,0.9215481281280518
WRKY_1:27933394-27933643_binding_331,2,0.9127787947654724
WRKY_1:27933394-27933643_binding_412,2,0.9182859063148499
WRKY_1:27933394-27933643_binding_463,2,0.9151234030723572
WRKY_1:27933394-27933643_binding_470,2,0.9147210121154785
WRKY_1:27933394-27933643_binding_84,2,0.913720428943634
WRKY_1:27933394-27933643_binding_97,2,0.9137416481971741
WRKY_1:27933394-27933643_reference_binding_1923,2,0.9167319536209106
WRKY_1:28003120-28003369_non_binding_1714,2,0.9119860529899597
WRKY_1:28003120-28003369_non_binding_638,2,0.9045501351356506
WRKY_1:28003120-28003369_reference_binding_2064,2,0.9030249118804932
WRKY_1:28031445-28031694_non_binding_1661,2,0.9083268642425537
WRKY_1:28031445-28031694_non_binding_772,2,0.9070093631744385
WRKY_1:28031445-28031694_reference_binding_2150,2,0.9104524254798889
WRKY_1:28050086-28050335_non_binding_1490,2,0.9398854374885559
WRKY_1:28050086-28050335_reference_binding_2304,2,0.9398156404495239
WRKY_1:28222483-28222732_binding_1194,2,0.9030694961547852
WRKY_1:28222483-28222732_binding_1276,2,0.9049592614173889
WRKY_1:28222483-28222732_binding_1281,2,0.9023511409759521
WRKY_1:28222483-28222732_binding_1303,2,0.9054815769195557
WRKY_1:28222483-28222732_binding_1338,2,0.9019164443016052
WRKY_1:28222483-28222732_binding_288,2,0.9069383144378662
WRKY_1:28222483-28222732_binding_47,2,0.9180250763893127
WRKY_1:28222483-28222732_binding_54,2,0.9088734984397888
WRKY_1:28222483-28222732_reference_binding_1909,2,0.9059346914291382
WRKY_1:28231232-28231481_binding_1122,2,0.9186139106750488
WRKY_1:28231232-28231481_binding_1197,2,0.9268287420272827
WRKY_1:28231232-28231481_reference_binding_2270,2,0.921698272228241
WRKY_1:28231838-28232087_non_binding_1602,2,0.9104852080345154
WRKY_1:28231838-28232087_non_binding_546,2,0.8987079858779907
WRKY_1:28231838-28232087_reference_binding_1995,2,0.9033999443054199
WRKY_1:28282018-28282267_binding_1277,2,0.8870618939399719
WRKY_1:28282018-28282267_non_binding_1595,2,0.89327472448349
WRKY_1:28282018-28282267_non_binding_1795,2,0.8953816294670105
WRKY_1:28282018-28282267_non_binding_765,2,0.8980091214179993
WRKY_1:28282018-28282267_reference_binding_2146,2,0.8953250050544739
WRKY_1:28469887-28470136_non_binding_1439,2,0.8960943222045898
WRKY_1:28469887-28470136_non_binding_598,2,0.898674726486206
WRKY_1:28469887-28470136_reference_binding_2035,2,0.899233877658844
WRKY_1:28482400-28482649_non_binding_522,2,0.9164376854896545
WRKY_1:28482400-28482649_reference_binding_1975,2,0.9201472997665405
WRKY_1:28501477-28501726_binding_1018,2,0.8960844278335571
WRKY_1:28501477-28501726_binding_1032,2,0.9013628959655762
WRKY_1:28501477-28501726_binding_1049,2,0.9026051163673401
WRKY_1:28501477-28501726_binding_1161,2,0.8993397951126099
WRKY_1:28501477-28501726_binding_1172,2,0.8935756683349609
WRKY_1:28501477-28501726_binding_1201,2,0.9065946936607361
WRKY_1:28501477-28501726_binding_1308,2,0.9049462676048279
WRKY_1:28501477-28501726_binding_131,2,0.9179592132568359
WRKY_1:28501477-28501726_binding_1351,2,0.9071774482727051
WRKY_1:28501477-28501726_binding_1371,2,0.9023712277412415
WRKY_1:28501477-28501726_binding_188,2,0.9140738248825073
WRKY_1:28501477-28501726_binding_221,2,0.9131629467010498
WRKY_1:28501477-28501726_binding_269,2,0.9128000736236572
WRKY_1:28501477-28501726_binding_290,2,0.9136248230934143
WRKY_1:28501477-28501726_binding_439,2,0.9155789017677307
WRKY_1:28501477-28501726_binding_68,2,0.9143018126487732
WRKY_1:28501477-28501726_reference_binding_1919,2,0.9006829261779785
WRKY_1:28522773-28523022_non_binding_1862,2,0.9183011054992676
WRKY_1:28522773-28523022_non_binding_902,2,0.923115611076355
WRKY_1:28522773-28523022_reference_binding_2216,2,0.9245481491088867
WRKY_1:28524438-28524687_binding_1141,2,0.9123316407203674
WRKY_1:28524438-28524687_non_binding_1468,2,0.9078365564346313
WRKY_1:28524438-28524687_non_binding_1474,2,0.9072777032852173
WRKY_1:28524438-28524687_non_binding_1480,2,0.9097987413406372
WRKY_1:28524438-28524687_non_binding_1679,2,0.9158298969268799
WRKY_1:28524438-28524687_non_binding_770,2,0.9078859090805054
WRKY_1:28524438-28524687_non_binding_820,2,0.9162318110466003
WRKY_1:28524438-28524687_reference_binding_2149,2,0.9081012010574341
WRKY_1:28546156-28546405_non_binding_1768,2,0.927679717540741
WRKY_1:28546156-28546405_non_binding_805,2,0.9245314598083496
WRKY_1:28546156-28546405_reference_binding_2168,2,0.926533043384552
WRKY_1:28562564-28562813_non_binding_1682,2,0.8649929761886597
WRKY_1:28562564-28562813_non_binding_832,2,0.87204909324646
WRKY_1:28562564-28562813_reference_binding_2186,2,0.8698688745498657
WRKY_1:28577180-28577429_non_binding_637,2,0.8240782618522644
WRKY_1:28577180-28577429_non_binding_717,2,0.8255213499069214
WRKY_1:28577180-28577429_non_binding_724,2,0.8385151028633118
WRKY_1:28577180-28577429_non_binding_888,2,0.8404465317726135
WRKY_1:28577180-28577429_reference_binding_2063,2,0.8283548355102539
WRKY_1:28649619-28649868_binding_1208,2,0.8955515623092651
WRKY_1:28649619-28649868_non_binding_1681,2,0.9049854278564453
WRKY_1:28649619-28649868_non_binding_858,2,0.9000060558319092
WRKY_1:28649619-28649868_reference_binding_2197,2,0.898433268070221
WRKY_1:28650856-28651105_non_binding_1578,2,0.9158819317817688
WRKY_1:28650856-28651105_non_binding_1874,2,0.9247718453407288
WRKY_1:28650856-28651105_non_binding_515,2,0.9159464836120605
WRKY_1:28650856-28651105_non_binding_850,2,0.9156157970428467
WRKY_1:28650856-28651105_non_binding_869,2,0.9133651256561279
WRKY_1:28650856-28651105_reference_binding_1969,2,0.9150917530059814
WRKY_1:28749466-28749715_non_binding_1702,2,0.932229220867157
WRKY_1:28749466-28749715_non_binding_1857,2,0.9254108667373657
WRKY_1:28749466-28749715_non_binding_600,2,0.9198445081710815
WRKY_1:28749466-28749715_reference_binding_2037,2,0.9188463091850281
WRKY_1:28916392-28916641_non_binding_847,2,0.9098401069641113
WRKY_1:28916392-28916641_reference_binding_2192,2,0.9028019309043884
WRKY_1:29041926-29042175_binding_1097,2,0.9143109321594238
WRKY_1:29041926-29042175_non_binding_785,2,0.9139079451560974
WRKY_1:29041926-29042175_reference_binding_2155,2,0.9198384284973145
WRKY_1:2906419-2906668_non_binding_1651,2,0.8651015758514404
WRKY_1:2906419-2906668_reference_binding_2333,2,0.8352954387664795
WRKY_1:29064705-29064954_binding_1177,2,0.8991037607192993
WRKY_1:29064705-29064954_non_binding_1496,2,0.8979882001876831
WRKY_1:29064705-29064954_non_binding_1613,2,0.9008917212486267
WRKY_1:29064705-29064954_reference_binding_2274,2,0.8995839357376099
WRKY_1:29067841-29068090_non_binding_513,2,0.9108318090438843
WRKY_1:29067841-29068090_reference_binding_1968,2,0.909546434879303
WRKY_1:29130931-29131180_non_binding_1737,2,0.8942521810531616
WRKY_1:29130931-29131180_reference_binding_2358,2,0.8905003666877747
WRKY_1:29194053-29194302_binding_1100,2,0.8233053088188171
WRKY_1:29194053-29194302_binding_345,2,0.8165295124053955
WRKY_1:29194053-29194302_non_binding_1489,2,0.8164517283439636
WRKY_1:29194053-29194302_non_binding_539,2,0.8191050291061401
WRKY_1:29194053-29194302_reference_binding_1950,2,0.8189730644226074
WRKY_1:29328615-29328864_non_binding_1393,2,0.9059953093528748
WRKY_1:29328615-29328864_non_binding_509,2,0.907026469707489
WRKY_1:29328615-29328864_reference_binding_1964,2,0.9081159830093384
WRKY_1:29377811-29378060_non_binding_1755,2,0.8777461051940918
WRKY_1:29377811-29378060_non_binding_671,2,0.8827776908874512
WRKY_1:29377811-29378060_reference_binding_2089,2,0.8836092352867126
WRKY_1:29420075-29420324_non_binding_619,2,0.9091935157775879
WRKY_1:29420075-29420324_non_binding_719,2,0.9088784456253052
WRKY_1:29420075-29420324_non_binding_780,2,0.9049801826477051
WRKY_1:29420075-29420324_reference_binding_2052,2,0.9036028385162354
WRKY_1:2942213-2942462_binding_190,2,0.9098377823829651
WRKY_1:2942213-2942462_binding_271,2,0.9170969128608704
WRKY_1:2942213-2942462_binding_275,2,0.9167562127113342
WRKY_1:2942213-2942462_binding_371,2,0.9149336814880371
WRKY_1:2942213-2942462_binding_480,2,0.9058428406715393
WRKY_1:2942213-2942462_binding_483,2,0.9139536023139954
WRKY_1:2942213-2942462_binding_49,2,0.9070590734481812
WRKY_1:2942213-2942462_non_binding_1545,2,0.8908739686012268
WRKY_1:2942213-2942462_non_binding_569,2,0.88616943359375
WRKY_1:2942213-2942462_non_binding_725,2,0.8908242583274841
WRKY_1:2942213-2942462_non_binding_957,2,0.8856564164161682
WRKY_1:2942213-2942462_reference_binding_1911,2,0.8917345404624939
WRKY_1:29458861-29459110_non_binding_718,2,0.8845939636230469
WRKY_1:29458861-29459110_non_binding_721,2,0.8864108920097351
WRKY_1:29458861-29459110_reference_binding_2119,2,0.8864140510559082
WRKY_1:29513464-29513713_non_binding_761,2,0.8659485578536987
WRKY_1:29513464-29513713_non_binding_986,2,0.8550014495849609
WRKY_1:29513464-29513713_reference_binding_2144,2,0.8682146072387695
WRKY_1:29526121-29526370_non_binding_1438,2,0.8479971885681152
WRKY_1:29526121-29526370_non_binding_1572,2,0.8517869710922241
WRKY_1:29526121-29526370_non_binding_649,2,0.8450173139572144
WRKY_1:29526121-29526370_reference_binding_2072,2,0.8464929461479187
WRKY_1:29588153-29588402_non_binding_1518,2,0.8840197324752808
WRKY_1:29588153-29588402_non_binding_1624,2,0.8803019523620605
WRKY_1:29588153-29588402_non_binding_567,2,0.876258373260498
WRKY_1:29588153-29588402_non_binding_844,2,0.8805900812149048
WRKY_1:29588153-29588402_reference_binding_2011,2,0.8812122344970703
WRKY_1:29676843-29677092_non_binding_889,2,0.8568281531333923
WRKY_1:29676843-29677092_non_binding_905,2,0.8567167520523071
WRKY_1:29676843-29677092_reference_binding_2211,2,0.8586934208869934
WRKY_1:29727302-29727551_non_binding_1408,2,0.8228420615196228
WRKY_1:29727302-29727551_non_binding_1536,2,0.8248122334480286
WRKY_1:29727302-29727551_reference_binding_2284,2,0.8245342373847961
WRKY_1:29734433-29734682_binding_136,2,0.8459894061088562
WRKY_1:29734433-29734682_binding_246,2,0.8405470252037048
WRKY_1:29734433-29734682_binding_415,2,0.8482640981674194
WRKY_1:29734433-29734682_reference_binding_1936,2,0.8649753332138062
WRKY_1:29740202-29740451_binding_1088,2,0.9188039302825928
WRKY_1:29740202-29740451_reference_binding_2263,2,0.9165964126586914
WRKY_1:29845601-29845850_binding_1037,2,0.9047373533248901
WRKY_1:29845601-29845850_non_binding_1380,2,0.8988721966743469
WRKY_1:29845601-29845850_non_binding_528,2,0.9003204107284546
WRKY_1:29845601-29845850_non_binding_768,2,0.9074392914772034
WRKY_1:29845601-29845850_non_binding_952,2,0.9054355025291443
WRKY_1:29845601-29845850_reference_binding_1981,2,0.9007523655891418
WRKY_1:30008293-30008542_non_binding_1663,2,0.8990548253059387
WRKY_1:30008293-30008542_reference_binding_2339,2,0.9141712188720703
WRKY_1:30017653-30017902_binding_1204,2,0.8863121867179871
WRKY_1:30017653-30017902_non_binding_1437,2,0.884535551071167
WRKY_1:30017653-30017902_non_binding_1581,2,0.8781310319900513
WRKY_1:30017653-30017902_non_binding_1584,2,0.8842539191246033
WRKY_1:30017653-30017902_non_binding_1590,2,0.8752208948135376
WRKY_1:30017653-30017902_non_binding_527,2,0.8881875872612
WRKY_1:30017653-30017902_non_binding_916,2,0.8905594348907471
WRKY_1:30017653-30017902_non_binding_941,2,0.8879064321517944
WRKY_1:30017653-30017902_reference_binding_1980,2,0.8799022436141968
WRKY_1:30055376-30055625_non_binding_1599,2,0.886684775352478
WRKY_1:30055376-30055625_non_binding_1648,2,0.8731510043144226
WRKY_1:30055376-30055625_reference_binding_2324,2,0.8971426486968994
WRKY_1:30092095-30092344_non_binding_1433,2,0.8669676780700684
WRKY_1:30092095-30092344_non_binding_1703,2,0.8847893476486206
WRKY_1:30092095-30092344_non_binding_790,2,0.875367283821106
WRKY_1:30092095-30092344_reference_binding_2158,2,0.8730054497718811
WRKY_1:30155178-30155427_non_binding_1410,2,0.9158651828765869
WRKY_1:30155178-30155427_reference_binding_2285,2,0.9156928062438965
WRKY_1:30210103-30210352_non_binding_1558,2,0.8901829123497009
WRKY_1:30210103-30210352_reference_binding_2318,2,0.8943983912467957
WRKY_1:30235933-30236182_non_binding_1609,2,0.9026289582252502
WRKY_1:30235933-30236182_non_binding_1713,2,0.8541975021362305
WRKY_1:30235933-30236182_non_binding_1761,2,0.8767322897911072
WRKY_1:30235933-30236182_reference_binding_2326,2,0.8901354074478149
WRKY_1:30269237-30269486_binding_122,2,0.9261538982391357
WRKY_1:30269237-30269486_binding_17,2,0.9245263338088989
WRKY_1:30269237-30269486_binding_215,2,0.9161069989204407
WRKY_1:30269237-30269486_binding_373,2,0.9273462891578674
WRKY_1:30269237-30269486_binding_437,2,0.9255646467208862
WRKY_1:30269237-30269486_non_binding_1435,2,0.9243848919868469
WRKY_1:30269237-30269486_non_binding_1543,2,0.9250494241714478
WRKY_1:30269237-30269486_non_binding_650,2,0.919547975063324
WRKY_1:30269237-30269486_non_binding_660,2,0.9240453839302063
WRKY_1:30269237-30269486_reference_binding_1894,2,0.9223777651786804
WRKY_1:30405119-30405368_non_binding_1701,2,0.9256687164306641
WRKY_1:30405119-30405368_non_binding_1777,2,0.922156035900116
WRKY_1:30405119-30405368_non_binding_836,2,0.9074297547340393
WRKY_1:30405119-30405368_reference_binding_2188,2,0.908932089805603
WRKY_1:3065031-3065280_binding_1023,2,0.8294321298599243
WRKY_1:3065031-3065280_binding_1136,2,0.8315746784210205
WRKY_1:3065031-3065280_binding_119,2,0.8431112766265869
WRKY_1:3065031-3065280_binding_1291,2,0.8328607082366943
WRKY_1:3065031-3065280_binding_149,2,0.8381115794181824
WRKY_1:3065031-3065280_binding_164,2,0.839783787727356
WRKY_1:3065031-3065280_binding_186,2,0.843588650226593
WRKY_1:3065031-3065280_binding_335,2,0.8438552021980286
WRKY_1:3065031-3065280_binding_419,2,0.8422321677207947
WRKY_1:3065031-3065280_binding_424,2,0.8337714672088623
WRKY_1:3065031-3065280_reference_binding_1932,2,0.835084080696106
WRKY_1:3103871-3104120_binding_1029,2,0.9208222031593323
WRKY_1:3103871-3104120_non_binding_736,2,0.9184766411781311
WRKY_1:3103871-3104120_non_binding_776,2,0.9264816641807556
WRKY_1:3103871-3104120_reference_binding_2127,2,0.9189288020133972
WRKY_1:3253441-3253690_non_binding_1404,2,0.8202352523803711
WRKY_1:3253441-3253690_non_binding_1419,2,0.8168213963508606
WRKY_1:3253441-3253690_non_binding_1611,2,0.8155714273452759
WRKY_1:3253441-3253690_reference_binding_2282,2,0.8166376948356628
WRKY_1:3265644-3265893_non_binding_523,2,0.9263834953308105
WRKY_1:3265644-3265893_reference_binding_1976,2,0.9246070384979248
WRKY_1:3276601-3276850_non_binding_1617,2,0.8887837529182434
WRKY_1:3276601-3276850_non_binding_1631,2,0.8949049115180969
WRKY_1:3276601-3276850_non_binding_1754,2,0.8867236971855164
WRKY_1:3276601-3276850_non_binding_1808,2,0.8933521509170532
WRKY_1:3276601-3276850_non_binding_1859,2,0.8791624903678894
WRKY_1:3276601-3276850_non_binding_863,2,0.8812791109085083
WRKY_1:3276601-3276850_reference_binding_2200,2,0.8894540667533875
WRKY_1:3281162-3281411_non_binding_1513,2,0.9263820648193359
WRKY_1:3281162-3281411_non_binding_757,2,0.918563187122345
WRKY_1:3281162-3281411_reference_binding_2142,2,0.9237898588180542
WRKY_1:3312710-3312959_non_binding_1473,2,0.9131770730018616
WRKY_1:3312710-3312959_non_binding_1759,2,0.8899766802787781
WRKY_1:3312710-3312959_non_binding_904,2,0.9041252732276917
WRKY_1:3312710-3312959_reference_binding_2218,2,0.9142744541168213
WRKY_1:3340274-3340523_binding_478,2,0.8598803877830505
WRKY_1:3340274-3340523_non_binding_1459,2,0.8521277904510498
WRKY_1:3340274-3340523_non_binding_1579,2,0.8648726940155029
WRKY_1:3340274-3340523_non_binding_1626,2,0.8645042181015015
WRKY_1:3340274-3340523_non_binding_951,2,0.8638068437576294
WRKY_1:3340274-3340523_reference_binding_1956,2,0.8651139140129089
WRKY_1:3394774-3395023_binding_1016,2,0.8624624013900757
WRKY_1:3394774-3395023_binding_1237,2,0.8769704103469849
WRKY_1:3394774-3395023_non_binding_670,2,0.8659514784812927
WRKY_1:3394774-3395023_reference_binding_2088,2,0.8668025135993958
WRKY_1:3472675-3472924_binding_142,2,0.8767415285110474
WRKY_1:3472675-3472924_binding_206,2,0.8774271607398987
WRKY_1:3472675-3472924_binding_304,2,0.8762993812561035
WRKY_1:3472675-3472924_binding_316,2,0.8750666379928589
WRKY_1:3472675-3472924_non_binding_849,2,0.870538592338562
WRKY_1:3472675-3472924_non_binding_955,2,0.871930718421936
WRKY_1:3472675-3472924_reference_binding_1938,2,0.8693743944168091
WRKY_1:3525594-3525843_non_binding_505,2,0.9156423211097717
WRKY_1:3525594-3525843_non_binding_516,2,0.9114421606063843
WRKY_1:3525594-3525843_non_binding_766,2,0.9128727912902832
WRKY_1:3525594-3525843_reference_binding_1960,2,0.9124920964241028
WRKY_1:3557904-3558153_non_binding_1521,2,0.9186994433403015
WRKY_1:3557904-3558153_non_binding_979,2,0.9206485748291016
WRKY_1:3557904-3558153_reference_binding_2245,2,0.9141484498977661
WRKY_1:3633935-3634184_binding_1129,2,0.8900973200798035
WRKY_1:3633935-3634184_binding_125,2,0.8981378078460693
WRKY_1:3633935-3634184_binding_1337,2,0.899945855140686
WRKY_1:3633935-3634184_reference_binding_1934,2,0.8937838673591614
WRKY_1:3735765-3736014_non_binding_1448,2,0.8836849927902222
WRKY_1:3735765-3736014_non_binding_581,2,0.8848623037338257
WRKY_1:3735765-3736014_non_binding_675,2,0.8869379162788391
WRKY_1:3735765-3736014_reference_binding_2023,2,0.8835685849189758
WRKY_1:3845052-3845301_binding_1025,2,0.8917114734649658
WRKY_1:3845052-3845301_binding_103,2,0.8730953335762024
WRKY_1:3845052-3845301_binding_107,2,0.8844825029373169
WRKY_1:3845052-3845301_binding_1096,2,0.8977733850479126
WRKY_1:3845052-3845301_binding_1110,2,0.8960359692573547
WRKY_1:3845052-3845301_binding_1205,2,0.8876886963844299
WRKY_1:3845052-3845301_binding_1283,2,0.89902263879776
WRKY_1:3845052-3845301_binding_1339,2,0.894069254398346
WRKY_1:3845052-3845301_binding_1348,2,0.899243950843811
WRKY_1:3845052-3845301_binding_1375,2,0.8998845815658569
WRKY_1:3845052-3845301_binding_139,2,0.8713230490684509
WRKY_1:3845052-3845301_binding_19,2,0.8910323977470398
WRKY_1:3845052-3845301_binding_2,2,0.8803833723068237
WRKY_1:3845052-3845301_binding_218,2,0.868516206741333
WRKY_1:3845052-3845301_binding_23,2,0.8770176768302917
WRKY_1:3845052-3845301_binding_234,2,0.8732519745826721
WRKY_1:3845052-3845301_binding_30,2,0.8875730633735657
WRKY_1:3845052-3845301_binding_325,2,0.8705955147743225
WRKY_1:3845052-3845301_binding_361,2,0.8864510655403137
WRKY_1:3845052-3845301_binding_404,2,0.8763764500617981
WRKY_1:3845052-3845301_binding_72,2,0.8911304473876953
WRKY_1:3845052-3845301_binding_78,2,0.8817358016967773
WRKY_1:3845052-3845301_reference_binding_1882,2,0.8954610824584961
WRKY_1:3910109-3910358_non_binding_1542,2,0.8686738610267639
WRKY_1:3910109-3910358_non_binding_1569,2,0.8654265999794006
WRKY_1:3910109-3910358_non_binding_1573,2,0.8644269704818726
WRKY_1:3910109-3910358_non_binding_1669,2,0.8722426891326904
WRKY_1:3910109-3910358_reference_binding_2315,2,0.8643907308578491
WRKY_1:3962790-3963039_non_binding_748,2,0.9165735840797424
WRKY_1:3962790-3963039_reference_binding_2135,2,0.9189508557319641
WRKY_1:4025250-4025499_non_binding_1409,2,0.8865436315536499
WRKY_1:4025250-4025499_non_binding_1442,2,0.888573169708252
WRKY_1:4025250-4025499_non_binding_1723,2,0.9040006399154663
WRKY_1:4025250-4025499_non_binding_1799,2,0.9066451787948608
WRKY_1:4025250-4025499_non_binding_582,2,0.880415141582489
WRKY_1:4025250-4025499_non_binding_867,2,0.8800800442695618
WRKY_1:4025250-4025499_reference_binding_2024,2,0.8828628659248352
WRKY_1:4158959-4159208_binding_1169,2,0.8949792981147766
WRKY_1:4158959-4159208_binding_212,2,0.8909421563148499
WRKY_1:4158959-4159208_binding_343,2,0.8869752287864685
WRKY_1:4158959-4159208_non_binding_677,2,0.8911432027816772
WRKY_1:4158959-4159208_reference_binding_1943,2,0.8911771178245544
WRKY_1:4169931-4170180_non_binding_1507,2,0.9186913967132568
WRKY_1:4169931-4170180_non_binding_701,2,0.9117904305458069
WRKY_1:4169931-4170180_non_binding_750,2,0.9227766394615173
WRKY_1:4169931-4170180_non_binding_786,2,0.9192119240760803
WRKY_1:4169931-4170180_reference_binding_2107,2,0.9172433614730835
WRKY_1:4190089-4190338_binding_1040,2,0.9006103277206421
WRKY_1:4190089-4190338_non_binding_1395,2,0.9059250354766846
WRKY_1:4190089-4190338_non_binding_507,2,0.904349684715271
WRKY_1:4190089-4190338_non_binding_900,2,0.9015390872955322
WRKY_1:4190089-4190338_reference_binding_1962,2,0.8996827006340027
WRKY_1:4205095-4205344_binding_114,2,0.9167740345001221
WRKY_1:4205095-4205344_binding_1241,2,0.8996120095252991
WRKY_1:4205095-4205344_binding_128,2,0.9153090119361877
WRKY_1:4205095-4205344_binding_159,2,0.9138228893280029
WRKY_1:4205095-4205344_binding_162,2,0.9136289954185486
WRKY_1:4205095-4205344_binding_187,2,0.9097938537597656
WRKY_1:4205095-4205344_binding_21,2,0.9036270976066589
WRKY_1:4205095-4205344_binding_27,2,0.9087636470794678
WRKY_1:4205095-4205344_binding_317,2,0.9164248704910278
WRKY_1:4205095-4205344_binding_381,2,0.915169894695282
WRKY_1:4205095-4205344_binding_400,2,0.9158764481544495
WRKY_1:4205095-4205344_binding_425,2,0.9174455404281616
WRKY_1:4205095-4205344_binding_499,2,0.9112336039543152
WRKY_1:4205095-4205344_binding_57,2,0.9120346903800964
WRKY_1:4205095-4205344_reference_binding_1895,2,0.9064394235610962
WRKY_1:4259109-4259358_non_binding_1635,2,0.881140947341919
WRKY_1:4259109-4259358_non_binding_796,2,0.849303126335144
WRKY_1:4259109-4259358_reference_binding_2162,2,0.8567307591438293
WRKY_1:4304948-4305197_non_binding_1491,2,0.9255590438842773
WRKY_1:4304948-4305197_reference_binding_2305,2,0.9212547540664673
WRKY_1:4390182-4390431_binding_1007,2,0.8876613974571228
WRKY_1:4390182-4390431_binding_1056,2,0.881668210029602
WRKY_1:4390182-4390431_binding_1149,2,0.8865436911582947
WRKY_1:4390182-4390431_binding_132,2,0.89478999376297
WRKY_1:4390182-4390431_binding_387,2,0.8943001627922058
WRKY_1:4390182-4390431_non_binding_959,2,0.8845935463905334
WRKY_1:4390182-4390431_reference_binding_1935,2,0.887005627155304
WRKY_1:4422507-4422756_non_binding_1520,2,0.8908877372741699
WRKY_1:4422507-4422756_non_binding_1622,2,0.8875093460083008
WRKY_1:4422507-4422756_non_binding_1715,2,0.9005733132362366
WRKY_1:4422507-4422756_non_binding_860,2,0.888821542263031
WRKY_1:4422507-4422756_reference_binding_2198,2,0.8897419571876526
WRKY_1:4483863-4484112_non_binding_974,2,0.91697096824646
WRKY_1:4483863-4484112_reference_binding_2244,2,0.9167137145996094
WRKY_1:4527039-4527288_binding_1235,2,0.9274479746818542
WRKY_1:4527039-4527288_non_binding_1382,2,0.92835932970047
WRKY_1:4527039-4527288_non_binding_1447,2,0.9246328473091125
WRKY_1:4527039-4527288_non_binding_1516,2,0.9274668097496033
WRKY_1:4527039-4527288_non_binding_1627,2,0.9272415041923523
WRKY_1:4527039-4527288_non_binding_1741,2,0.9252085089683533
WRKY_1:4527039-4527288_non_binding_981,2,0.9241431951522827
WRKY_1:4527039-4527288_reference_binding_2247,2,0.9257523417472839
WRKY_1:4601094-4601343_non_binding_980,2,0.8901429176330566
WRKY_1:4601094-4601343_reference_binding_2246,2,0.8907226920127869
WRKY_1:4609538-4609787_binding_1074,2,0.8854944109916687
WRKY_1:4609538-4609787_binding_108,2,0.888335645198822
WRKY_1:4609538-4609787_binding_1130,2,0.8833076357841492
WRKY_1:4609538-4609787_binding_1135,2,0.8783115744590759
WRKY_1:4609538-4609787_binding_1212,2,0.8733657598495483
WRKY_1:4609538-4609787_binding_1227,2,0.8792324662208557
WRKY_1:4609538-4609787_binding_1231,2,0.8741973638534546
WRKY_1:4609538-4609787_binding_1300,2,0.8789079189300537
WRKY_1:4609538-4609787_binding_1313,2,0.8712541460990906
WRKY_1:4609538-4609787_binding_137,2,0.8708927035331726
WRKY_1:4609538-4609787_binding_182,2,0.8723892569541931
WRKY_1:4609538-4609787_binding_193,2,0.8884400129318237
WRKY_1:4609538-4609787_binding_201,2,0.8929252624511719
WRKY_1:4609538-4609787_binding_235,2,0.8735347986221313
WRKY_1:4609538-4609787_binding_272,2,0.8849138021469116
WRKY_1:4609538-4609787_binding_302,2,0.8830433487892151
WRKY_1:4609538-4609787_binding_342,2,0.8870497345924377
WRKY_1:4609538-4609787_binding_346,2,0.8961247205734253
WRKY_1:4609538-4609787_binding_379,2,0.8832769989967346
WRKY_1:4609538-4609787_binding_391,2,0.8843647241592407
WRKY_1:4609538-4609787_binding_411,2,0.8805316090583801
WRKY_1:4609538-4609787_binding_423,2,0.875761091709137
WRKY_1:4609538-4609787_binding_431,2,0.894771158695221
WRKY_1:4609538-4609787_binding_474,2,0.8873701095581055
WRKY_1:4609538-4609787_binding_58,2,0.8765600323677063
WRKY_1:4609538-4609787_reference_binding_1914,2,0.8782398700714111
WRKY_1:4716206-4716455_non_binding_1771,2,0.9050630927085876
WRKY_1:4716206-4716455_reference_binding_2365,2,0.907825767993927
WRKY_1:4720578-4720827_non_binding_803,2,0.8304139971733093
WRKY_1:4720578-4720827_non_binding_826,2,0.8356510996818542
WRKY_1:4720578-4720827_reference_binding_2167,2,0.830477237701416
WRKY_1:4721465-4721714_binding_1,2,0.9252509474754333
WRKY_1:4721465-4721714_binding_1070,2,0.9322007894515991
WRKY_1:4721465-4721714_binding_1095,2,0.9321187734603882
WRKY_1:4721465-4721714_binding_1125,2,0.9315382838249207
WRKY_1:4721465-4721714_binding_1134,2,0.93111652135849
WRKY_1:4721465-4721714_binding_129,2,0.9291303753852844
WRKY_1:4721465-4721714_binding_130,2,0.9290464520454407
WRKY_1:4721465-4721714_binding_1306,2,0.9301896691322327
WRKY_1:4721465-4721714_binding_133,2,0.9306092262268066
WRKY_1:4721465-4721714_binding_1334,2,0.9333628416061401
WRKY_1:4721465-4721714_binding_1352,2,0.9302307367324829
WRKY_1:4721465-4721714_binding_148,2,0.9317669868469238
WRKY_1:4721465-4721714_binding_151,2,0.9337425827980042
WRKY_1:4721465-4721714_binding_175,2,0.9271209239959717
WRKY_1:4721465-4721714_binding_176,2,0.9293506741523743
WRKY_1:4721465-4721714_binding_263,2,0.9271348118782043
WRKY_1:4721465-4721714_binding_3,2,0.9285033345222473
WRKY_1:4721465-4721714_binding_319,2,0.9291033148765564
WRKY_1:4721465-4721714_binding_320,2,0.9268857836723328
WRKY_1:4721465-4721714_binding_351,2,0.9280121326446533
WRKY_1:4721465-4721714_binding_417,2,0.9285692572593689
WRKY_1:4721465-4721714_binding_427,2,0.9280487895011902
WRKY_1:4721465-4721714_binding_446,2,0.9317429661750793
WRKY_1:4721465-4721714_binding_457,2,0.9300495982170105
WRKY_1:4721465-4721714_binding_459,2,0.9279248714447021
WRKY_1:4721465-4721714_binding_462,2,0.9294798374176025
WRKY_1:4721465-4721714_binding_468,2,0.929288387298584
WRKY_1:4721465-4721714_binding_53,2,0.9300467371940613
WRKY_1:4721465-4721714_binding_75,2,0.9304629564285278
WRKY_1:4721465-4721714_binding_82,2,0.9285860657691956
WRKY_1:4721465-4721714_binding_86,2,0.9287362098693848
WRKY_1:4721465-4721714_reference_binding_1881,2,0.932375431060791
WRKY_1:4804587-4804836_binding_1092,2,0.9267226457595825
WRKY_1:4804587-4804836_binding_1138,2,0.9259432554244995
WRKY_1:4804587-4804836_binding_1284,2,0.9247244596481323
WRKY_1:4804587-4804836_reference_binding_2265,2,0.9259749054908752
WRKY_1:4865935-4866184_non_binding_1484,2,0.8755027651786804
WRKY_1:4865935-4866184_non_binding_535,2,0.8743747472763062
WRKY_1:4865935-4866184_non_binding_762,2,0.8748190402984619
WRKY_1:4865935-4866184_reference_binding_1988,2,0.8742222189903259
WRKY_1:5012628-5012877_non_binding_1407,2,0.9179255366325378
WRKY_1:5012628-5012877_non_binding_1633,2,0.9285449385643005
WRKY_1:5012628-5012877_non_binding_1747,2,0.9256928563117981
WRKY_1:5012628-5012877_non_binding_831,2,0.9137893319129944
WRKY_1:5012628-5012877_reference_binding_2185,2,0.9159353971481323
WRKY_1:5014036-5014285_binding_11,2,0.7570671439170837
WRKY_1:5014036-5014285_binding_388,2,0.7562666535377502
WRKY_1:5014036-5014285_non_binding_591,2,0.7359768152236938
WRKY_1:5014036-5014285_reference_binding_1890,2,0.738848865032196
WRKY_1:5107949-5108198_non_binding_1568,2,0.9172942638397217
WRKY_1:5107949-5108198_non_binding_1798,2,0.9237857460975647
WRKY_1:5107949-5108198_non_binding_940,2,0.9209624528884888
WRKY_1:5107949-5108198_reference_binding_2230,2,0.9182173609733582
WRKY_1:5109344-5109593_binding_1062,2,0.9015892148017883
WRKY_1:5109344-5109593_binding_1162,2,0.8907874822616577
WRKY_1:5109344-5109593_non_binding_640,2,0.8956856727600098
WRKY_1:5109344-5109593_reference_binding_2066,2,0.8952481150627136
WRKY_1:5232479-5232728_non_binding_1429,2,0.8479192852973938
WRKY_1:5232479-5232728_non_binding_729,2,0.859554648399353
WRKY_1:5232479-5232728_reference_binding_2122,2,0.848725438117981
WRKY_1:534552-534801_non_binding_627,2,0.9091281890869141
WRKY_1:534552-534801_reference_binding_2056,2,0.9036110639572144
WRKY_1:5379198-5379447_non_binding_679,2,0.8868423104286194
WRKY_1:5379198-5379447_reference_binding_2093,2,0.8867090940475464
WRKY_1:5403809-5404058_non_binding_1557,2,0.9117383360862732
WRKY_1:5403809-5404058_non_binding_728,2,0.9102638959884644
WRKY_1:5403809-5404058_reference_binding_2121,2,0.9130433797836304
WRKY_1:5410613-5410862_non_binding_1424,2,0.884364128112793
WRKY_1:5410613-5410862_non_binding_1464,2,0.8815710544586182
WRKY_1:5410613-5410862_non_binding_1587,2,0.8805404901504517
WRKY_1:5410613-5410862_non_binding_1675,2,0.8974807262420654
WRKY_1:5410613-5410862_non_binding_1838,2,0.8970146775245667
WRKY_1:5410613-5410862_non_binding_594,2,0.8735910058021545
WRKY_1:5410613-5410862_reference_binding_2032,2,0.8809531927108765
WRKY_1:5415336-5415585_non_binding_934,2,0.8637893199920654
WRKY_1:5415336-5415585_reference_binding_2228,2,0.8644464612007141
WRKY_1:5538228-5538477_binding_1036,2,0.8980554938316345
WRKY_1:5538228-5538477_binding_1086,2,0.9016332030296326
WRKY_1:5538228-5538477_binding_1098,2,0.8976490497589111
WRKY_1:5538228-5538477_binding_1137,2,0.8876882195472717
WRKY_1:5538228-5538477_binding_1152,2,0.8965610265731812
WRKY_1:5538228-5538477_binding_1163,2,0.9025858640670776
WRKY_1:5538228-5538477_binding_1223,2,0.8978688716888428
WRKY_1:5538228-5538477_binding_1244,2,0.896345853805542
WRKY_1:5538228-5538477_binding_1292,2,0.9031071066856384
WRKY_1:5538228-5538477_binding_1327,2,0.900428295135498
WRKY_1:5538228-5538477_binding_1342,2,0.8943198323249817
WRKY_1:5538228-5538477_binding_1361,2,0.8939831852912903
WRKY_1:5538228-5538477_binding_1376,2,0.8941091299057007
WRKY_1:5538228-5538477_binding_15,2,0.8932070136070251
WRKY_1:5538228-5538477_binding_213,2,0.9049186110496521
WRKY_1:5538228-5538477_binding_228,2,0.8961102962493896
WRKY_1:5538228-5538477_binding_230,2,0.9099186062812805
WRKY_1:5538228-5538477_binding_283,2,0.8964332342147827
WRKY_1:5538228-5538477_binding_397,2,0.8953207731246948
WRKY_1:5538228-5538477_binding_403,2,0.8955406546592712
WRKY_1:5538228-5538477_binding_487,2,0.8968154191970825
WRKY_1:5538228-5538477_binding_492,2,0.8973945379257202
WRKY_1:5538228-5538477_binding_51,2,0.8937133550643921
WRKY_1:5538228-5538477_binding_9,2,0.9078912138938904
WRKY_1:5538228-5538477_reference_binding_1888,2,0.8996028900146484
WRKY_1:5695815-5696064_non_binding_1653,2,0.7824592590332031
WRKY_1:5695815-5696064_reference_binding_2335,2,0.7783119082450867
WRKY_1:5751559-5751808_binding_251,2,0.9311609268188477
WRKY_1:5751559-5751808_non_binding_1802,2,0.932519257068634
WRKY_1:5751559-5751808_reference_binding_1946,2,0.9381505846977234
WRKY_1:5777991-5778240_non_binding_1787,2,0.8739987015724182
WRKY_1:5777991-5778240_non_binding_1797,2,0.8744458556175232
WRKY_1:5777991-5778240_non_binding_500,2,0.8686661720275879
WRKY_1:5777991-5778240_reference_binding_1957,2,0.8757399320602417
WRKY_1:5790536-5790785_non_binding_767,2,0.9027723670005798
WRKY_1:5790536-5790785_non_binding_824,2,0.9047641754150391
WRKY_1:5790536-5790785_reference_binding_2147,2,0.9054082036018372
WRKY_1:5818069-5818318_binding_1060,2,0.9032794833183289
WRKY_1:5818069-5818318_reference_binding_2260,2,0.8980105519294739
WRKY_1:5833708-5833957_binding_1002,2,0.8349062204360962
WRKY_1:5833708-5833957_binding_1058,2,0.8356106877326965
WRKY_1:5833708-5833957_binding_1084,2,0.8372715711593628
WRKY_1:5833708-5833957_binding_1166,2,0.8390534520149231
WRKY_1:5833708-5833957_binding_1274,2,0.8364736437797546
WRKY_1:5833708-5833957_binding_1295,2,0.8397625684738159
WRKY_1:5833708-5833957_binding_1326,2,0.8402093648910522
WRKY_1:5833708-5833957_binding_1341,2,0.8371168375015259
WRKY_1:5833708-5833957_binding_1362,2,0.8289892077445984
WRKY_1:5833708-5833957_binding_1374,2,0.8297226428985596
WRKY_1:5833708-5833957_binding_155,2,0.8295590281486511
WRKY_1:5833708-5833957_binding_185,2,0.8226650357246399
WRKY_1:5833708-5833957_binding_225,2,0.8294810652732849
WRKY_1:5833708-5833957_binding_330,2,0.83095383644104
WRKY_1:5833708-5833957_binding_34,2,0.8215872049331665
WRKY_1:5833708-5833957_binding_477,2,0.8312735557556152
WRKY_1:5833708-5833957_binding_63,2,0.8352800607681274
WRKY_1:5833708-5833957_non_binding_544,2,0.8334076404571533
WRKY_1:5833708-5833957_reference_binding_1902,2,0.8386473655700684
WRKY_1:5833977-5834226_binding_1064,2,0.9082978367805481
WRKY_1:5833977-5834226_non_binding_1505,2,0.9053252935409546
WRKY_1:5833977-5834226_non_binding_741,2,0.9019197225570679
WRKY_1:5833977-5834226_non_binding_896,2,0.9086736440658569
WRKY_1:5833977-5834226_reference_binding_2130,2,0.9047844409942627
WRKY_1:5974594-5974843_non_binding_795,2,0.8689028024673462
WRKY_1:5974594-5974843_reference_binding_2161,2,0.8698738217353821
WRKY_1:6018009-6018258_non_binding_1846,2,0.796377420425415
WRKY_1:6018009-6018258_non_binding_715,2,0.8185673356056213
WRKY_1:6018009-6018258_non_binding_989,2,0.8197100162506104
WRKY_1:6018009-6018258_reference_binding_2118,2,0.8142282366752625
WRKY_1:6067873-6068122_binding_24,2,0.904940664768219
WRKY_1:6067873-6068122_binding_274,2,0.9028283953666687
WRKY_1:6067873-6068122_binding_353,2,0.9000080227851868
WRKY_1:6067873-6068122_binding_376,2,0.9044350385665894
WRKY_1:6067873-6068122_non_binding_540,2,0.8931482434272766
WRKY_1:6067873-6068122_reference_binding_1897,2,0.9011253118515015
WRKY_1:610438-610687_non_binding_1405,2,0.9079036116600037
WRKY_1:610438-610687_non_binding_756,2,0.9150068759918213
WRKY_1:610438-610687_non_binding_846,2,0.9174410104751587
WRKY_1:610438-610687_reference_binding_2141,2,0.9118902087211609
WRKY_1:6197198-6197447_non_binding_1467,2,0.9198744893074036
WRKY_1:6197198-6197447_non_binding_749,2,0.9172915816307068
WRKY_1:6197198-6197447_non_binding_978,2,0.9229497909545898
WRKY_1:6197198-6197447_reference_binding_2136,2,0.9191878437995911
WRKY_1:6198574-6198823_non_binding_1384,2,0.8778517246246338
WRKY_1:6198574-6198823_non_binding_1782,2,0.8924610018730164
WRKY_1:6198574-6198823_non_binding_754,2,0.8739147782325745
WRKY_1:6198574-6198823_reference_binding_2139,2,0.8752058744430542
WRKY_1:6248649-6248898_non_binding_734,2,0.7903292775154114
WRKY_1:6248649-6248898_reference_binding_2125,2,0.7910254001617432
WRKY_1:627146-627395_binding_1015,2,0.8668132424354553
WRKY_1:627146-627395_binding_1142,2,0.8679789900779724
WRKY_1:627146-627395_reference_binding_2255,2,0.8651118874549866
WRKY_1:6300274-6300523_non_binding_1733,2,0.8864916563034058
WRKY_1:6300274-6300523_reference_binding_2356,2,0.8806552290916443
WRKY_1:6373088-6373337_non_binding_881,2,0.8947356343269348
WRKY_1:6373088-6373337_reference_binding_2207,2,0.8925489187240601
WRKY_1:6432186-6432435_binding_1254,2,0.9142730236053467
WRKY_1:6432186-6432435_non_binding_821,2,0.9218080639839172
WRKY_1:6432186-6432435_reference_binding_2178,2,0.9166680574417114
WRKY_1:658161-658410_binding_158,2,0.90740966796875
WRKY_1:658161-658410_binding_444,2,0.909462034702301
WRKY_1:658161-658410_reference_binding_1940,2,0.9122040271759033
WRKY_1:6619800-6620049_non_binding_1526,2,0.9228834509849548
WRKY_1:6619800-6620049_reference_binding_2311,2,0.9244703650474548
WRKY_1:6621246-6621495_binding_1050,2,0.9020946621894836
WRKY_1:6621246-6621495_binding_154,2,0.9092787504196167
WRKY_1:6621246-6621495_binding_210,2,0.9155650734901428
WRKY_1:6621246-6621495_binding_224,2,0.9026357531547546
WRKY_1:6621246-6621495_binding_295,2,0.9109907746315002
WRKY_1:6621246-6621495_binding_309,2,0.9143906831741333
WRKY_1:6621246-6621495_binding_358,2,0.9117393493652344
WRKY_1:6621246-6621495_binding_421,2,0.9075642824172974
WRKY_1:6621246-6621495_binding_67,2,0.9177955985069275
WRKY_1:6621246-6621495_non_binding_853,2,0.9032501578330994
WRKY_1:6621246-6621495_reference_binding_1918,2,0.907129168510437
WRKY_1:6625391-6625640_binding_116,2,0.8350512385368347
WRKY_1:6625391-6625640_binding_1282,2,0.8451944589614868
WRKY_1:6625391-6625640_binding_1304,2,0.8437311053276062
WRKY_1:6625391-6625640_binding_1322,2,0.8525861501693726
WRKY_1:6625391-6625640_binding_1346,2,0.8401851058006287
WRKY_1:6625391-6625640_binding_368,2,0.8419332504272461
WRKY_1:6625391-6625640_non_binding_739,2,0.8549070358276367
WRKY_1:6625391-6625640_non_binding_747,2,0.8403643369674683
WRKY_1:6625391-6625640_reference_binding_1931,2,0.8439328670501709
WRKY_1:6652554-6652803_non_binding_764,2,0.8583254218101501
WRKY_1:6728233-6728482_non_binding_755,2,0.8785843253135681
WRKY_1:6728233-6728482_reference_binding_2140,2,0.8851991295814514
WRKY_1:6746795-6747044_binding_1264,2,0.7480887174606323
WRKY_1:6746795-6747044_reference_binding_2279,2,0.7534990906715393
WRKY_1:6766656-6766905_binding_50,2,0.8947284817695618
WRKY_1:6766656-6766905_reference_binding_1912,2,0.9015454053878784
WRKY_1:6791933-6792182_binding_100,2,0.8855854868888855
WRKY_1:6791933-6792182_binding_1001,2,0.8914167284965515
WRKY_1:6791933-6792182_binding_1090,2,0.8859480619430542
WRKY_1:6791933-6792182_binding_1147,2,0.890133261680603
WRKY_1:6791933-6792182_binding_1217,2,0.8912283182144165
WRKY_1:6791933-6792182_binding_1285,2,0.8905607461929321
WRKY_1:6791933-6792182_binding_1287,2,0.8915280103683472
WRKY_1:6791933-6792182_binding_1311,2,0.8897983431816101
WRKY_1:6791933-6792182_binding_1316,2,0.8912745714187622
WRKY_1:6791933-6792182_binding_1324,2,0.8953357934951782
WRKY_1:6791933-6792182_binding_1344,2,0.8874099850654602
WRKY_1:6791933-6792182_binding_1360,2,0.8890142440795898
WRKY_1:6791933-6792182_binding_163,2,0.8903816342353821
WRKY_1:6791933-6792182_binding_223,2,0.8955317139625549
WRKY_1:6791933-6792182_binding_252,2,0.8707084655761719
WRKY_1:6791933-6792182_binding_301,2,0.8872583508491516
WRKY_1:6791933-6792182_binding_380,2,0.8807462453842163
WRKY_1:6791933-6792182_binding_466,2,0.8877203464508057
WRKY_1:6791933-6792182_binding_7,2,0.8892472386360168
WRKY_1:6791933-6792182_non_binding_1388,2,0.8855618238449097
WRKY_1:6791933-6792182_reference_binding_1886,2,0.8845998644828796
WRKY_1:6914327-6914576_non_binding_1826,2,0.9002172350883484
WRKY_1:6914327-6914576_non_binding_816,2,0.8984665274620056
WRKY_1:6914327-6914576_non_binding_935,2,0.8986603021621704
WRKY_1:6914327-6914576_reference_binding_2176,2,0.8980789184570312
WRKY_1:7050399-7050648_binding_1123,2,0.8789113759994507
WRKY_1:7050399-7050648_reference_binding_2271,2,0.8828881978988647
WRKY_1:706670-706919_binding_98,2,0.883776843547821
WRKY_1:706670-706919_non_binding_949,2,0.8805536031723022
WRKY_1:706670-706919_reference_binding_1928,2,0.8769958019256592
WRKY_1:7083177-7083426_non_binding_1430,2,0.9086388349533081
WRKY_1:7083177-7083426_reference_binding_2291,2,0.9098994731903076
WRKY_1:7106704-7106953_non_binding_1750,2,0.8998153805732727
WRKY_1:7106704-7106953_non_binding_1800,2,0.8944421410560608
WRKY_1:7106704-7106953_non_binding_1813,2,0.8993216753005981
WRKY_1:7106704-7106953_reference_binding_2360,2,0.8923439383506775
WRKY_1:7171123-7171372_binding_1003,2,0.911558985710144
WRKY_1:7171123-7171372_binding_1087,2,0.9162644743919373
WRKY_1:7171123-7171372_binding_1247,2,0.9076589941978455
WRKY_1:7171123-7171372_reference_binding_2252,2,0.911570131778717
WRKY_1:7188402-7188651_non_binding_1616,2,0.9132375717163086
WRKY_1:7188402-7188651_non_binding_799,2,0.9061648845672607
WRKY_1:7188402-7188651_reference_binding_2164,2,0.9105615615844727
WRKY_1:724003-724252_non_binding_1566,2,0.9266859889030457
WRKY_1:724003-724252_reference_binding_2320,2,0.9259009957313538
WRKY_1:7261084-7261333_non_binding_1641,2,0.9178973436355591
WRKY_1:7261084-7261333_non_binding_1683,2,0.917194664478302
WRKY_1:7261084-7261333_non_binding_574,2,0.9173256158828735
WRKY_1:7375596-7375845_non_binding_1649,2,0.9001110196113586
WRKY_1:7375596-7375845_non_binding_1654,2,0.9057535529136658
WRKY_1:7375596-7375845_non_binding_1691,2,0.904620885848999
WRKY_1:7375596-7375845_non_binding_1756,2,0.9047409296035767
WRKY_1:7375596-7375845_non_binding_852,2,0.9066190123558044
WRKY_1:7375596-7375845_reference_binding_2194,2,0.9014590382575989
WRKY_1:7392926-7393175_non_binding_1588,2,0.9131454825401306
WRKY_1:7392926-7393175_non_binding_1666,2,0.904295802116394
WRKY_1:7392926-7393175_non_binding_1804,2,0.9022765159606934
WRKY_1:7392926-7393175_non_binding_1836,2,0.9008023738861084
WRKY_1:7392926-7393175_reference_binding_2322,2,0.9157109260559082
WRKY_1:7448351-7448600_binding_1109,2,0.8275924324989319
WRKY_1:7448351-7448600_binding_253,2,0.8730040192604065
WRKY_1:7448351-7448600_non_binding_1662,2,0.8796639442443848
WRKY_1:7448351-7448600_non_binding_1671,2,0.8801530599594116
WRKY_1:7448351-7448600_reference_binding_1947,2,0.8358773589134216
WRKY_1:7491189-7491438_non_binding_1492,2,0.9240952730178833
WRKY_1:7491189-7491438_non_binding_1570,2,0.922294020652771
WRKY_1:7491189-7491438_non_binding_1693,2,0.9323373436927795
WRKY_1:7491189-7491438_non_binding_636,2,0.9231889247894287
WRKY_1:7491189-7491438_non_binding_645,2,0.9234751462936401
WRKY_1:7491189-7491438_non_binding_809,2,0.9241464734077454
WRKY_1:7491189-7491438_reference_binding_2062,2,0.9233847856521606
WRKY_1:7508589-7508838_binding_1154,2,0.9127291440963745
WRKY_1:7508589-7508838_binding_1213,2,0.9117637872695923
WRKY_1:7508589-7508838_binding_1268,2,0.909007728099823
WRKY_1:7508589-7508838_binding_1315,2,0.9123613238334656
WRKY_1:7508589-7508838_binding_1336,2,0.9085400104522705
WRKY_1:7508589-7508838_non_binding_1502,2,0.9147125482559204
WRKY_1:7508589-7508838_non_binding_1552,2,0.907673716545105
WRKY_1:7508589-7508838_non_binding_1556,2,0.9135452508926392
WRKY_1:7508589-7508838_non_binding_1597,2,0.9131630659103394
WRKY_1:7508589-7508838_non_binding_792,2,0.916581928730011
WRKY_1:7508589-7508838_non_binding_960,2,0.9142672419548035
WRKY_1:7508589-7508838_non_binding_970,2,0.9045990705490112
WRKY_1:7508589-7508838_reference_binding_2160,2,0.9134964346885681
WRKY_1:7529158-7529407_non_binding_1665,2,0.8930647969245911
WRKY_1:7529158-7529407_non_binding_811,2,0.8904851078987122
WRKY_1:7529158-7529407_reference_binding_2172,2,0.8846210837364197
WRKY_1:7553229-7553478_non_binding_1760,2,0.9162849187850952
WRKY_1:7553229-7553478_non_binding_1801,2,0.9188159108161926
WRKY_1:7553229-7553478_non_binding_1878,2,0.9169020652770996
WRKY_1:7553229-7553478_non_binding_1879,2,0.9108539819717407
WRKY_1:7553229-7553478_reference_binding_2361,2,0.9167189598083496
WRKY_1:7627766-7628015_non_binding_1423,2,0.864550769329071
WRKY_1:7627766-7628015_reference_binding_2290,2,0.8738763928413391
WRKY_1:7661304-7661553_binding_127,2,0.8969830870628357
WRKY_1:7661304-7661553_binding_1275,2,0.8977736234664917
WRKY_1:7661304-7661553_binding_1301,2,0.8979306221008301
WRKY_1:7661304-7661553_binding_298,2,0.8963163495063782
WRKY_1:7661304-7661553_binding_303,2,0.8961474895477295
WRKY_1:7661304-7661553_binding_308,2,0.8929750919342041
WRKY_1:7661304-7661553_binding_352,2,0.899944543838501
WRKY_1:7661304-7661553_binding_87,2,0.8966514468193054
WRKY_1:7661304-7661553_non_binding_1427,2,0.9020375609397888
WRKY_1:7661304-7661553_non_binding_1465,2,0.8986831307411194
WRKY_1:7661304-7661553_non_binding_1537,2,0.8997296094894409
WRKY_1:7661304-7661553_non_binding_1554,2,0.9042892456054688
WRKY_1:7661304-7661553_non_binding_1589,2,0.8951788544654846
WRKY_1:7661304-7661553_non_binding_1608,2,0.9062671661376953
WRKY_1:7661304-7661553_non_binding_502,2,0.8883675336837769
WRKY_1:7661304-7661553_reference_binding_1925,2,0.8968170285224915
WRKY_1:7813734-7813983_non_binding_932,2,0.9126039743423462
WRKY_1:7813734-7813983_non_binding_991,2,0.9100536704063416
WRKY_1:7813734-7813983_reference_binding_2227,2,0.9118763208389282
WRKY_1:7861658-7861907_non_binding_943,2,0.8204559683799744
WRKY_1:7861658-7861907_reference_binding_2231,2,0.8147971034049988
WRKY_1:7897705-7897954_non_binding_1697,2,0.9231013655662537
WRKY_1:7897705-7897954_reference_binding_2349,2,0.9202306270599365
WRKY_1:7910420-7910669_non_binding_1394,2,0.8969609141349792
WRKY_1:7910420-7910669_non_binding_563,2,0.8914654850959778
WRKY_1:7910420-7910669_non_binding_665,2,0.891333818435669
WRKY_1:7910420-7910669_reference_binding_2007,2,0.8925289511680603
WRKY_1:8024095-8024344_non_binding_1478,2,0.9147176146507263
WRKY_1:8024095-8024344_non_binding_1640,2,0.9179857969284058
WRKY_1:8024095-8024344_non_binding_1646,2,0.9212105870246887
WRKY_1:8024095-8024344_non_binding_1783,2,0.9179590344429016
WRKY_1:8024095-8024344_non_binding_1817,2,0.9203581213951111
WRKY_1:8024095-8024344_reference_binding_2302,2,0.9206693768501282
WRKY_1:8049090-8049339_binding_1069,2,0.8796425461769104
WRKY_1:8049090-8049339_reference_binding_2261,2,0.8786088228225708
WRKY_1:8073307-8073556_non_binding_1740,2,0.8482307195663452
WRKY_1:8073307-8073556_non_binding_576,2,0.8447574377059937
WRKY_1:8073307-8073556_non_binding_716,2,0.8527547717094421
WRKY_1:8073307-8073556_reference_binding_2019,2,0.8513365983963013
WRKY_1:8212035-8212284_binding_1243,2,0.8877683281898499
WRKY_1:8212035-8212284_non_binding_926,2,0.8875524997711182
WRKY_1:8212035-8212284_reference_binding_2224,2,0.8900415897369385
WRKY_1:8212578-8212827_binding_1067,2,0.8828719854354858
WRKY_1:8212578-8212827_binding_1085,2,0.8862720131874084
WRKY_1:8212578-8212827_binding_1181,2,0.8843863606452942
WRKY_1:8212578-8212827_binding_1184,2,0.8791048526763916
WRKY_1:8212578-8212827_binding_1229,2,0.8883854746818542
WRKY_1:8212578-8212827_binding_1252,2,0.8840269446372986
WRKY_1:8212578-8212827_binding_1356,2,0.8829973936080933
WRKY_1:8212578-8212827_binding_171,2,0.8708673119544983
WRKY_1:8212578-8212827_binding_268,2,0.8874542117118835
WRKY_1:8212578-8212827_binding_334,2,0.8695557713508606
WRKY_1:8212578-8212827_binding_42,2,0.8740465641021729
WRKY_1:8212578-8212827_binding_433,2,0.8759580254554749
WRKY_1:8220945-8221194_non_binding_884,2,0.8722940683364868
WRKY_1:8220945-8221194_reference_binding_2210,2,0.8727802634239197
WRKY_1:8260304-8260553_non_binding_1639,2,0.900301456451416
WRKY_1:8260304-8260553_reference_binding_1987,2,0.8878974318504333
WRKY_1:8354504-8354753_non_binding_1420,2,0.8922187685966492
WRKY_1:8354504-8354753_non_binding_775,2,0.8935161828994751
WRKY_1:8354504-8354753_reference_binding_2152,2,0.8906675577163696
WRKY_1:8360342-8360591_non_binding_661,2,0.9071274399757385
WRKY_1:8360342-8360591_reference_binding_2080,2,0.9052814245223999
WRKY_1:8368541-8368790_non_binding_1385,2,0.8762460947036743
WRKY_1:8368541-8368790_non_binding_1517,2,0.877371072769165
WRKY_1:8368541-8368790_non_binding_1582,2,0.8758600354194641
WRKY_1:8368541-8368790_non_binding_1600,2,0.8736709356307983
WRKY_1:8368541-8368790_non_binding_872,2,0.8724879622459412
WRKY_1:8368541-8368790_reference_binding_2205,2,0.875222384929657
WRKY_1:8514806-8515055_non_binding_1535,2,0.8855476379394531
WRKY_1:8514806-8515055_non_binding_1833,2,0.8962562680244446
WRKY_1:8514806-8515055_non_binding_606,2,0.8840952515602112
WRKY_1:8514806-8515055_reference_binding_2042,2,0.8840196132659912
WRKY_1:8537256-8537505_binding_1168,2,0.8913973569869995
WRKY_1:8537256-8537505_binding_166,2,0.8816217184066772
WRKY_1:8537256-8537505_binding_197,2,0.8840194344520569
WRKY_1:8537256-8537505_binding_257,2,0.8815913200378418
WRKY_1:8537256-8537505_binding_41,2,0.8896318674087524
WRKY_1:8537256-8537505_non_binding_983,2,0.8877422213554382
WRKY_1:8537256-8537505_reference_binding_1906,2,0.8939573168754578
WRKY_1:855782-856031_binding_10,2,0.9387681484222412
WRKY_1:855782-856031_binding_1009,2,0.9421297311782837
WRKY_1:855782-856031_binding_1014,2,0.9406282901763916
WRKY_1:855782-856031_binding_1158,2,0.940135657787323
WRKY_1:855782-856031_binding_1175,2,0.9395471811294556
WRKY_1:855782-856031_binding_1262,2,0.9414172768592834
WRKY_1:855782-856031_binding_1307,2,0.9429954290390015
WRKY_1:855782-856031_binding_1347,2,0.9398203492164612
WRKY_1:855782-856031_binding_1350,2,0.9415677785873413
WRKY_1:855782-856031_binding_1353,2,0.9438014030456543
WRKY_1:855782-856031_binding_291,2,0.9411109089851379
WRKY_1:855782-856031_non_binding_583,2,0.943428635597229
WRKY_1:855782-856031_non_binding_920,2,0.9437503218650818
WRKY_1:855782-856031_reference_binding_1889,2,0.9419388175010681
WRKY_1:8585800-8586049_non_binding_988,2,0.8737964034080505
WRKY_1:8585800-8586049_reference_binding_2250,2,0.8793060183525085
WRKY_1:8686138-8686387_non_binding_1586,2,0.9165135622024536
WRKY_1:8686138-8686387_non_binding_621,2,0.9180339574813843
WRKY_1:8686138-8686387_non_binding_909,2,0.9054563045501709
WRKY_1:8686138-8686387_reference_binding_2053,2,0.9146042466163635
WRKY_1:8747405-8747654_binding_105,2,0.8766468167304993
WRKY_1:8747405-8747654_binding_231,2,0.8845298290252686
WRKY_1:8747405-8747654_binding_336,2,0.8840407133102417
WRKY_1:8747405-8747654_binding_367,2,0.8815053105354309
WRKY_1:8747405-8747654_binding_85,2,0.8826271295547485
WRKY_1:8747405-8747654_non_binding_620,2,0.8828632235527039
WRKY_1:8747405-8747654_reference_binding_1924,2,0.8823708295822144
WRKY_1:8773118-8773367_non_binding_798,2,0.9222107529640198
WRKY_1:8787497-8787746_non_binding_656,2,0.9269145131111145
WRKY_1:8787497-8787746_non_binding_870,2,0.9228532910346985
WRKY_1:8787497-8787746_non_binding_963,2,0.9257679581642151
WRKY_1:8787497-8787746_reference_binding_2076,2,0.9282190203666687
WRKY_1:880343-880592_non_binding_553,2,0.8927028775215149
WRKY_1:880343-880592_non_binding_758,2,0.8778451085090637
WRKY_1:880343-880592_non_binding_879,2,0.8914722204208374
WRKY_1:880343-880592_reference_binding_2000,2,0.8822636604309082
WRKY_1:8824404-8824653_non_binding_1877,2,0.9190310835838318
WRKY_1:8846538-8846787_non_binding_1592,2,0.9333975911140442
WRKY_1:8846538-8846787_non_binding_1619,2,0.9324275255203247
WRKY_1:8846538-8846787_non_binding_562,2,0.9318357706069946
WRKY_1:8846538-8846787_reference_binding_2006,2,0.9327471256256104
WRKY_1:8863563-8863812_non_binding_1638,2,0.9020578861236572
WRKY_1:8863563-8863812_non_binding_613,2,0.907267153263092
WRKY_1:8863563-8863812_reference_binding_2047,2,0.9092682600021362
WRKY_1:8864269-8864518_non_binding_1418,2,0.8756653666496277
WRKY_1:8864269-8864518_non_binding_648,2,0.8750702738761902
WRKY_1:8864269-8864518_reference_binding_2071,2,0.8758867383003235
WRKY_1:9027722-9027971_non_binding_1456,2,0.8930723071098328
WRKY_1:9027722-9027971_reference_binding_2299,2,0.8882249593734741
WRKY_1:903958-904207_binding_1011,2,0.9391690492630005
WRKY_1:903958-904207_binding_1317,2,0.9364966154098511
WRKY_1:903958-904207_non_binding_1529,2,0.93864506483078
WRKY_1:903958-904207_non_binding_1555,2,0.9399069547653198
WRKY_1:903958-904207_non_binding_819,2,0.9386290907859802
WRKY_1:903958-904207_non_binding_898,2,0.9395110607147217
WRKY_1:903958-904207_reference_binding_2177,2,0.9396494626998901
WRKY_1:9127761-9128010_non_binding_518,2,0.8666592240333557
WRKY_1:9127761-9128010_non_binding_999,2,0.8511241674423218
WRKY_1:9127761-9128010_reference_binding_1971,2,0.8714767098426819
WRKY_1:9209492-9209741_non_binding_1656,2,0.9139347076416016
WRKY_1:9209492-9209741_reference_binding_2336,2,0.8965495228767395
WRKY_1:9320986-9321235_binding_1164,2,0.8711277842521667
WRKY_1:9320986-9321235_non_binding_1778,2,0.8828496932983398
WRKY_1:9320986-9321235_non_binding_584,2,0.8823540210723877
WRKY_1:9320986-9321235_reference_binding_2025,2,0.8810003399848938
WRKY_1:9394782-9395031_non_binding_1700,2,0.9012148976325989
WRKY_1:9394782-9395031_non_binding_1853,2,0.9016298055648804
WRKY_1:9394782-9395031_non_binding_1854,2,0.8938295245170593
WRKY_1:9394782-9395031_non_binding_789,2,0.8861539959907532
WRKY_1:9394782-9395031_reference_binding_2157,2,0.8840379118919373
WRKY_1:9434202-9434451_non_binding_1696,2,0.920388400554657
WRKY_1:9434202-9434451_non_binding_712,2,0.9242720603942871
WRKY_1:9434202-9434451_reference_binding_2116,2,0.9230284690856934
WRKY_1:9481162-9481411_non_binding_1746,2,0.9200693368911743
WRKY_1:9481162-9481411_non_binding_815,2,0.9275601506233215
WRKY_1:9481162-9481411_reference_binding_2175,2,0.924140453338623
WRKY_1:9516577-9516826_non_binding_1724,2,0.8689706921577454
WRKY_1:9516577-9516826_reference_binding_2353,2,0.8615276217460632
WRKY_1:9544169-9544418_non_binding_585,2,0.8645263314247131
WRKY_1:9544169-9544418_reference_binding_2026,2,0.8689159750938416
WRKY_1:9608800-9609049_binding_121,2,0.8817108869552612
WRKY_1:9608800-9609049_non_binding_624,2,0.8968586325645447
WRKY_1:9608800-9609049_reference_binding_1933,2,0.8890409469604492
WRKY_1:9610929-9611178_non_binding_1449,2,0.9334483742713928
WRKY_1:9610929-9611178_reference_binding_2295,2,0.9304714798927307
WRKY_1:9698945-9699194_binding_1127,2,0.8530863523483276
WRKY_1:9698945-9699194_reference_binding_2272,2,0.8556947708129883
WRKY_1:9701045-9701294_non_binding_1533,2,0.9058098793029785
WRKY_1:9701045-9701294_reference_binding_2313,2,0.9058743119239807
WRKY_1:9775064-9775313_binding_1144,2,0.9107571244239807
WRKY_1:9775064-9775313_non_binding_1695,2,0.9086920619010925
WRKY_1:9775064-9775313_non_binding_791,2,0.9139353036880493
WRKY_1:9775064-9775313_non_binding_938,2,0.9111767411231995
WRKY_1:9775064-9775313_reference_binding_2159,2,0.9077478647232056
WRKY_1:9871146-9871395_binding_118,2,0.9024013876914978
WRKY_1:9871146-9871395_binding_140,2,0.9039308428764343
WRKY_1:9871146-9871395_binding_145,2,0.9022212624549866
WRKY_1:9871146-9871395_binding_195,2,0.8999444842338562
WRKY_1:9871146-9871395_binding_237,2,0.9034770727157593
WRKY_1:9871146-9871395_binding_281,2,0.9007530808448792
WRKY_1:9871146-9871395_binding_322,2,0.9022128582000732
WRKY_1:9871146-9871395_binding_430,2,0.8937720656394958
WRKY_1:9871146-9871395_binding_61,2,0.9018248915672302
WRKY_1:9871146-9871395_non_binding_1443,2,0.9058841466903687
WRKY_1:9871146-9871395_non_binding_623,2,0.9041701555252075
WRKY_1:9871146-9871395_non_binding_779,2,0.9009553790092468
WRKY_1:9871146-9871395_reference_binding_1916,2,0.90629643201828
WRKY_1:9884620-9884869_reference_binding_2030,2,0.9078519344329834
WRKY_1:992691-992940_non_binding_1850,2,0.8158511519432068
WRKY_1:992691-992940_reference_binding_2374,2,0.8159714937210083
WRKY_1:9939573-9939822_non_binding_1446,2,0.9168660640716553
WRKY_1:9939573-9939822_non_binding_1522,2,0.9148484468460083
WRKY_1:9939573-9939822_non_binding_1561,2,0.9125203490257263
WRKY_1:9939573-9939822_non_binding_1849,2,0.9249535202980042
WRKY_1:9939573-9939822_reference_binding_2294,2,0.9132314920425415
bHLH_1:10012805-10013054_non_binding_1665,2,0.8518674373626709
bHLH_1:10012805-10013054_reference_binding_2876,2,0.8578966856002808
bHLH_1:10030927-10031176_non_binding_503,2,0.8753907680511475
bHLH_1:10030927-10031176_reference_binding_2336,2,0.8726573586463928
bHLH_1:10056180-10056429_binding_1025,2,0.8944404721260071
bHLH_1:10056180-10056429_reference_binding_2693,2,0.8956933617591858
bHLH_1:10077520-10077769_reference_binding_2371,2,0.9250527620315552
bHLH_1:10081845-10082094_binding_261,2,0.8703086972236633
bHLH_1:10081845-10082094_binding_88,2,0.8776922821998596
bHLH_1:10081845-10082094_reference_binding_2083,2,0.8908888101577759
bHLH_1:10147517-10147766_non_binding_1659,2,0.8778262138366699
bHLH_1:10147517-10147766_non_binding_1893,2,0.8802739977836609
bHLH_1:10147517-10147766_non_binding_1978,2,0.8742753863334656
bHLH_1:10147517-10147766_reference_binding_2872,2,0.8774254322052002
bHLH_1:10166476-10166725_binding_1257,2,0.8996803760528564
bHLH_1:10166476-10166725_binding_1354,2,0.9032092690467834
bHLH_1:10166476-10166725_binding_1427,2,0.9000242352485657
bHLH_1:10166476-10166725_reference_binding_2754,2,0.9062383770942688
bHLH_1:10253524-10253773_binding_1145,2,0.8948420286178589
bHLH_1:10253524-10253773_reference_binding_2735,2,0.9049609899520874
bHLH_1:10256536-10256785_non_binding_1706,2,0.8668586611747742
bHLH_1:10256536-10256785_non_binding_547,2,0.8618804812431335
bHLH_1:10256536-10256785_reference_binding_2380,2,0.8605552911758423
bHLH_1:10313276-10313525_non_binding_705,2,0.9158563613891602
bHLH_1:10313276-10313525_reference_binding_2507,2,0.9197356104850769
bHLH_1:10373353-10373602_binding_42,2,0.8834369778633118
bHLH_1:10373353-10373602_reference_binding_2040,2,0.8640375137329102
bHLH_1:10376388-10376637_binding_1092,2,0.891727864742279
bHLH_1:10376388-10376637_binding_1372,2,0.8991297483444214
bHLH_1:10376388-10376637_reference_binding_2717,2,0.8937445878982544
bHLH_1:10378285-10378534_binding_1004,2,0.8592048287391663
bHLH_1:10378285-10378534_binding_146,2,0.8551087975502014
bHLH_1:10378285-10378534_binding_275,2,0.860499918460846
bHLH_1:10378285-10378534_reference_binding_2129,2,0.8443503379821777
bHLH_1:10433339-10433588_non_binding_856,2,0.9183367490768433
bHLH_1:10433339-10433588_reference_binding_2607,2,0.9187142848968506
bHLH_1:10470540-10470789_binding_1032,2,0.8104376196861267
bHLH_1:10470540-10470789_binding_1150,2,0.8155454993247986
bHLH_1:10470540-10470789_non_binding_976,2,0.8153455853462219
bHLH_1:10470540-10470789_reference_binding_2674,2,0.8196221590042114
bHLH_1:10691727-10691976_non_binding_1840,2,0.932115912437439
bHLH_1:10691727-10691976_reference_binding_2950,2,0.9328947067260742
bHLH_1:10758673-10758922_binding_1376,2,0.8609570860862732
bHLH_1:10758673-10758922_binding_1378,2,0.8653417825698853
bHLH_1:10758673-10758922_non_binding_1561,2,0.8722773194313049
bHLH_1:10758673-10758922_non_binding_883,2,0.8625287413597107
bHLH_1:10758673-10758922_reference_binding_2628,2,0.8741645812988281
bHLH_1:10772849-10773098_non_binding_1651,2,0.928767204284668
bHLH_1:10772849-10773098_non_binding_1890,2,0.933563768863678
bHLH_1:10772849-10773098_reference_binding_2869,2,0.9304026961326599
bHLH_1:10794099-10794348_binding_1242,2,0.9384207129478455
bHLH_1:10794099-10794348_binding_1304,2,0.9380838871002197
bHLH_1:10794099-10794348_binding_1343,2,0.9389804005622864
bHLH_1:10794099-10794348_reference_binding_2750,2,0.9403197169303894
bHLH_1:10837504-10837753_non_binding_1621,2,0.9108558297157288
bHLH_1:10837504-10837753_non_binding_1994,2,0.918770968914032
bHLH_1:10837504-10837753_non_binding_550,2,0.9119194149971008
bHLH_1:10837504-10837753_non_binding_622,2,0.915874183177948
bHLH_1:10837504-10837753_non_binding_713,2,0.9106575846672058
bHLH_1:10837504-10837753_reference_binding_2382,2,0.9127836227416992
bHLH_1:1084515-1084764_binding_1070,2,0.8019159436225891
bHLH_1:1084515-1084764_reference_binding_2709,2,0.7921276688575745
bHLH_1:10884252-10884501_binding_1281,2,0.9080020785331726
bHLH_1:10884252-10884501_binding_1290,2,0.9099622964859009
bHLH_1:10884252-10884501_reference_binding_2763,2,0.9176055192947388
bHLH_1:10897320-10897569_binding_293,2,0.9425628185272217
bHLH_1:10897320-10897569_reference_binding_2221,2,0.9444174766540527
bHLH_1:10902166-10902415_non_binding_708,2,0.9057139158248901
bHLH_1:10902166-10902415_reference_binding_2510,2,0.9019121527671814
bHLH_1:10935169-10935418_binding_279,2,0.8964495062828064
bHLH_1:10935169-10935418_binding_426,2,0.8946717977523804
bHLH_1:10935169-10935418_reference_binding_2211,2,0.8930329084396362
bHLH_1:1095777-1096026_binding_1213,2,0.9044240713119507
bHLH_1:1095777-1096026_binding_1345,2,0.9072134494781494
bHLH_1:1095777-1096026_binding_1391,2,0.9056114554405212
bHLH_1:1095777-1096026_binding_1456,2,0.9076840281486511
bHLH_1:1095777-1096026_binding_288,2,0.9084789156913757
bHLH_1:1095777-1096026_reference_binding_2217,2,0.9103597402572632
bHLH_1:11028154-11028403_non_binding_1860,2,0.933054506778717
bHLH_1:11028154-11028403_reference_binding_2956,2,0.9417532086372375
bHLH_1:11037062-11037311_binding_101,2,0.8481495380401611
bHLH_1:11037062-11037311_binding_1477,2,0.8240068554878235
bHLH_1:11037062-11037311_reference_binding_2093,2,0.8349592685699463
bHLH_1:1104306-1104555_non_binding_1793,2,0.9310300946235657
bHLH_1:1104306-1104555_non_binding_539,2,0.9151690006256104
bHLH_1:1104306-1104555_reference_binding_2372,2,0.9191433787345886
bHLH_1:11064615-11064864_binding_43,2,0.8697933554649353
bHLH_1:11064615-11064864_non_binding_1640,2,0.8851941823959351
bHLH_1:11064615-11064864_reference_binding_2041,2,0.8841249942779541
bHLH_1:11163834-11164083_non_binding_1789,2,0.8769754767417908
bHLH_1:11163834-11164083_non_binding_1855,2,0.8770392537117004
bHLH_1:11163834-11164083_non_binding_1934,2,0.8747822046279907
bHLH_1:11163834-11164083_non_binding_1970,2,0.8714739680290222
bHLH_1:11163834-11164083_reference_binding_2926,2,0.8462865352630615
bHLH_1:11210365-11210614_binding_336,2,0.9051700234413147
bHLH_1:11210365-11210614_binding_99,2,0.8972371816635132
bHLH_1:11210365-11210614_reference_binding_2091,2,0.9055407047271729
bHLH_1:11251822-11252071_non_binding_1734,2,0.8917436599731445
bHLH_1:11251822-11252071_reference_binding_2902,2,0.8957390189170837
bHLH_1:11252788-11253037_binding_477,2,0.9073963165283203
bHLH_1:11252788-11253037_reference_binding_2322,2,0.9004904627799988
bHLH_1:11308607-11308856_binding_1191,2,0.8701589107513428
bHLH_1:11308607-11308856_binding_1450,2,0.8662786483764648
bHLH_1:11308607-11308856_reference_binding_2744,2,0.8668471574783325
bHLH_1:11309294-11309543_non_binding_1688,2,0.9140527844429016
bHLH_1:11309294-11309543_reference_binding_2885,2,0.913398265838623
bHLH_1:11370737-11370986_binding_424,2,0.9003386497497559
bHLH_1:11370737-11370986_binding_67,2,0.8802869915962219
bHLH_1:11370737-11370986_reference_binding_2063,2,0.8987154960632324
bHLH_1:11371022-11371271_non_binding_1509,2,0.916841447353363
bHLH_1:11371022-11371271_non_binding_1577,2,0.9224496483802795
bHLH_1:11371022-11371271_non_binding_1681,2,0.9208312630653381
bHLH_1:11371022-11371271_non_binding_548,2,0.9228907823562622
bHLH_1:11371022-11371271_reference_binding_2381,2,0.9215660691261292
bHLH_1:11509277-11509526_non_binding_1519,2,0.7985873818397522
bHLH_1:11509277-11509526_non_binding_906,2,0.7958416938781738
bHLH_1:11509277-11509526_reference_binding_2644,2,0.7960918545722961
bHLH_1:11577568-11577817_binding_1053,2,0.8254508972167969
bHLH_1:11577568-11577817_binding_1201,2,0.8263831734657288
bHLH_1:11577568-11577817_binding_1364,2,0.8262389302253723
bHLH_1:11577568-11577817_reference_binding_2704,2,0.8257107138633728
bHLH_1:11581474-11581723_non_binding_1656,2,0.898535430431366
bHLH_1:11581474-11581723_reference_binding_2871,2,0.8992390632629395
bHLH_1:11622949-11623198_binding_1287,2,0.924566924571991
bHLH_1:11622949-11623198_reference_binding_2765,2,0.9265643358230591
bHLH_1:11653321-11653570_binding_1125,2,0.9087711572647095
bHLH_1:11653321-11653570_binding_1233,2,0.9021457433700562
bHLH_1:11653321-11653570_binding_1327,2,0.9003978967666626
bHLH_1:11653321-11653570_non_binding_848,2,0.9134848117828369
bHLH_1:11653321-11653570_non_binding_895,2,0.9030851721763611
bHLH_1:11653321-11653570_non_binding_961,2,0.9121365547180176
bHLH_1:11653321-11653570_non_binding_994,2,0.9024897217750549
bHLH_1:11653321-11653570_reference_binding_2602,2,0.9075469970703125
bHLH_1:11667930-11668179_non_binding_1795,2,0.8861013054847717
bHLH_1:11667930-11668179_non_binding_897,2,0.8702210783958435
bHLH_1:11667930-11668179_reference_binding_2637,2,0.882148265838623
bHLH_1:11697519-11697768_binding_1348,2,0.9093438386917114
bHLH_1:11697519-11697768_binding_324,2,0.9098982214927673
bHLH_1:11697519-11697768_binding_332,2,0.9164316058158875
bHLH_1:11697519-11697768_binding_47,2,0.9167025089263916
bHLH_1:11697519-11697768_reference_binding_2044,2,0.9113480448722839
bHLH_1:11781148-11781397_binding_1017,2,0.8643194437026978
bHLH_1:11781148-11781397_reference_binding_2690,2,0.8662644028663635
bHLH_1:11902422-11902671_non_binding_1660,2,0.8246152400970459
bHLH_1:11902422-11902671_reference_binding_2873,2,0.8293821215629578
bHLH_1:11927732-11927981_non_binding_1702,2,0.9308545589447021
bHLH_1:11927732-11927981_reference_binding_2888,2,0.928945779800415
bHLH_1:12036125-12036374_binding_1052,2,0.9300885200500488
bHLH_1:12036125-12036374_binding_1286,2,0.9282811880111694
bHLH_1:12036125-12036374_binding_358,2,0.9168776869773865
bHLH_1:12036125-12036374_reference_binding_2257,2,0.9361189603805542
bHLH_1:1206058-1206307_non_binding_624,2,0.8993630409240723
bHLH_1:1206058-1206307_reference_binding_2442,2,0.9023517370223999
bHLH_1:12071771-12072020_binding_296,2,0.9264624714851379
bHLH_1:12071771-12072020_non_binding_1516,2,0.926936686038971
bHLH_1:12071771-12072020_non_binding_641,2,0.918363094329834
bHLH_1:12071771-12072020_reference_binding_2224,2,0.9263520240783691
bHLH_1:12100233-12100482_non_binding_1549,2,0.817525327205658
bHLH_1:12100233-12100482_non_binding_1675,2,0.8253535628318787
bHLH_1:12100233-12100482_reference_binding_2821,2,0.8211546540260315
bHLH_1:12104963-12105212_non_binding_639,2,0.8619975447654724
bHLH_1:12124505-12124754_non_binding_679,2,0.8675967454910278
bHLH_1:12124505-12124754_reference_binding_2486,2,0.8816629648208618
bHLH_1:12146012-12146261_non_binding_722,2,0.9140703082084656
bHLH_1:12146012-12146261_reference_binding_2520,2,0.9173117876052856
bHLH_1:12149007-12149256_non_binding_1693,2,0.883049488067627
bHLH_1:12149007-12149256_non_binding_748,2,0.8755264282226562
bHLH_1:12149007-12149256_reference_binding_2538,2,0.8796845078468323
bHLH_1:12189120-12189369_non_binding_1574,2,0.8710592985153198
bHLH_1:12189120-12189369_reference_binding_2823,2,0.8793726563453674
bHLH_1:12201578-12201827_non_binding_1515,2,0.9072736501693726
bHLH_1:12201578-12201827_non_binding_1557,2,0.9104676842689514
bHLH_1:12201578-12201827_non_binding_706,2,0.9132749438285828
bHLH_1:12201578-12201827_non_binding_774,2,0.9048072695732117
bHLH_1:12201578-12201827_reference_binding_2508,2,0.9116157293319702
bHLH_1:12207126-12207375_binding_450,2,0.9042525887489319
bHLH_1:12207126-12207375_reference_binding_2307,2,0.8833260536193848
bHLH_1:12238888-12239137_binding_1333,2,0.923460066318512
bHLH_1:12238888-12239137_reference_binding_2776,2,0.9264593720436096
bHLH_1:12278333-12278582_non_binding_1539,2,0.8966458439826965
bHLH_1:12278333-12278582_non_binding_1639,2,0.8970904350280762
bHLH_1:12278333-12278582_non_binding_863,2,0.8722200393676758
bHLH_1:12278333-12278582_reference_binding_2612,2,0.8957836627960205
bHLH_1:12299243-12299492_binding_488,2,0.8653604388237
bHLH_1:12299243-12299492_reference_binding_2327,2,0.8771764039993286
bHLH_1:12313186-12313435_binding_1091,2,0.9123626947402954
bHLH_1:12313186-12313435_reference_binding_2716,2,0.9077350497245789
bHLH_1:1233568-1233817_non_binding_1511,2,0.9187791347503662
bHLH_1:1233568-1233817_reference_binding_2799,2,0.9157732129096985
bHLH_1:12358900-12359149_binding_1066,2,0.8918778300285339
bHLH_1:12358900-12359149_binding_1126,2,0.8872852325439453
bHLH_1:12358900-12359149_reference_binding_2707,2,0.8918697834014893
bHLH_1:12377129-12377378_non_binding_646,2,0.8945310115814209
bHLH_1:12377129-12377378_reference_binding_2460,2,0.8954070806503296
bHLH_1:12378359-12378608_binding_1057,2,0.9132575392723083
bHLH_1:12378359-12378608_binding_347,2,0.9100001454353333
bHLH_1:12378359-12378608_binding_356,2,0.9170699715614319
bHLH_1:12378359-12378608_reference_binding_2251,2,0.9134214520454407
bHLH_1:124232-124481_binding_38,2,0.9426612854003906
bHLH_1:124232-124481_reference_binding_2037,2,0.9434449672698975
bHLH_1:12468994-12469243_non_binding_532,2,0.8965892195701599
bHLH_1:12468994-12469243_reference_binding_2365,2,0.9020255208015442
bHLH_1:12470640-12470889_non_binding_870,2,0.8847346305847168
bHLH_1:12470640-12470889_non_binding_925,2,0.8880482316017151
bHLH_1:12571914-12572163_binding_1012,2,0.8667899966239929
bHLH_1:12571914-12572163_binding_1249,2,0.8711163401603699
bHLH_1:12571914-12572163_reference_binding_2688,2,0.8636506795883179
bHLH_1:12576356-12576605_binding_1168,2,0.9101371765136719
bHLH_1:12576356-12576605_binding_170,2,0.9201685786247253
bHLH_1:12576356-12576605_reference_binding_2148,2,0.9132011532783508
bHLH_1:12596299-12596548_non_binding_1743,2,0.8684689998626709
bHLH_1:12596299-12596548_non_binding_888,2,0.8647111654281616
bHLH_1:12596299-12596548_reference_binding_2632,2,0.8624562621116638
bHLH_1:12628701-12628950_non_binding_574,2,0.9197301268577576
bHLH_1:12628701-12628950_non_binding_626,2,0.9228544235229492
bHLH_1:12628701-12628950_reference_binding_2399,2,0.9208155870437622
bHLH_1:12664692-12664941_binding_1026,2,0.8077369928359985
bHLH_1:12664692-12664941_binding_1055,2,0.8100562691688538
bHLH_1:12664692-12664941_binding_1060,2,0.8122549057006836
bHLH_1:12664692-12664941_binding_1110,2,0.8073770999908447
bHLH_1:12664692-12664941_binding_1170,2,0.8025723099708557
bHLH_1:12664692-12664941_binding_1197,2,0.8223879933357239
bHLH_1:12664692-12664941_binding_1401,2,0.8168936371803284
bHLH_1:12664692-12664941_binding_1412,2,0.8046432137489319
bHLH_1:12664692-12664941_binding_1429,2,0.8044342398643494
bHLH_1:12664692-12664941_binding_1496,2,0.8015025854110718
bHLH_1:12664692-12664941_reference_binding_2694,2,0.8048273324966431
bHLH_1:12692476-12692725_binding_74,2,0.9341514706611633
bHLH_1:12692476-12692725_binding_90,2,0.9177648425102234
bHLH_1:12692476-12692725_reference_binding_2070,2,0.9312689304351807
bHLH_1:12711562-12711811_binding_1205,2,0.9335725903511047
bHLH_1:12711562-12711811_binding_1320,2,0.9307550191879272
bHLH_1:12711562-12711811_binding_1417,2,0.9334733486175537
bHLH_1:12711562-12711811_binding_1431,2,0.9315160512924194
bHLH_1:12711562-12711811_reference_binding_2745,2,0.9304638504981995
bHLH_1:12721855-12722104_binding_1293,2,0.8940597176551819
bHLH_1:12721855-12722104_reference_binding_2767,2,0.8959071636199951
bHLH_1:12753714-12753963_non_binding_719,2,0.9209979772567749
bHLH_1:12753714-12753963_reference_binding_2519,2,0.9237226843833923
bHLH_1:12807752-12808001_non_binding_506,2,0.9100177884101868
bHLH_1:12807752-12808001_reference_binding_2339,2,0.9131954908370972
bHLH_1:12811663-12811912_non_binding_1758,2,0.9023634791374207
bHLH_1:12811663-12811912_non_binding_1836,2,0.9102253317832947
bHLH_1:12811663-12811912_reference_binding_2912,2,0.91211998462677
bHLH_1:12826297-12826546_non_binding_560,2,0.9179229736328125
bHLH_1:12826297-12826546_non_binding_990,2,0.915816068649292
bHLH_1:12826297-12826546_reference_binding_2390,2,0.9146664142608643
bHLH_1:1282820-1283069_non_binding_767,2,0.8938443064689636
bHLH_1:1282820-1283069_non_binding_770,2,0.8875330686569214
bHLH_1:1282820-1283069_non_binding_886,2,0.9083253741264343
bHLH_1:1282820-1283069_reference_binding_2553,2,0.90757155418396
bHLH_1:12965701-12965950_non_binding_687,2,0.9075817465782166
bHLH_1:12965701-12965950_reference_binding_2492,2,0.9080019593238831
bHLH_1:12998722-12998971_binding_1090,2,0.8809509873390198
bHLH_1:12998722-12998971_binding_1467,2,0.8819190859794617
bHLH_1:12998722-12998971_binding_194,2,0.8809664845466614
bHLH_1:12998722-12998971_binding_335,2,0.8550395369529724
bHLH_1:12998722-12998971_binding_390,2,0.8691902756690979
bHLH_1:12998722-12998971_reference_binding_2160,2,0.8886315226554871
bHLH_1:13013178-13013427_non_binding_1723,2,0.920378565788269
bHLH_1:13013178-13013427_non_binding_841,2,0.9243065118789673
bHLH_1:13013178-13013427_reference_binding_2596,2,0.9194830656051636
bHLH_1:13020636-13020885_non_binding_1637,2,0.9032636880874634
bHLH_1:13020636-13020885_non_binding_1889,2,0.9069740772247314
bHLH_1:13020636-13020885_reference_binding_2863,2,0.9049991369247437
bHLH_1:13077834-13078083_non_binding_947,2,0.9188480377197266
bHLH_1:13077834-13078083_reference_binding_2665,2,0.9233297109603882
bHLH_1:13113781-13114030_non_binding_1742,2,0.8941729068756104
bHLH_1:13113781-13114030_non_binding_561,2,0.8854331970214844
bHLH_1:13113781-13114030_reference_binding_2391,2,0.8936156034469604
bHLH_1:13173663-13173912_binding_1036,2,0.9191595315933228
bHLH_1:13173663-13173912_binding_339,2,0.9197440147399902
bHLH_1:13173663-13173912_reference_binding_2246,2,0.9186720848083496
bHLH_1:13266256-13266505_binding_103,2,0.9023184776306152
bHLH_1:13266256-13266505_binding_458,2,0.9020962119102478
bHLH_1:13266256-13266505_reference_binding_2095,2,0.886074960231781
bHLH_1:13267400-13267649_binding_368,2,0.8656607270240784
bHLH_1:13267400-13267649_reference_binding_2263,2,0.8613974452018738
bHLH_1:13305950-13306199_binding_1184,2,0.9065139293670654
bHLH_1:13305950-13306199_binding_1192,2,0.9063714742660522
bHLH_1:13305950-13306199_reference_binding_2742,2,0.9114426374435425
bHLH_1:1338443-1338692_non_binding_782,2,0.9100565910339355
bHLH_1:1338443-1338692_reference_binding_2564,2,0.9210221767425537
bHLH_1:13394008-13394257_binding_344,2,0.8765915632247925
bHLH_1:13394008-13394257_reference_binding_2249,2,0.8753113746643066
bHLH_1:13441579-13441828_binding_11,2,0.8951918482780457
bHLH_1:13441579-13441828_binding_480,2,0.8997209668159485
bHLH_1:13441579-13441828_reference_binding_2011,2,0.9054370522499084
bHLH_1:1345566-1345815_non_binding_1623,2,0.8571888208389282
bHLH_1:1345566-1345815_reference_binding_2858,2,0.8514289855957031
bHLH_1:13483806-13484055_binding_1189,2,0.9092766642570496
bHLH_1:13483806-13484055_binding_355,2,0.8993669748306274
bHLH_1:13483806-13484055_reference_binding_2255,2,0.922881543636322
bHLH_1:13511083-13511332_binding_1446,2,0.8216482996940613
bHLH_1:13511083-13511332_reference_binding_2790,2,0.8202791213989258
bHLH_1:13513185-13513434_binding_230,2,0.8189607858657837
bHLH_1:13513185-13513434_binding_496,2,0.8442968726158142
bHLH_1:13513185-13513434_reference_binding_2185,2,0.8006273508071899
bHLH_1:13534917-13535166_binding_161,2,0.8640953302383423
bHLH_1:13534917-13535166_binding_34,2,0.8646956086158752
bHLH_1:13534917-13535166_reference_binding_2033,2,0.877759575843811
bHLH_1:13540878-13541127_binding_190,2,0.8916813731193542
bHLH_1:13540878-13541127_reference_binding_2158,2,0.872227132320404
bHLH_1:1355584-1355833_non_binding_1593,2,0.9101508259773254
bHLH_1:1355584-1355833_non_binding_1941,2,0.9140804409980774
bHLH_1:1355584-1355833_non_binding_1961,2,0.9120041728019714
bHLH_1:1355584-1355833_reference_binding_2843,2,0.9125108122825623
bHLH_1:13631217-13631466_binding_1132,2,0.8456083536148071
bHLH_1:13631217-13631466_binding_1328,2,0.8529145121574402
bHLH_1:13631217-13631466_binding_1486,2,0.8558372855186462
bHLH_1:13631217-13631466_reference_binding_2728,2,0.8519554138183594
bHLH_1:13647566-13647815_non_binding_975,2,0.8893842697143555
bHLH_1:13647566-13647815_reference_binding_2673,2,0.8952884674072266
bHLH_1:13653556-13653805_binding_94,2,0.9061450958251953
bHLH_1:13653556-13653805_reference_binding_2088,2,0.905354917049408
bHLH_1:13662034-13662283_binding_1102,2,0.8308739066123962
bHLH_1:13662034-13662283_binding_396,2,0.8167986273765564
bHLH_1:13662034-13662283_binding_417,2,0.8268644213676453
bHLH_1:13662034-13662283_reference_binding_2277,2,0.8369079232215881
bHLH_1:13680955-13681204_non_binding_1520,2,0.8787132501602173
bHLH_1:13680955-13681204_non_binding_867,2,0.8784565925598145
bHLH_1:13680955-13681204_reference_binding_2614,2,0.8831080198287964
bHLH_1:13691855-13692104_non_binding_1717,2,0.9107558727264404
bHLH_1:13691855-13692104_non_binding_535,2,0.9065531492233276
bHLH_1:13691855-13692104_non_binding_651,2,0.8992677927017212
bHLH_1:13691855-13692104_reference_binding_2368,2,0.9095781445503235
bHLH_1:13717607-13717856_binding_1095,2,0.8655980229377747
bHLH_1:13717607-13717856_binding_112,2,0.8641316890716553
bHLH_1:13717607-13717856_binding_278,2,0.8714886903762817
bHLH_1:13717607-13717856_reference_binding_2102,2,0.8692051768302917
bHLH_1:137275-137524_binding_1083,2,0.8976385593414307
bHLH_1:137275-137524_binding_1266,2,0.9085186719894409
bHLH_1:137275-137524_binding_1276,2,0.8901023864746094
bHLH_1:137275-137524_binding_1483,2,0.9034392833709717
bHLH_1:137275-137524_reference_binding_2712,2,0.8966394066810608
bHLH_1:13729675-13729924_binding_246,2,0.9412158727645874
bHLH_1:13729675-13729924_binding_270,2,0.9359007477760315
bHLH_1:13729675-13729924_reference_binding_2197,2,0.9405251741409302
bHLH_1:13739792-13740041_non_binding_1977,2,0.9360509514808655
bHLH_1:13739792-13740041_non_binding_540,2,0.9357373118400574
bHLH_1:13739792-13740041_non_binding_638,2,0.937751054763794
bHLH_1:13739792-13740041_non_binding_945,2,0.9345372915267944
bHLH_1:13739792-13740041_reference_binding_2373,2,0.9375967979431152
bHLH_1:1377555-1377804_non_binding_501,2,0.9094671010971069
bHLH_1:1377555-1377804_reference_binding_2334,2,0.9136117696762085
bHLH_1:13801568-13801817_non_binding_504,2,0.8517847061157227
bHLH_1:13801568-13801817_non_binding_819,2,0.842068076133728
bHLH_1:13801568-13801817_reference_binding_2337,2,0.8535041213035583
bHLH_1:13807483-13807732_non_binding_508,2,0.8831760287284851
bHLH_1:13807483-13807732_reference_binding_2341,2,0.8739795088768005
bHLH_1:13824795-13825044_binding_210,2,0.8557456135749817
bHLH_1:13824795-13825044_binding_84,2,0.8252524733543396
bHLH_1:13824795-13825044_reference_binding_2079,2,0.8619419932365417
bHLH_1:13830910-13831159_binding_1113,2,0.867997944355011
bHLH_1:13830910-13831159_binding_1398,2,0.8720018267631531
bHLH_1:13830910-13831159_binding_1423,2,0.8720345497131348
bHLH_1:13830910-13831159_binding_325,2,0.8669735193252563
bHLH_1:13830910-13831159_reference_binding_2239,2,0.8807259798049927
bHLH_1:1385303-1385552_binding_221,2,0.9303523302078247
bHLH_1:1385303-1385552_reference_binding_2178,2,0.9344471096992493
bHLH_1:13894310-13894559_binding_129,2,0.8875097036361694
bHLH_1:13894310-13894559_binding_238,2,0.8844910264015198
bHLH_1:13894310-13894559_reference_binding_2116,2,0.8984819054603577
bHLH_1:13926246-13926495_non_binding_1603,2,0.9266160726547241
bHLH_1:13926246-13926495_reference_binding_2847,2,0.9259721636772156
bHLH_1:13949807-13950056_non_binding_756,2,0.7920860648155212
bHLH_1:13949807-13950056_non_binding_969,2,0.7813772559165955
bHLH_1:13949807-13950056_reference_binding_2546,2,0.784422755241394
bHLH_1:13950063-13950312_binding_1050,2,0.8179465532302856
bHLH_1:13950063-13950312_reference_binding_2703,2,0.8334466218948364
bHLH_1:13950345-13950594_binding_17,2,0.8332221508026123
bHLH_1:13950345-13950594_reference_binding_2017,2,0.8004692196846008
bHLH_1:14002816-14003065_non_binding_1605,2,0.9371357560157776
bHLH_1:14002816-14003065_non_binding_584,2,0.9343183636665344
bHLH_1:14002816-14003065_reference_binding_2407,2,0.9369139671325684
bHLH_1:1400424-1400673_binding_111,2,0.8890132904052734
bHLH_1:1400424-1400673_binding_192,2,0.8918829560279846
bHLH_1:1400424-1400673_binding_334,2,0.8826510906219482
bHLH_1:1400424-1400673_reference_binding_2101,2,0.874365508556366
bHLH_1:14124119-14124368_binding_1472,2,0.8968005180358887
bHLH_1:14124119-14124368_binding_201,2,0.9027469754219055
bHLH_1:14124119-14124368_binding_248,2,0.9057091474533081
bHLH_1:14124119-14124368_reference_binding_2167,2,0.8998324871063232
bHLH_1:14134271-14134520_non_binding_1583,2,0.8418126702308655
bHLH_1:14134271-14134520_reference_binding_2836,2,0.8328403830528259
bHLH_1:14147977-14148226_binding_1311,2,0.9261329174041748
bHLH_1:14147977-14148226_reference_binding_2771,2,0.9321367740631104
bHLH_1:14189628-14189877_binding_1360,2,0.9226047992706299
bHLH_1:14189628-14189877_binding_186,2,0.9170565605163574
bHLH_1:14189628-14189877_binding_51,2,0.9152271151542664
bHLH_1:14189628-14189877_reference_binding_2047,2,0.9254809617996216
bHLH_1:14197035-14197284_non_binding_1922,2,0.8238316774368286
bHLH_1:14197035-14197284_non_binding_681,2,0.8062055706977844
bHLH_1:14197035-14197284_reference_binding_2488,2,0.8087018132209778
bHLH_1:14201951-14202200_non_binding_1631,2,0.8978606462478638
bHLH_1:14201951-14202200_reference_binding_2861,2,0.8979653716087341
bHLH_1:14214501-14214750_binding_456,2,0.8497563004493713
bHLH_1:14214501-14214750_non_binding_826,2,0.8739417195320129
bHLH_1:14214501-14214750_reference_binding_2312,2,0.8784267902374268
bHLH_1:14328704-14328953_non_binding_1570,2,0.8910665512084961
bHLH_1:14328704-14328953_reference_binding_2831,2,0.89017254114151
bHLH_1:14353224-14353473_binding_233,2,0.9081069231033325
bHLH_1:14353224-14353473_non_binding_619,2,0.9032712578773499
bHLH_1:14353224-14353473_reference_binding_2188,2,0.9044361114501953
bHLH_1:14366723-14366972_binding_1469,2,0.8837001323699951
bHLH_1:14366723-14366972_binding_16,2,0.8892523050308228
bHLH_1:14366723-14366972_binding_171,2,0.898569643497467
bHLH_1:14366723-14366972_reference_binding_2016,2,0.8765334486961365
bHLH_1:1436864-1437113_binding_79,2,0.8396537899971008
bHLH_1:1436864-1437113_reference_binding_2075,2,0.8416365385055542
bHLH_1:14377003-14377252_binding_189,2,0.8382968306541443
bHLH_1:14377003-14377252_reference_binding_2157,2,0.8521893620491028
bHLH_1:14398877-14399126_non_binding_580,2,0.8987674117088318
bHLH_1:14398877-14399126_non_binding_995,2,0.9029198884963989
bHLH_1:14405325-14405574_non_binding_617,2,0.8432879447937012
bHLH_1:14405325-14405574_reference_binding_2438,2,0.8320072889328003
bHLH_1:14412376-14412625_binding_178,2,0.8908745646476746
bHLH_1:14412376-14412625_binding_361,2,0.8812671899795532
bHLH_1:14422656-14422905_binding_1005,2,0.8400379419326782
bHLH_1:14422656-14422905_binding_429,2,0.8440520763397217
bHLH_1:14434941-14435190_non_binding_1876,2,0.8847824931144714
bHLH_1:14434941-14435190_non_binding_1895,2,0.8953400254249573
bHLH_1:14434941-14435190_non_binding_1931,2,0.884163498878479
bHLH_1:14434941-14435190_reference_binding_2961,2,0.8967786431312561
bHLH_1:14477153-14477402_binding_1022,2,0.8809589147567749
bHLH_1:14477153-14477402_binding_1393,2,0.8770309686660767
bHLH_1:14477153-14477402_reference_binding_2692,2,0.883317768573761
bHLH_1:14480183-14480432_binding_1384,2,0.8366844654083252
bHLH_1:14480183-14480432_binding_228,2,0.8322718143463135
bHLH_1:14480183-14480432_reference_binding_2184,2,0.8547665476799011
bHLH_1:14495363-14495612_binding_1006,2,0.8676264882087708
bHLH_1:14495363-14495612_non_binding_1874,2,0.8864625692367554
bHLH_1:14495363-14495612_reference_binding_2684,2,0.8692359328269958
bHLH_1:14539107-14539356_non_binding_611,2,0.9044281244277954
bHLH_1:14539107-14539356_non_binding_909,2,0.9001798629760742
bHLH_1:14539107-14539356_reference_binding_2432,2,0.9010220170021057
bHLH_1:14539994-14540243_non_binding_534,2,0.9019454717636108
bHLH_1:14539994-14540243_reference_binding_2367,2,0.9080220460891724
bHLH_1:14541032-14541281_binding_218,2,0.8488473296165466
bHLH_1:14541032-14541281_binding_78,2,0.8498976230621338
bHLH_1:14541032-14541281_reference_binding_2074,2,0.8695217370986938
bHLH_1:14595327-14595576_binding_57,2,0.9122952818870544
bHLH_1:14595327-14595576_reference_binding_2053,2,0.9155520796775818
bHLH_1:14603209-14603458_binding_252,2,0.8960962295532227
bHLH_1:14608377-14608626_non_binding_576,2,0.9028639197349548
bHLH_1:14608377-14608626_reference_binding_2401,2,0.9063153266906738
bHLH_1:14686205-14686454_non_binding_1569,2,0.911532998085022
bHLH_1:14686205-14686454_non_binding_1685,2,0.9102687239646912
bHLH_1:14686205-14686454_non_binding_655,2,0.9057837128639221
bHLH_1:14686205-14686454_reference_binding_2466,2,0.9129011631011963
bHLH_1:1479453-1479702_binding_1252,2,0.9352296590805054
bHLH_1:1479453-1479702_binding_262,2,0.9301021695137024
bHLH_1:1479453-1479702_binding_267,2,0.9326962232589722
bHLH_1:1479453-1479702_reference_binding_2205,2,0.9415197968482971
bHLH_1:14811615-14811864_binding_0,2,0.8934305310249329
bHLH_1:14811615-14811864_binding_433,2,0.8902544975280762
bHLH_1:14811615-14811864_reference_binding_2000,2,0.8976720571517944
bHLH_1:1481433-1481682_binding_1085,2,0.9148826003074646
bHLH_1:1481433-1481682_binding_1499,2,0.9248377680778503
bHLH_1:1481433-1481682_reference_binding_2714,2,0.9215939044952393
bHLH_1:14902531-14902780_binding_1238,2,0.8160802125930786
bHLH_1:14902531-14902780_binding_294,2,0.8163378238677979
bHLH_1:14902531-14902780_binding_343,2,0.8176842331886292
bHLH_1:14902531-14902780_reference_binding_2222,2,0.8396070599555969
bHLH_1:1495886-1496135_binding_307,2,0.8930243253707886
bHLH_1:1495886-1496135_binding_55,2,0.8985356092453003
bHLH_1:1495886-1496135_non_binding_1867,2,0.8951046466827393
bHLH_1:1495886-1496135_reference_binding_2051,2,0.8965210318565369
bHLH_1:149982-150231_binding_381,2,0.9095727205276489
bHLH_1:149982-150231_reference_binding_2270,2,0.9163961410522461
bHLH_1:1506529-1506778_binding_416,2,0.9010233879089355
bHLH_1:1506529-1506778_reference_binding_2290,2,0.9045333862304688
bHLH_1:1514382-1514631_binding_1031,2,0.9146726131439209
bHLH_1:1514382-1514631_non_binding_716,2,0.9226841330528259
bHLH_1:1514382-1514631_reference_binding_2517,2,0.9212760329246521
bHLH_1:15303356-15303605_binding_64,2,0.9033651351928711
bHLH_1:15303356-15303605_reference_binding_2060,2,0.8882028460502625
bHLH_1:15386355-15386604_binding_1316,2,0.8604874014854431
bHLH_1:15386355-15386604_binding_1353,2,0.8635364174842834
bHLH_1:15386355-15386604_binding_1493,2,0.8620861172676086
bHLH_1:15386355-15386604_reference_binding_2774,2,0.856878936290741
bHLH_1:15401438-15401687_binding_271,2,0.9073206186294556
bHLH_1:15419900-15420149_non_binding_734,2,0.8480994701385498
bHLH_1:15419900-15420149_reference_binding_2528,2,0.8362633585929871
bHLH_1:15454781-15455030_binding_1071,2,0.9188267588615417
bHLH_1:15454781-15455030_binding_1245,2,0.9234815239906311
bHLH_1:15454781-15455030_binding_198,2,0.9273728728294373
bHLH_1:15454781-15455030_binding_395,2,0.9328386783599854
bHLH_1:15454781-15455030_binding_487,2,0.9249545335769653
bHLH_1:15454781-15455030_reference_binding_2164,2,0.9258881211280823
bHLH_1:15502243-15502492_non_binding_743,2,0.8939090967178345
bHLH_1:15502243-15502492_reference_binding_2535,2,0.88747239112854
bHLH_1:15509049-15509298_non_binding_599,2,0.8565773963928223
bHLH_1:15509049-15509298_reference_binding_2421,2,0.8497514128684998
bHLH_1:15517971-15518220_non_binding_1624,2,0.9224146604537964
bHLH_1:15517971-15518220_non_binding_1635,2,0.915190577507019
bHLH_1:15517971-15518220_non_binding_887,2,0.9102674126625061
bHLH_1:15517971-15518220_reference_binding_2631,2,0.9180635213851929
bHLH_1:15519814-15520063_non_binding_1602,2,0.848033607006073
bHLH_1:15519814-15520063_reference_binding_2846,2,0.8594676852226257
bHLH_1:15523209-15523458_binding_370,2,0.9153667092323303
bHLH_1:15523209-15523458_reference_binding_2264,2,0.9188880324363708
bHLH_1:15549845-15550094_binding_466,2,0.874512791633606
bHLH_1:15549845-15550094_reference_binding_2317,2,0.853592038154602
bHLH_1:15553218-15553467_binding_28,2,0.9112473726272583
bHLH_1:15553218-15553467_binding_292,2,0.9053676128387451
bHLH_1:15553218-15553467_reference_binding_2028,2,0.9119336009025574
bHLH_1:15553919-15554168_non_binding_899,2,0.8564435243606567
bHLH_1:15553919-15554168_reference_binding_2639,2,0.8523102402687073
bHLH_1:15558738-15558987_binding_1002,2,0.915642499923706
bHLH_1:15558738-15558987_binding_1097,2,0.9198363423347473
bHLH_1:15558738-15558987_binding_1229,2,0.9133975505828857
bHLH_1:15558738-15558987_binding_1441,2,0.918123185634613
bHLH_1:15558738-15558987_reference_binding_2682,2,0.9192147850990295
bHLH_1:15604697-15604946_non_binding_930,2,0.893435537815094
bHLH_1:15604697-15604946_reference_binding_2659,2,0.9024456739425659
bHLH_1:1564372-1564621_binding_195,2,0.9103086590766907
bHLH_1:1564372-1564621_reference_binding_2161,2,0.9204387068748474
bHLH_1:15659438-15659687_binding_187,2,0.8943056464195251
bHLH_1:15659438-15659687_binding_27,2,0.9031298756599426
bHLH_1:15659438-15659687_binding_389,2,0.9026708006858826
bHLH_1:15659438-15659687_binding_82,2,0.8902725577354431
bHLH_1:15659438-15659687_reference_binding_2027,2,0.91603684425354
bHLH_1:15668743-15668992_non_binding_1540,2,0.9173731207847595
bHLH_1:15668743-15668992_non_binding_1671,2,0.9187074899673462
bHLH_1:15668743-15668992_reference_binding_2814,2,0.9183185696601868
bHLH_1:15684957-15685206_non_binding_1808,2,0.927598237991333
bHLH_1:15684957-15685206_non_binding_1909,2,0.9268979430198669
bHLH_1:15684957-15685206_non_binding_1914,2,0.9258954524993896
bHLH_1:15684957-15685206_reference_binding_2936,2,0.9296408891677856
bHLH_1:1575851-1576100_non_binding_536,2,0.8840852975845337
bHLH_1:1575851-1576100_reference_binding_2369,2,0.8932377696037292
bHLH_1:1580960-1581209_binding_1027,2,0.8851989507675171
bHLH_1:1580960-1581209_binding_1043,2,0.8915876150131226
bHLH_1:1580960-1581209_binding_1163,2,0.8864666819572449
bHLH_1:1580960-1581209_reference_binding_2695,2,0.8901084661483765
bHLH_1:158608-158857_binding_1351,2,0.8754376769065857
bHLH_1:158608-158857_reference_binding_2781,2,0.8771933913230896
bHLH_1:15864591-15864840_non_binding_1987,2,0.9330728650093079
bHLH_1:15869990-15870239_non_binding_798,2,0.9202840924263
bHLH_1:15869990-15870239_reference_binding_2575,2,0.9117678999900818
bHLH_1:15888275-15888524_non_binding_1797,2,0.9054107666015625
bHLH_1:15888275-15888524_reference_binding_2929,2,0.9058437347412109
bHLH_1:15895532-15895781_binding_1179,2,0.9298315048217773
bHLH_1:15895532-15895781_binding_1232,2,0.9302536249160767
bHLH_1:15895532-15895781_binding_1258,2,0.9316123127937317
bHLH_1:15895532-15895781_binding_1392,2,0.9317755103111267
bHLH_1:15895532-15895781_binding_73,2,0.9338987469673157
bHLH_1:15895532-15895781_reference_binding_2069,2,0.9348564147949219
bHLH_1:15912465-15912714_binding_52,2,0.9341720938682556
bHLH_1:15912465-15912714_reference_binding_2048,2,0.9310252070426941
bHLH_1:15957531-15957780_binding_1235,2,0.8716278076171875
bHLH_1:15957531-15957780_binding_1400,2,0.8825945258140564
bHLH_1:15957531-15957780_non_binding_998,2,0.8671754002571106
bHLH_1:15957531-15957780_reference_binding_2680,2,0.8540540933609009
bHLH_1:15967426-15967675_non_binding_737,2,0.8971078991889954
bHLH_1:15967426-15967675_reference_binding_2529,2,0.8960095643997192
bHLH_1:15968889-15969138_non_binding_516,2,0.9286084175109863
bHLH_1:15968889-15969138_non_binding_551,2,0.9311343431472778
bHLH_1:15968889-15969138_non_binding_807,2,0.9291173815727234
bHLH_1:15976292-15976541_binding_202,2,0.8817191123962402
bHLH_1:15976292-15976541_non_binding_1610,2,0.8355329036712646
bHLH_1:15976292-15976541_reference_binding_2168,2,0.8319740295410156
bHLH_1:15989251-15989500_non_binding_1661,2,0.9006279706954956
bHLH_1:15989251-15989500_non_binding_587,2,0.9045298099517822
bHLH_1:15989251-15989500_reference_binding_2410,2,0.9055539965629578
bHLH_1:16001152-16001401_binding_1039,2,0.9239694476127625
bHLH_1:16001152-16001401_non_binding_1597,2,0.9176523685455322
bHLH_1:16001152-16001401_non_binding_828,2,0.9264422059059143
bHLH_1:16001152-16001401_non_binding_958,2,0.92657870054245
bHLH_1:16001152-16001401_reference_binding_2591,2,0.9203816652297974
bHLH_1:16007793-16008042_binding_337,2,0.9065437912940979
bHLH_1:16007793-16008042_reference_binding_2244,2,0.9044155478477478
bHLH_1:16025585-16025834_binding_121,2,0.9331801533699036
bHLH_1:16025585-16025834_reference_binding_2109,2,0.9246897101402283
bHLH_1:16033782-16034031_non_binding_1692,2,0.9250622987747192
bHLH_1:16033782-16034031_non_binding_1798,2,0.9186754822731018
bHLH_1:16033782-16034031_reference_binding_2886,2,0.9273545742034912
bHLH_1:16074582-16074831_binding_1291,2,0.905228316783905
bHLH_1:16074582-16074831_binding_1420,2,0.8925926089286804
bHLH_1:16074582-16074831_reference_binding_2766,2,0.8948015570640564
bHLH_1:16120974-16121223_binding_1134,2,0.9005415439605713
bHLH_1:16120974-16121223_binding_1253,2,0.9057978391647339
bHLH_1:16120974-16121223_binding_1336,2,0.9053502082824707
bHLH_1:16120974-16121223_binding_1480,2,0.9019008874893188
bHLH_1:16120974-16121223_reference_binding_2729,2,0.908935010433197
bHLH_1:16148095-16148344_non_binding_750,2,0.855195164680481
bHLH_1:16148095-16148344_reference_binding_2540,2,0.8560165166854858
bHLH_1:16210431-16210680_non_binding_951,2,0.8683167695999146
bHLH_1:16210431-16210680_reference_binding_2668,2,0.8831239342689514
bHLH_1:16283838-16284087_non_binding_1507,2,0.917885959148407
bHLH_1:16283838-16284087_reference_binding_2798,2,0.9169908165931702
bHLH_1:16374806-16375055_non_binding_1834,2,0.881930410861969
bHLH_1:16374806-16375055_non_binding_812,2,0.8331910371780396
bHLH_1:16374806-16375055_reference_binding_2583,2,0.8368100523948669
bHLH_1:16377253-16377502_binding_338,2,0.8792698979377747
bHLH_1:16377253-16377502_binding_372,2,0.8780462145805359
bHLH_1:16377253-16377502_reference_binding_2245,2,0.8711625933647156
bHLH_1:1637855-1638104_binding_1149,2,0.9105791449546814
bHLH_1:1637855-1638104_binding_467,2,0.906646192073822
bHLH_1:1637855-1638104_reference_binding_2318,2,0.9182851910591125
bHLH_1:16413356-16413605_non_binding_635,2,0.8882156014442444
bHLH_1:16413356-16413605_reference_binding_2452,2,0.8881805539131165
bHLH_1:16430845-16431094_non_binding_1638,2,0.9347057938575745
bHLH_1:16430845-16431094_non_binding_1667,2,0.937751829624176
bHLH_1:16430845-16431094_non_binding_1733,2,0.9366940259933472
bHLH_1:16430845-16431094_non_binding_640,2,0.9353266358375549
bHLH_1:16430845-16431094_reference_binding_2455,2,0.9351506233215332
bHLH_1:16433419-16433668_non_binding_766,2,0.9043843150138855
bHLH_1:16433419-16433668_reference_binding_2552,2,0.9057033061981201
bHLH_1:16515456-16515705_binding_6,2,0.7820184826850891
bHLH_1:16515456-16515705_non_binding_1883,2,0.781313419342041
bHLH_1:16515456-16515705_reference_binding_2006,2,0.7698882818222046
bHLH_1:16553511-16553760_non_binding_1645,2,0.9029432535171509
bHLH_1:16553511-16553760_non_binding_753,2,0.9134354591369629
bHLH_1:16553511-16553760_non_binding_868,2,0.9010106325149536
bHLH_1:16553511-16553760_non_binding_980,2,0.9157766103744507
bHLH_1:16553511-16553760_reference_binding_2543,2,0.9041518568992615
bHLH_1:16572885-16573134_non_binding_1744,2,0.8777544498443604
bHLH_1:16572885-16573134_reference_binding_2906,2,0.8849162459373474
bHLH_1:1659961-1660210_non_binding_744,2,0.9200664758682251
bHLH_1:1659961-1660210_reference_binding_2536,2,0.9250291585922241
bHLH_1:16626152-16626401_non_binding_1803,2,0.8455883860588074
bHLH_1:16626152-16626401_non_binding_1948,2,0.8469378352165222
bHLH_1:16626152-16626401_reference_binding_2933,2,0.8202528953552246
bHLH_1:16661841-16662090_non_binding_1900,2,0.8856521248817444
bHLH_1:16661841-16662090_reference_binding_2966,2,0.868023693561554
bHLH_1:16666395-16666644_binding_158,2,0.9029974341392517
bHLH_1:16666395-16666644_binding_229,2,0.8836313486099243
bHLH_1:16666395-16666644_reference_binding_2139,2,0.8666672110557556
bHLH_1:16678342-16678591_binding_1138,2,0.9153826832771301
bHLH_1:16678342-16678591_reference_binding_2732,2,0.9173339605331421
bHLH_1:16679121-16679370_non_binding_724,2,0.9188862442970276
bHLH_1:16679121-16679370_reference_binding_2522,2,0.9184677600860596
bHLH_1:1667917-1668166_binding_182,2,0.889706015586853
bHLH_1:1667917-1668166_reference_binding_2154,2,0.8959661722183228
bHLH_1:16680132-16680381_binding_110,2,0.9225908517837524
bHLH_1:16680132-16680381_non_binding_672,2,0.9231992959976196
bHLH_1:16680132-16680381_non_binding_827,2,0.9220783114433289
bHLH_1:16680132-16680381_reference_binding_2100,2,0.9266157746315002
bHLH_1:16681339-16681588_binding_403,2,0.8542757034301758
bHLH_1:16681339-16681588_reference_binding_2281,2,0.8583956360816956
bHLH_1:16747699-16747948_non_binding_800,2,0.9320757985115051
bHLH_1:16747699-16747948_reference_binding_2576,2,0.9367184638977051
bHLH_1:16760583-16760832_binding_1341,2,0.8209065198898315
bHLH_1:16760583-16760832_non_binding_1587,2,0.8275768756866455
bHLH_1:16760583-16760832_reference_binding_2778,2,0.8168764114379883
bHLH_1:16799821-16800070_non_binding_1801,2,0.7769187092781067
bHLH_1:16799821-16800070_reference_binding_2932,2,0.7942482829093933
bHLH_1:16805584-16805833_binding_473,2,0.9116143584251404
bHLH_1:16805584-16805833_reference_binding_2321,2,0.9208577275276184
bHLH_1:16836888-16837137_binding_1009,2,0.9338034391403198
bHLH_1:16836888-16837137_reference_binding_2686,2,0.9323301911354065
bHLH_1:16885251-16885500_non_binding_1958,2,0.9098290205001831
bHLH_1:16885251-16885500_non_binding_629,2,0.904583215713501
bHLH_1:16885251-16885500_non_binding_985,2,0.8914440274238586
bHLH_1:16885251-16885500_reference_binding_2446,2,0.8935618996620178
bHLH_1:16917582-16917831_non_binding_675,2,0.914066731929779
bHLH_1:16917582-16917831_reference_binding_2483,2,0.9105868935585022
bHLH_1:1696867-1697116_binding_1120,2,0.9333311915397644
bHLH_1:1696867-1697116_binding_1216,2,0.9261111617088318
bHLH_1:1696867-1697116_reference_binding_2723,2,0.9345131516456604
bHLH_1:16973751-16974000_binding_41,2,0.9287514090538025
bHLH_1:16973751-16974000_binding_49,2,0.9196019172668457
bHLH_1:16973751-16974000_reference_binding_2039,2,0.9204659461975098
bHLH_1:16991292-16991541_binding_1106,2,0.9430099725723267
bHLH_1:16991292-16991541_binding_1130,2,0.9493921995162964
bHLH_1:16991292-16991541_binding_1193,2,0.9458279013633728
bHLH_1:16991292-16991541_binding_1230,2,0.9462810754776001
bHLH_1:16991292-16991541_binding_1231,2,0.9450516700744629
bHLH_1:16991292-16991541_binding_1294,2,0.9466860890388489
bHLH_1:16991292-16991541_binding_1301,2,0.9474931955337524
bHLH_1:16991292-16991541_binding_1459,2,0.9473662972450256
bHLH_1:16991292-16991541_binding_1475,2,0.9482916593551636
bHLH_1:16991292-16991541_reference_binding_2720,2,0.9474506378173828
bHLH_1:17037030-17037279_non_binding_1517,2,0.930267333984375
bHLH_1:17037030-17037279_non_binding_1756,2,0.9315028190612793
bHLH_1:17037030-17037279_reference_binding_2802,2,0.9324412941932678
bHLH_1:17051161-17051410_binding_1283,2,0.8950364589691162
bHLH_1:17051161-17051410_binding_1396,2,0.8890849351882935
bHLH_1:17051161-17051410_binding_207,2,0.8541920185089111
bHLH_1:17051161-17051410_binding_213,2,0.8897364139556885
bHLH_1:17051161-17051410_binding_259,2,0.8892571330070496
bHLH_1:17051161-17051410_binding_303,2,0.8884544372558594
bHLH_1:17051161-17051410_reference_binding_2172,2,0.8988053202629089
bHLH_1:17059539-17059788_binding_105,2,0.8915849924087524
bHLH_1:17059539-17059788_non_binding_684,2,0.8785734176635742
bHLH_1:17059539-17059788_reference_binding_2096,2,0.8904778957366943
bHLH_1:17080228-17080477_binding_126,2,0.9283915162086487
bHLH_1:17080228-17080477_binding_176,2,0.9172313213348389
bHLH_1:17080228-17080477_binding_184,2,0.9289478063583374
bHLH_1:17080228-17080477_reference_binding_2114,2,0.9312746524810791
bHLH_1:17100871-17101120_non_binding_901,2,0.881432831287384
bHLH_1:17100871-17101120_reference_binding_2640,2,0.8839895129203796
bHLH_1:1713548-1713797_binding_1116,2,0.8217835426330566
bHLH_1:1713548-1713797_binding_60,2,0.8007367849349976
bHLH_1:17171121-17171370_binding_1059,2,0.8301767706871033
bHLH_1:17171121-17171370_reference_binding_2705,2,0.8335868716239929
bHLH_1:17280893-17281142_non_binding_1817,2,0.9442111253738403
bHLH_1:17280893-17281142_non_binding_1856,2,0.9447701573371887
bHLH_1:17280893-17281142_non_binding_1916,2,0.9453085660934448
bHLH_1:17280893-17281142_reference_binding_2941,2,0.9442898035049438
bHLH_1:17344885-17345134_binding_76,2,0.9082586765289307
bHLH_1:17344885-17345134_reference_binding_2072,2,0.9287624955177307
bHLH_1:17384880-17385129_non_binding_1575,2,0.9282248020172119
bHLH_1:17384880-17385129_non_binding_557,2,0.919834554195404
bHLH_1:17384880-17385129_reference_binding_2388,2,0.9248018860816956
bHLH_1:17405579-17405828_non_binding_1955,2,0.8906930088996887
bHLH_1:17405579-17405828_reference_binding_2977,2,0.8946749567985535
bHLH_1:17445879-17446128_binding_1062,2,0.829865038394928
bHLH_1:17445879-17446128_binding_1206,2,0.8426957726478577
bHLH_1:17445879-17446128_binding_492,2,0.8478209972381592
bHLH_1:17445879-17446128_reference_binding_2330,2,0.8438594341278076
bHLH_1:17499705-17499954_non_binding_1985,2,0.905849277973175
bHLH_1:17499705-17499954_reference_binding_2985,2,0.9317085146903992
bHLH_1:17529347-17529596_binding_479,2,0.8875918388366699
bHLH_1:17529347-17529596_reference_binding_2324,2,0.8830244541168213
bHLH_1:1761393-1761642_binding_1267,2,0.8936277031898499
bHLH_1:1761393-1761642_binding_379,2,0.8614365458488464
bHLH_1:1761393-1761642_binding_462,2,0.8967899084091187
bHLH_1:1761393-1761642_reference_binding_2269,2,0.9021433591842651
bHLH_1:17627809-17628058_non_binding_669,2,0.7930793166160583
bHLH_1:17627809-17628058_non_binding_935,2,0.7902916669845581
bHLH_1:17627809-17628058_reference_binding_2478,2,0.7966637015342712
bHLH_1:17633431-17633680_non_binding_1759,2,0.9162441492080688
bHLH_1:17633431-17633680_non_binding_1896,2,0.9130285978317261
bHLH_1:17633431-17633680_reference_binding_2913,2,0.9229567646980286
bHLH_1:1766042-1766291_non_binding_859,2,0.7771198153495789
bHLH_1:1766042-1766291_reference_binding_2609,2,0.7806462049484253
bHLH_1:1769902-1770151_non_binding_992,2,0.8969619870185852
bHLH_1:1769902-1770151_reference_binding_2679,2,0.896179735660553
bHLH_1:17700079-17700328_non_binding_804,2,0.7869638204574585
bHLH_1:17700079-17700328_reference_binding_2577,2,0.7915217280387878
bHLH_1:17720326-17720575_non_binding_739,2,0.8200820088386536
bHLH_1:17720326-17720575_reference_binding_2531,2,0.8175826072692871
bHLH_1:17750399-17750648_non_binding_1500,2,0.9202360510826111
bHLH_1:17750399-17750648_non_binding_1622,2,0.9219242334365845
bHLH_1:17750399-17750648_reference_binding_2792,2,0.9218588471412659
bHLH_1:17871800-17872049_non_binding_1799,2,0.8714445233345032
bHLH_1:17871800-17872049_non_binding_1995,2,0.8576499223709106
bHLH_1:17871800-17872049_reference_binding_2930,2,0.8615798950195312
bHLH_1:17893968-17894217_non_binding_752,2,0.9185323119163513
bHLH_1:17893968-17894217_reference_binding_2542,2,0.9216565489768982
bHLH_1:17920209-17920458_non_binding_711,2,0.8498263955116272
bHLH_1:17920209-17920458_reference_binding_2513,2,0.8482231497764587
bHLH_1:17955545-17955794_non_binding_1802,2,0.8448342084884644
bHLH_1:17955545-17955794_non_binding_885,2,0.8326209187507629
bHLH_1:17955545-17955794_reference_binding_2630,2,0.8386526703834534
bHLH_1:18015487-18015736_non_binding_1778,2,0.8997572064399719
bHLH_1:18015487-18015736_non_binding_1903,2,0.8948459029197693
bHLH_1:18015487-18015736_non_binding_1945,2,0.9060648679733276
bHLH_1:18015487-18015736_non_binding_834,2,0.8721928000450134
bHLH_1:18015487-18015736_reference_binding_2594,2,0.8738649487495422
bHLH_1:18018116-18018365_binding_1350,2,0.8872262835502625
bHLH_1:18018116-18018365_non_binding_1584,2,0.8906626105308533
bHLH_1:18018116-18018365_reference_binding_2780,2,0.8986692428588867
bHLH_1:18051261-18051510_non_binding_1678,2,0.9061979651451111
bHLH_1:18051261-18051510_non_binding_1730,2,0.9073460102081299
bHLH_1:18051261-18051510_non_binding_823,2,0.9096190929412842
bHLH_1:18051261-18051510_reference_binding_2588,2,0.9068291187286377
bHLH_1:18052552-18052801_non_binding_1988,2,0.9175888895988464
bHLH_1:18052552-18052801_non_binding_818,2,0.9163358211517334
bHLH_1:18052552-18052801_reference_binding_2586,2,0.9177238941192627
bHLH_1:18091174-18091423_non_binding_1773,2,0.9272404909133911
bHLH_1:18091174-18091423_non_binding_603,2,0.9264497756958008
bHLH_1:18091174-18091423_reference_binding_2424,2,0.9291820526123047
bHLH_1:18140758-18141007_binding_140,2,0.9209676384925842
bHLH_1:18140758-18141007_reference_binding_2126,2,0.9198644757270813
bHLH_1:18157830-18158079_binding_249,2,0.9194536805152893
bHLH_1:18157830-18158079_reference_binding_2199,2,0.9244975447654724
bHLH_1:18182506-18182755_non_binding_1749,2,0.8946651220321655
bHLH_1:18182506-18182755_non_binding_616,2,0.8944746255874634
bHLH_1:18182506-18182755_reference_binding_2437,2,0.893126368522644
bHLH_1:18182758-18183007_non_binding_911,2,0.9219357371330261
bHLH_1:18182758-18183007_reference_binding_2648,2,0.9243194460868835
bHLH_1:18217105-18217354_non_binding_729,2,0.888709306716919
bHLH_1:18217105-18217354_reference_binding_2525,2,0.8933393359184265
bHLH_1:18230743-18230992_binding_1240,2,0.9058831930160522
bHLH_1:18230743-18230992_binding_1428,2,0.9053625464439392
bHLH_1:18230743-18230992_binding_85,2,0.9058252573013306
bHLH_1:18230743-18230992_reference_binding_2080,2,0.9070671200752258
bHLH_1:18231224-18231473_binding_1129,2,0.9206292033195496
bHLH_1:18231224-18231473_reference_binding_2727,2,0.9207012057304382
bHLH_1:18275860-18276109_non_binding_1662,2,0.927846372127533
bHLH_1:18275860-18276109_reference_binding_2874,2,0.9282406568527222
bHLH_1:1842443-1842692_non_binding_1811,2,0.8977392911911011
bHLH_1:1842443-1842692_reference_binding_2937,2,0.8899365663528442
bHLH_1:18450397-18450646_non_binding_1726,2,0.903983473777771
bHLH_1:18450397-18450646_non_binding_520,2,0.9034030437469482
bHLH_1:18450397-18450646_reference_binding_2353,2,0.9074183702468872
bHLH_1:18452483-18452732_non_binding_1910,2,0.7693613767623901
bHLH_1:18452483-18452732_non_binding_509,2,0.7520611882209778
bHLH_1:18452483-18452732_reference_binding_2342,2,0.7644379138946533
bHLH_1:18479569-18479818_binding_1143,2,0.8829085230827332
bHLH_1:18479569-18479818_reference_binding_2734,2,0.8858751654624939
bHLH_1:18526363-18526612_binding_378,2,0.9260021448135376
bHLH_1:18526363-18526612_reference_binding_2268,2,0.9313271641731262
bHLH_1:18533912-18534161_binding_1209,2,0.9323176741600037
bHLH_1:18533912-18534161_binding_1219,2,0.9314080476760864
bHLH_1:18533912-18534161_binding_1433,2,0.9303116202354431
bHLH_1:18533912-18534161_binding_1448,2,0.9321750402450562
bHLH_1:18533912-18534161_binding_1468,2,0.9303063750267029
bHLH_1:18533912-18534161_binding_310,2,0.9311389327049255
bHLH_1:18533912-18534161_reference_binding_2232,2,0.9360595345497131
bHLH_1:18546150-18546399_binding_1340,2,0.8926050066947937
bHLH_1:18546150-18546399_reference_binding_2777,2,0.8853354454040527
bHLH_1:18551171-18551420_non_binding_1666,2,0.8886732459068298
bHLH_1:18551171-18551420_reference_binding_2877,2,0.883331835269928
bHLH_1:18581607-18581856_binding_24,2,0.9251056909561157
bHLH_1:18581607-18581856_non_binding_1740,2,0.9164931774139404
bHLH_1:18581607-18581856_non_binding_1907,2,0.9239566922187805
bHLH_1:18581607-18581856_non_binding_893,2,0.9145774841308594
bHLH_1:18581607-18581856_reference_binding_2024,2,0.9185805916786194
bHLH_1:18640234-18640483_binding_312,2,0.9104378819465637
bHLH_1:18640234-18640483_reference_binding_2234,2,0.9280524253845215
bHLH_1:18662894-18663143_non_binding_523,2,0.9037988781929016
bHLH_1:18662894-18663143_non_binding_698,2,0.9066851139068604
bHLH_1:18662894-18663143_reference_binding_2356,2,0.9092212915420532
bHLH_1:18676250-18676499_non_binding_519,2,0.8597627878189087
bHLH_1:18676250-18676499_reference_binding_2352,2,0.8579632639884949
bHLH_1:1870220-1870469_non_binding_908,2,0.9145276546478271
bHLH_1:1870220-1870469_reference_binding_2646,2,0.9205818176269531
bHLH_1:18711894-18712143_binding_264,2,0.9238307476043701
bHLH_1:18711894-18712143_reference_binding_2206,2,0.9313057065010071
bHLH_1:18730546-18730795_binding_367,2,0.9253488183021545
bHLH_1:18730546-18730795_reference_binding_2262,2,0.9286529421806335
bHLH_1:18843078-18843327_non_binding_1674,2,0.8535863161087036
bHLH_1:18843078-18843327_reference_binding_2881,2,0.8603925108909607
bHLH_1:18851475-18851724_non_binding_1747,2,0.9296568036079407
bHLH_1:18851475-18851724_reference_binding_2908,2,0.9311335682868958
bHLH_1:18861198-18861447_binding_75,2,0.913597822189331
bHLH_1:18861198-18861447_reference_binding_2071,2,0.9108273983001709
bHLH_1:1887874-1888123_non_binding_627,2,0.8963268995285034
bHLH_1:1887874-1888123_reference_binding_2444,2,0.8999360799789429
bHLH_1:18899972-18900221_binding_407,2,0.843066930770874
bHLH_1:18899972-18900221_binding_415,2,0.832307755947113
bHLH_1:18899972-18900221_reference_binding_2285,2,0.856230616569519
bHLH_1:18904088-18904337_non_binding_525,2,0.878682017326355
bHLH_1:18904088-18904337_reference_binding_2358,2,0.8812277913093567
bHLH_1:18953491-18953740_non_binding_878,2,0.8433583974838257
bHLH_1:18953491-18953740_reference_binding_2623,2,0.8367193341255188
bHLH_1:18964522-18964771_binding_1310,2,0.8512062430381775
bHLH_1:18964522-18964771_reference_binding_2770,2,0.8476443886756897
bHLH_1:18990097-18990346_non_binding_1508,2,0.886527419090271
bHLH_1:18990097-18990346_non_binding_1648,2,0.8867886066436768
bHLH_1:18990097-18990346_non_binding_788,2,0.8989973068237305
bHLH_1:18990097-18990346_non_binding_996,2,0.8883969783782959
bHLH_1:18990097-18990346_reference_binding_2569,2,0.8881232142448425
bHLH_1:18999241-18999490_binding_1000,2,0.8914666771888733
bHLH_1:18999241-18999490_binding_1157,2,0.8929368257522583
bHLH_1:18999241-18999490_reference_binding_2681,2,0.8938280940055847
bHLH_1:19038397-19038646_non_binding_1533,2,0.9023215174674988
bHLH_1:19038397-19038646_non_binding_1672,2,0.9040122628211975
bHLH_1:19038397-19038646_reference_binding_2810,2,0.9034913182258606
bHLH_1:19072252-19072501_non_binding_592,2,0.8578994274139404
bHLH_1:19072252-19072501_non_binding_921,2,0.8488994836807251
bHLH_1:19072252-19072501_reference_binding_2415,2,0.8640413284301758
bHLH_1:19118123-19118372_binding_1186,2,0.8567980527877808
bHLH_1:19118123-19118372_non_binding_962,2,0.8357492089271545
bHLH_1:19118123-19118372_reference_binding_2671,2,0.8662344217300415
bHLH_1:19118414-19118663_non_binding_884,2,0.8834671974182129
bHLH_1:19118414-19118663_reference_binding_2629,2,0.8851948976516724
bHLH_1:19354507-19354756_non_binding_566,2,0.8462252020835876
bHLH_1:19354507-19354756_reference_binding_2393,2,0.8409009575843811
bHLH_1:19410685-19410934_non_binding_1701,2,0.8716100454330444
bHLH_1:19410685-19410934_non_binding_877,2,0.8680751919746399
bHLH_1:19410685-19410934_non_binding_965,2,0.8608728647232056
bHLH_1:19410685-19410934_reference_binding_2622,2,0.870378851890564
bHLH_1:19412798-19413047_non_binding_934,2,0.905922532081604
bHLH_1:19412798-19413047_reference_binding_2661,2,0.9008052349090576
bHLH_1:19432803-19433052_non_binding_1765,2,0.9159883260726929
bHLH_1:19432803-19433052_non_binding_1929,2,0.9200617074966431
bHLH_1:19432803-19433052_reference_binding_2916,2,0.9202459454536438
bHLH_1:19446189-19446438_binding_137,2,0.9073218703269958
bHLH_1:19446189-19446438_non_binding_939,2,0.8756616711616516
bHLH_1:19446189-19446438_reference_binding_2123,2,0.9029783010482788
bHLH_1:19446922-19447171_binding_393,2,0.8572124242782593
bHLH_1:19446922-19447171_non_binding_694,2,0.8589122891426086
bHLH_1:19446922-19447171_non_binding_781,2,0.8532812595367432
bHLH_1:19446922-19447171_reference_binding_2275,2,0.8578769564628601
bHLH_1:19480211-19480460_binding_212,2,0.9140094518661499
bHLH_1:19480211-19480460_reference_binding_2174,2,0.9099844098091125
bHLH_1:19501945-19502194_non_binding_1522,2,0.835883617401123
bHLH_1:19501945-19502194_non_binding_876,2,0.8272197246551514
bHLH_1:19501945-19502194_reference_binding_2621,2,0.8324594497680664
bHLH_1:19519373-19519622_non_binding_775,2,0.9242004156112671
bHLH_1:19519373-19519622_reference_binding_2559,2,0.9239811301231384
bHLH_1:19534385-19534634_non_binding_1829,2,0.9121426939964294
bHLH_1:19534385-19534634_non_binding_1863,2,0.9124100804328918
bHLH_1:19534385-19534634_non_binding_1975,2,0.9111573100090027
bHLH_1:19534385-19534634_non_binding_1980,2,0.9058879613876343
bHLH_1:19534385-19534634_reference_binding_2946,2,0.9083552360534668
bHLH_1:19544696-19544945_non_binding_621,2,0.908886730670929
bHLH_1:19544696-19544945_reference_binding_2440,2,0.9076793789863586
bHLH_1:1957380-1957629_non_binding_680,2,0.8496620655059814
bHLH_1:1957380-1957629_non_binding_803,2,0.8364363312721252
bHLH_1:1957380-1957629_reference_binding_2487,2,0.8576083183288574
bHLH_1:19581767-19582016_binding_397,2,0.923374593257904
bHLH_1:19581767-19582016_binding_7,2,0.9246484041213989
bHLH_1:19581767-19582016_reference_binding_2007,2,0.9257440567016602
bHLH_1:19607667-19607916_binding_234,2,0.9127415418624878
bHLH_1:19607667-19607916_reference_binding_2189,2,0.9195284247398376
bHLH_1:19635021-19635270_binding_1084,2,0.8992472290992737
bHLH_1:19635021-19635270_reference_binding_2713,2,0.9063734412193298
bHLH_1:19673542-19673791_binding_1038,2,0.9123986959457397
bHLH_1:19673542-19673791_binding_1220,2,0.9120194315910339
bHLH_1:19673542-19673791_binding_133,2,0.9139439463615417
bHLH_1:19673542-19673791_binding_298,2,0.9164637327194214
bHLH_1:19673542-19673791_binding_385,2,0.9189964532852173
bHLH_1:19673542-19673791_reference_binding_2119,2,0.9051474928855896
bHLH_1:1971527-1971776_binding_150,2,0.8394922614097595
bHLH_1:1971527-1971776_reference_binding_2132,2,0.8788238763809204
bHLH_1:19781926-19782175_binding_419,2,0.8736437559127808
bHLH_1:19781926-19782175_reference_binding_2292,2,0.8640186786651611
bHLH_1:19789205-19789454_non_binding_1965,2,0.9330205321311951
bHLH_1:19789205-19789454_non_binding_1992,2,0.9267581701278687
bHLH_1:19789205-19789454_reference_binding_2981,2,0.9200510382652283
bHLH_1:19825249-19825498_binding_1225,2,0.8746009469032288
bHLH_1:19825249-19825498_binding_289,2,0.8861982822418213
bHLH_1:19825249-19825498_binding_321,2,0.882135272026062
bHLH_1:19825249-19825498_reference_binding_2218,2,0.8711652755737305
bHLH_1:19825990-19826239_non_binding_1875,2,0.9035829901695251
bHLH_1:19825990-19826239_non_binding_1902,2,0.9195206761360168
bHLH_1:19825990-19826239_reference_binding_2960,2,0.919075071811676
bHLH_1:19837737-19837986_non_binding_1628,2,0.8820196390151978
bHLH_1:19837737-19837986_non_binding_723,2,0.8826943039894104
bHLH_1:19837737-19837986_reference_binding_2521,2,0.881795346736908
bHLH_1:19891360-19891609_non_binding_704,2,0.8635144829750061
bHLH_1:19891360-19891609_reference_binding_2506,2,0.8632816672325134
bHLH_1:19911168-19911417_non_binding_1812,2,0.8864786028862
bHLH_1:19911168-19911417_reference_binding_2938,2,0.8886224627494812
bHLH_1:19912710-19912959_non_binding_1967,2,0.930876612663269
bHLH_1:19912710-19912959_reference_binding_2982,2,0.9329832792282104
bHLH_1:20066351-20066600_non_binding_914,2,0.8818918466567993
bHLH_1:20066351-20066600_reference_binding_2650,2,0.8831879496574402
bHLH_1:20094539-20094788_binding_287,2,0.9185755848884583
bHLH_1:20094539-20094788_reference_binding_2216,2,0.9252738952636719
bHLH_1:20169565-20169814_non_binding_1830,2,0.8956107497215271
bHLH_1:20169565-20169814_non_binding_1833,2,0.8918471932411194
bHLH_1:20169565-20169814_reference_binding_2947,2,0.8811565637588501
bHLH_1:2017631-2017880_non_binding_740,2,0.9282851219177246
bHLH_1:2017631-2017880_non_binding_790,2,0.9222537875175476
bHLH_1:2017631-2017880_reference_binding_2532,2,0.926938533782959
bHLH_1:20209424-20209673_binding_205,2,0.9095913767814636
bHLH_1:20209424-20209673_reference_binding_2170,2,0.9158019423484802
bHLH_1:20262195-20262444_non_binding_1560,2,0.8926207423210144
bHLH_1:20262195-20262444_non_binding_1576,2,0.8870483636856079
bHLH_1:20262195-20262444_non_binding_1636,2,0.9052820205688477
bHLH_1:20262195-20262444_non_binding_1695,2,0.8998485207557678
bHLH_1:20262195-20262444_non_binding_1716,2,0.9002742767333984
bHLH_1:20262195-20262444_non_binding_1807,2,0.8904721736907959
bHLH_1:20262195-20262444_non_binding_1847,2,0.8920844197273254
bHLH_1:20262195-20262444_non_binding_1983,2,0.8903393149375916
bHLH_1:20262195-20262444_non_binding_562,2,0.8909022808074951
bHLH_1:20262195-20262444_reference_binding_2392,2,0.8943865895271301
bHLH_1:20326511-20326760_non_binding_514,2,0.903170108795166
bHLH_1:20326511-20326760_reference_binding_2347,2,0.902958869934082
bHLH_1:20333450-20333699_non_binding_1911,2,0.9229438304901123
bHLH_1:20333450-20333699_non_binding_772,2,0.9066100716590881
bHLH_1:20333450-20333699_non_binding_949,2,0.905062198638916
bHLH_1:20333450-20333699_reference_binding_2557,2,0.9059059619903564
bHLH_1:2035447-2035696_binding_1337,2,0.9070882201194763
bHLH_1:2035447-2035696_non_binding_783,2,0.9155226945877075
bHLH_1:2035447-2035696_reference_binding_2565,2,0.9201976656913757
bHLH_1:20386055-20386304_non_binding_522,2,0.899416446685791
bHLH_1:20386055-20386304_non_binding_900,2,0.9007595181465149
bHLH_1:20386055-20386304_reference_binding_2355,2,0.9005671143531799
bHLH_1:20393487-20393736_binding_128,2,0.9297033548355103
bHLH_1:20393487-20393736_reference_binding_2115,2,0.9385784864425659
bHLH_1:20445556-20445805_binding_113,2,0.9231688976287842
bHLH_1:20445556-20445805_binding_1159,2,0.9267128705978394
bHLH_1:20445556-20445805_reference_binding_2103,2,0.9234545826911926
bHLH_1:20450026-20450275_non_binding_612,2,0.9033520817756653
bHLH_1:20450026-20450275_reference_binding_2433,2,0.9093378782272339
bHLH_1:20463176-20463425_binding_1218,2,0.9250444769859314
bHLH_1:20463176-20463425_binding_353,2,0.9168171882629395
bHLH_1:20463176-20463425_reference_binding_2254,2,0.9258420467376709
bHLH_1:20464864-20465113_non_binding_1864,2,0.9099238514900208
bHLH_1:20464864-20465113_reference_binding_2958,2,0.9004440307617188
bHLH_1:20504519-20504768_non_binding_1545,2,0.9217841029167175
bHLH_1:20504519-20504768_reference_binding_2817,2,0.9208309650421143
bHLH_1:20524660-20524909_non_binding_1713,2,0.9255340099334717
bHLH_1:20524660-20524909_non_binding_510,2,0.9260492920875549
bHLH_1:20524660-20524909_reference_binding_2343,2,0.9234541654586792
bHLH_1:20551827-20552076_non_binding_1842,2,0.9225064516067505
bHLH_1:20551827-20552076_reference_binding_2952,2,0.9182425141334534
bHLH_1:20554334-20554583_non_binding_610,2,0.7970224618911743
bHLH_1:20554334-20554583_reference_binding_2431,2,0.8031038045883179
bHLH_1:20575572-20575821_binding_1261,2,0.8771888017654419
bHLH_1:20575572-20575821_reference_binding_2756,2,0.8802380561828613
bHLH_1:20587883-20588132_non_binding_880,2,0.8936539888381958
bHLH_1:20587883-20588132_reference_binding_2625,2,0.8905818462371826
bHLH_1:20625943-20626192_non_binding_761,2,0.9170646071434021
bHLH_1:20625943-20626192_reference_binding_2550,2,0.9059956669807434
bHLH_1:20651380-20651629_binding_309,2,0.8763952851295471
bHLH_1:20651380-20651629_reference_binding_2231,2,0.8848626017570496
bHLH_1:20654727-20654976_non_binding_701,2,0.9087433815002441
bHLH_1:20654727-20654976_reference_binding_2503,2,0.9131777286529541
bHLH_1:20677307-20677556_non_binding_632,2,0.9088223576545715
bHLH_1:20677307-20677556_reference_binding_2449,2,0.9120168685913086
bHLH_1:20678774-20679023_binding_1109,2,0.9238244891166687
bHLH_1:20678774-20679023_binding_1151,2,0.9233927726745605
bHLH_1:20678774-20679023_binding_1166,2,0.9213902354240417
bHLH_1:20678774-20679023_binding_1347,2,0.9249571561813354
bHLH_1:20678774-20679023_binding_1390,2,0.9197427034378052
bHLH_1:20678774-20679023_binding_1402,2,0.923262357711792
bHLH_1:20678774-20679023_binding_1426,2,0.9249609112739563
bHLH_1:20678774-20679023_binding_1474,2,0.9232383966445923
bHLH_1:20678774-20679023_reference_binding_2722,2,0.9225224852561951
bHLH_1:20681618-20681867_non_binding_1854,2,0.8976166248321533
bHLH_1:20681618-20681867_non_binding_1866,2,0.8969913125038147
bHLH_1:20681618-20681867_reference_binding_2954,2,0.8936405777931213
bHLH_1:20689491-20689740_non_binding_1642,2,0.89170902967453
bHLH_1:20689491-20689740_reference_binding_2865,2,0.894209086894989
bHLH_1:20701633-20701882_binding_1019,2,0.9266133308410645
bHLH_1:20701633-20701882_binding_197,2,0.9286802411079407
bHLH_1:20701633-20701882_binding_409,2,0.9197593331336975
bHLH_1:20701633-20701882_reference_binding_2163,2,0.9305835962295532
bHLH_1:207017-207266_binding_209,2,0.8847025632858276
bHLH_1:207017-207266_binding_37,2,0.8686124682426453
bHLH_1:207017-207266_binding_382,2,0.881321907043457
bHLH_1:207017-207266_reference_binding_2036,2,0.8929898142814636
bHLH_1:20760984-20761233_reference_binding_2023,2,0.9234240055084229
bHLH_1:2076798-2077047_non_binding_1548,2,0.7772286534309387
bHLH_1:2076798-2077047_non_binding_1696,2,0.7732509970664978
bHLH_1:2076798-2077047_reference_binding_2820,2,0.7767148017883301
bHLH_1:20779102-20779351_non_binding_1616,2,0.9027599096298218
bHLH_1:20779102-20779351_reference_binding_2854,2,0.8978936672210693
bHLH_1:20785513-20785762_non_binding_862,2,0.8142032623291016
bHLH_1:20785513-20785762_reference_binding_2611,2,0.8114153146743774
bHLH_1:20828029-20828278_non_binding_1649,2,0.9301855564117432
bHLH_1:20828029-20828278_reference_binding_2868,2,0.9310542941093445
bHLH_1:20830560-20830809_non_binding_1898,2,0.8963642120361328
bHLH_1:20830560-20830809_non_binding_1901,2,0.8932649493217468
bHLH_1:20830560-20830809_reference_binding_2964,2,0.9029169082641602
bHLH_1:20891503-20891752_non_binding_642,2,0.8466446399688721
bHLH_1:20891503-20891752_reference_binding_2456,2,0.8467735052108765
bHLH_1:209076-209325_non_binding_1709,2,0.9140851497650146
bHLH_1:209076-209325_non_binding_923,2,0.915623664855957
bHLH_1:209076-209325_reference_binding_2655,2,0.9165158867835999
bHLH_1:20921681-20921930_non_binding_1542,2,0.9081135392189026
bHLH_1:20921681-20921930_non_binding_709,2,0.904498279094696
bHLH_1:20921681-20921930_reference_binding_2511,2,0.9106789231300354
bHLH_1:21030606-21030855_binding_448,2,0.9189434051513672
bHLH_1:21030606-21030855_reference_binding_2305,2,0.9276056885719299
bHLH_1:21067397-21067646_non_binding_1634,2,0.8786532282829285
bHLH_1:21067397-21067646_non_binding_1732,2,0.8741173148155212
bHLH_1:21067397-21067646_non_binding_1741,2,0.8832651972770691
bHLH_1:21067397-21067646_reference_binding_2862,2,0.8840033411979675
bHLH_1:21134030-21134279_non_binding_530,2,0.8939436078071594
bHLH_1:21134030-21134279_reference_binding_2363,2,0.893554151058197
bHLH_1:21143469-21143718_non_binding_1578,2,0.9005342721939087
bHLH_1:21143469-21143718_non_binding_964,2,0.9100664854049683
bHLH_1:21143469-21143718_reference_binding_2672,2,0.9057784676551819
bHLH_1:212404-212653_non_binding_618,2,0.888713538646698
bHLH_1:212404-212653_reference_binding_2439,2,0.8941680192947388
bHLH_1:21241938-21242187_binding_1054,2,0.9117468595504761
bHLH_1:21241938-21242187_binding_420,2,0.9131191372871399
bHLH_1:21241938-21242187_binding_475,2,0.9190865755081177
bHLH_1:21241938-21242187_reference_binding_2293,2,0.915289580821991
bHLH_1:21243678-21243927_binding_83,2,0.9084413051605225
bHLH_1:21243678-21243927_reference_binding_2078,2,0.9114231467247009
bHLH_1:21259608-21259857_non_binding_1571,2,0.8944789171218872
bHLH_1:21259608-21259857_reference_binding_2832,2,0.8980416655540466
bHLH_1:21264672-21264921_non_binding_1736,2,0.8292050957679749
bHLH_1:21264672-21264921_non_binding_513,2,0.8216233253479004
bHLH_1:21264672-21264921_reference_binding_2346,2,0.8238078355789185
bHLH_1:2132912-2133161_non_binding_1505,2,0.8868057727813721
bHLH_1:2132912-2133161_reference_binding_2797,2,0.891165018081665
bHLH_1:21336942-21337191_non_binding_531,2,0.9095762372016907
bHLH_1:21336942-21337191_non_binding_966,2,0.9033288359642029
bHLH_1:21336942-21337191_reference_binding_2364,2,0.9070134162902832
bHLH_1:21372506-21372755_non_binding_905,2,0.847683310508728
bHLH_1:21372506-21372755_reference_binding_2643,2,0.8477628827095032
bHLH_1:2139753-2140002_non_binding_860,2,0.8144431114196777
bHLH_1:2139753-2140002_reference_binding_2610,2,0.8182737231254578
bHLH_1:21410680-21410929_binding_148,2,0.9208031892776489
bHLH_1:21410680-21410929_binding_244,2,0.9207707643508911
bHLH_1:21410680-21410929_binding_430,2,0.913575291633606
bHLH_1:21410680-21410929_reference_binding_2130,2,0.9150552153587341
bHLH_1:21430117-21430366_binding_1326,2,0.8167120218276978
bHLH_1:21430117-21430366_binding_354,2,0.8324777483940125
bHLH_1:21430117-21430366_binding_40,2,0.8312959671020508
bHLH_1:21430117-21430366_binding_442,2,0.8228661417961121
bHLH_1:21430117-21430366_reference_binding_2038,2,0.8457181453704834
bHLH_1:21456929-21457178_non_binding_1530,2,0.8357591032981873
bHLH_1:21456929-21457178_reference_binding_2808,2,0.8206093311309814
bHLH_1:215276-215525_binding_19,2,0.9188843369483948
bHLH_1:215276-215525_binding_468,2,0.9099951982498169
bHLH_1:215276-215525_reference_binding_2019,2,0.9148630499839783
bHLH_1:21534711-21534960_non_binding_1601,2,0.9382718801498413
bHLH_1:21534711-21534960_reference_binding_2845,2,0.9356331825256348
bHLH_1:21724619-21724868_non_binding_751,2,0.9289783835411072
bHLH_1:21724619-21724868_non_binding_762,2,0.9157368540763855
bHLH_1:21724619-21724868_non_binding_844,2,0.9195718765258789
bHLH_1:21724619-21724868_reference_binding_2541,2,0.9247831106185913
bHLH_1:2181467-2181716_binding_1177,2,0.9273190498352051
bHLH_1:2181467-2181716_reference_binding_2741,2,0.9299817681312561
bHLH_1:21877293-21877542_binding_1153,2,0.8604516983032227
bHLH_1:21877293-21877542_reference_binding_2737,2,0.8799730539321899
bHLH_1:21897124-21897373_non_binding_1973,2,0.8978977203369141
bHLH_1:21897124-21897373_reference_binding_2984,2,0.8938877582550049
bHLH_1:21909377-21909626_non_binding_670,2,0.8109819293022156
bHLH_1:21909377-21909626_reference_binding_2479,2,0.8164324164390564
bHLH_1:219164-219413_binding_1107,2,0.8804417252540588
bHLH_1:219164-219413_reference_binding_2721,2,0.8963943123817444
bHLH_1:21923716-21923965_non_binding_1764,2,0.9071485996246338
bHLH_1:21923716-21923965_reference_binding_2915,2,0.9068359136581421
bHLH_1:2192973-2193222_binding_1373,2,0.9038050770759583
bHLH_1:2192973-2193222_reference_binding_2784,2,0.9062480926513672
bHLH_1:21940841-21941090_binding_1108,2,0.9131441116333008
bHLH_1:21940841-21941090_binding_123,2,0.9154321551322937
bHLH_1:21940841-21941090_binding_1263,2,0.9142317771911621
bHLH_1:21940841-21941090_binding_1457,2,0.9150615930557251
bHLH_1:21940841-21941090_non_binding_686,2,0.907575786113739
bHLH_1:21940841-21941090_reference_binding_2111,2,0.914888322353363
bHLH_1:21976546-21976795_non_binding_881,2,0.8718637824058533
bHLH_1:21976546-21976795_reference_binding_2626,2,0.8730340003967285
bHLH_1:21981881-21982130_non_binding_749,2,0.9194992184638977
bHLH_1:21981881-21982130_reference_binding_2539,2,0.9180115461349487
bHLH_1:2198605-2198854_non_binding_1993,2,0.8508078455924988
bHLH_1:2198605-2198854_reference_binding_2987,2,0.8230013847351074
bHLH_1:22054888-22055137_non_binding_1521,2,0.8305771350860596
bHLH_1:22054888-22055137_non_binding_903,2,0.8256365060806274
bHLH_1:22054888-22055137_reference_binding_2641,2,0.8254449367523193
bHLH_1:22065053-22065302_binding_333,2,0.9361758828163147
bHLH_1:22065053-22065302_binding_484,2,0.9335158467292786
bHLH_1:22065053-22065302_reference_binding_2243,2,0.941124677658081
bHLH_1:2206671-2206920_non_binding_608,2,0.7940006256103516
bHLH_1:2206671-2206920_reference_binding_2429,2,0.8087047934532166
bHLH_1:22101706-22101955_non_binding_710,2,0.8758584260940552
bHLH_1:22101706-22101955_non_binding_835,2,0.8833677172660828
bHLH_1:22101706-22101955_reference_binding_2512,2,0.883699357509613
bHLH_1:22103296-22103545_non_binding_755,2,0.8971313238143921
bHLH_1:22103296-22103545_non_binding_933,2,0.8982930183410645
bHLH_1:22103296-22103545_reference_binding_2545,2,0.9007997512817383
bHLH_1:22104124-22104373_binding_1405,2,0.8063099980354309
bHLH_1:22104124-22104373_binding_1490,2,0.8038520216941833
bHLH_1:22104124-22104373_reference_binding_2788,2,0.8063102960586548
bHLH_1:22119528-22119777_non_binding_1580,2,0.8886957168579102
bHLH_1:22119528-22119777_reference_binding_2834,2,0.8891599178314209
bHLH_1:22127552-22127801_non_binding_1697,2,0.9086663126945496
bHLH_1:22127552-22127801_reference_binding_2887,2,0.9125317931175232
bHLH_1:22137705-22137954_binding_1086,2,0.8961563110351562
bHLH_1:22137705-22137954_binding_65,2,0.9087387919425964
bHLH_1:22137705-22137954_reference_binding_2061,2,0.9087238311767578
bHLH_1:2214797-2215046_non_binding_1872,2,0.9120937585830688
bHLH_1:2214797-2215046_non_binding_542,2,0.9216171503067017
bHLH_1:2214797-2215046_non_binding_668,2,0.9235890507698059
bHLH_1:2214797-2215046_reference_binding_2375,2,0.9257937073707581
bHLH_1:22164027-22164276_non_binding_636,2,0.9426819682121277
bHLH_1:22164027-22164276_non_binding_955,2,0.9387426376342773
bHLH_1:22164027-22164276_reference_binding_2453,2,0.9427822232246399
bHLH_1:22184575-22184824_binding_95,2,0.8984176516532898
bHLH_1:22184575-22184824_reference_binding_2089,2,0.8955525159835815
bHLH_1:22212187-22212436_non_binding_1579,2,0.8551715016365051
bHLH_1:22212187-22212436_non_binding_771,2,0.8332120180130005
bHLH_1:22212187-22212436_non_binding_851,2,0.8281101584434509
bHLH_1:22212187-22212436_reference_binding_2556,2,0.8401226997375488
bHLH_1:22217626-22217875_non_binding_699,2,0.9303147792816162
bHLH_1:22217626-22217875_non_binding_987,2,0.9263231158256531
bHLH_1:22217626-22217875_reference_binding_2501,2,0.9334710836410522
bHLH_1:22265312-22265561_binding_257,2,0.9153485298156738
bHLH_1:22265312-22265561_binding_9,2,0.9138950705528259
bHLH_1:22265312-22265561_reference_binding_2009,2,0.9201480746269226
bHLH_1:22279728-22279977_non_binding_794,2,0.8694331049919128
bHLH_1:22279728-22279977_reference_binding_2574,2,0.8827077150344849
bHLH_1:22284313-22284562_non_binding_1959,2,0.8258879780769348
bHLH_1:22284313-22284562_reference_binding_2979,2,0.8220852613449097
bHLH_1:22312060-22312309_binding_1141,2,0.8238593935966492
bHLH_1:22312060-22312309_binding_364,2,0.8831279873847961
bHLH_1:22312060-22312309_reference_binding_2260,2,0.8276153802871704
bHLH_1:22319304-22319553_non_binding_573,2,0.9320642948150635
bHLH_1:22319304-22319553_reference_binding_2398,2,0.93659508228302
bHLH_1:22341210-22341459_binding_224,2,0.8855130076408386
bHLH_1:22341210-22341459_reference_binding_2181,2,0.8996455669403076
bHLH_1:22355648-22355897_non_binding_773,2,0.7997423410415649
bHLH_1:22355648-22355897_non_binding_959,2,0.8058916330337524
bHLH_1:22355648-22355897_reference_binding_2558,2,0.8153377175331116
bHLH_1:22382548-22382797_binding_330,2,0.8624056577682495
bHLH_1:22382548-22382797_binding_365,2,0.8503979444503784
bHLH_1:22382548-22382797_reference_binding_2242,2,0.8591660857200623
bHLH_1:22414140-22414389_non_binding_1625,2,0.9282198548316956
bHLH_1:22414140-22414389_non_binding_1683,2,0.9279878735542297
bHLH_1:22414140-22414389_non_binding_1819,2,0.9234474897384644
bHLH_1:22414140-22414389_non_binding_1844,2,0.9329984188079834
bHLH_1:22414140-22414389_non_binding_615,2,0.9207553863525391
bHLH_1:22414140-22414389_reference_binding_2436,2,0.9250331521034241
bHLH_1:22445916-22446165_binding_413,2,0.9075825214385986
bHLH_1:22445916-22446165_reference_binding_2289,2,0.9048197865486145
bHLH_1:22468869-22469118_non_binding_904,2,0.9103348255157471
bHLH_1:22468869-22469118_non_binding_912,2,0.9154772162437439
bHLH_1:22468869-22469118_reference_binding_2642,2,0.9171150922775269
bHLH_1:22475653-22475902_binding_1173,2,0.8703110218048096
bHLH_1:22475653-22475902_binding_80,2,0.9010648131370544
bHLH_1:22475653-22475902_reference_binding_2076,2,0.8751653432846069
bHLH_1:2248012-2248261_non_binding_703,2,0.8496347665786743
bHLH_1:2248012-2248261_reference_binding_2505,2,0.8591158986091614
bHLH_1:22492035-22492284_binding_107,2,0.9295839667320251
bHLH_1:22492035-22492284_binding_1139,2,0.9311333298683167
bHLH_1:22492035-22492284_binding_1481,2,0.9276660084724426
bHLH_1:22492035-22492284_binding_219,2,0.9348185062408447
bHLH_1:22492035-22492284_reference_binding_2098,2,0.9343854784965515
bHLH_1:22510240-22510489_binding_236,2,0.8748378157615662
bHLH_1:22510240-22510489_binding_326,2,0.8844678997993469
bHLH_1:22510240-22510489_reference_binding_2191,2,0.8846437335014343
bHLH_1:22636321-22636570_non_binding_831,2,0.9018219113349915
bHLH_1:22636321-22636570_reference_binding_2592,2,0.905147135257721
bHLH_1:22652488-22652737_non_binding_725,2,0.851020097732544
bHLH_1:22652488-22652737_non_binding_728,2,0.8392030596733093
bHLH_1:22652488-22652737_reference_binding_2523,2,0.8505132794380188
bHLH_1:22710963-22711212_non_binding_1676,2,0.9280250072479248
bHLH_1:22710963-22711212_reference_binding_2882,2,0.931759774684906
bHLH_1:2272710-2272959_binding_1058,2,0.8986174464225769
bHLH_1:2272710-2272959_binding_410,2,0.9157513976097107
bHLH_1:2272710-2272959_binding_474,2,0.8984328508377075
bHLH_1:2272710-2272959_reference_binding_2286,2,0.8950770497322083
bHLH_1:22801122-22801371_non_binding_1506,2,0.9272419810295105
bHLH_1:22801122-22801371_non_binding_926,2,0.9257982969284058
bHLH_1:22801122-22801371_reference_binding_2657,2,0.9254925847053528
bHLH_1:22812917-22813166_binding_1045,2,0.928912341594696
bHLH_1:22812917-22813166_binding_1268,2,0.9287879467010498
bHLH_1:22812917-22813166_binding_1438,2,0.9304966926574707
bHLH_1:22812917-22813166_reference_binding_2699,2,0.9261228442192078
bHLH_1:22823161-22823410_binding_300,2,0.9408665895462036
bHLH_1:22823161-22823410_reference_binding_2226,2,0.9399062395095825
bHLH_1:2286728-2286977_binding_247,2,0.910538911819458
bHLH_1:2286728-2286977_binding_369,2,0.9095860719680786
bHLH_1:2286728-2286977_binding_436,2,0.907296895980835
bHLH_1:2286728-2286977_reference_binding_2198,2,0.9172617793083191
bHLH_1:22897270-22897519_non_binding_942,2,0.8916643261909485
bHLH_1:22897270-22897519_reference_binding_2663,2,0.9082562923431396
bHLH_1:22922302-22922551_binding_391,2,0.8613153696060181
bHLH_1:22922302-22922551_reference_binding_2274,2,0.8589763045310974
bHLH_1:22945622-22945871_binding_1041,2,0.9009759426116943
bHLH_1:22945622-22945871_binding_418,2,0.8993518948554993
bHLH_1:22945622-22945871_binding_465,2,0.8965456485748291
bHLH_1:22945622-22945871_reference_binding_2291,2,0.9038604497909546
bHLH_1:23015182-23015431_non_binding_1669,2,0.9200684428215027
bHLH_1:23015182-23015431_reference_binding_2879,2,0.9183341264724731
bHLH_1:23075435-23075684_non_binding_604,2,0.9322601556777954
bHLH_1:23075435-23075684_reference_binding_2425,2,0.9314475655555725
bHLH_1:23135004-23135253_non_binding_1963,2,0.9255450367927551
bHLH_1:23135004-23135253_reference_binding_2980,2,0.9191827774047852
bHLH_1:23229389-23229638_binding_96,2,0.8743790984153748
bHLH_1:23229389-23229638_reference_binding_2090,2,0.8718313574790955
bHLH_1:23231263-23231512_non_binding_1547,2,0.8126444220542908
bHLH_1:23231263-23231512_reference_binding_2819,2,0.8112797141075134
bHLH_1:23279101-23279350_non_binding_625,2,0.8798263072967529
bHLH_1:23279101-23279350_reference_binding_2443,2,0.8717893362045288
bHLH_1:23374349-23374598_non_binding_682,2,0.8915910720825195
bHLH_1:23374349-23374598_reference_binding_2489,2,0.8986994624137878
bHLH_1:2338279-2338528_binding_269,2,0.9035533666610718
bHLH_1:2338279-2338528_reference_binding_2209,2,0.8818790316581726
bHLH_1:23408110-23408359_non_binding_521,2,0.9271525740623474
bHLH_1:23408110-23408359_reference_binding_2354,2,0.9299671053886414
bHLH_1:23428003-23428252_non_binding_631,2,0.9186652898788452
bHLH_1:23428003-23428252_reference_binding_2448,2,0.9238767027854919
bHLH_1:23441618-23441867_non_binding_1892,2,0.9220829010009766
bHLH_1:23441618-23441867_reference_binding_2963,2,0.9141022562980652
bHLH_1:23448736-23448985_non_binding_1564,2,0.923162579536438
bHLH_1:23448736-23448985_non_binding_661,2,0.9197292327880859
bHLH_1:23448736-23448985_reference_binding_2472,2,0.9203586578369141
bHLH_1:2348582-2348831_binding_50,2,0.8897972106933594
bHLH_1:2348582-2348831_reference_binding_2046,2,0.8802636861801147
bHLH_1:23520865-23521114_non_binding_1585,2,0.9179748892784119
bHLH_1:23520865-23521114_non_binding_1791,2,0.9101952314376831
bHLH_1:23520865-23521114_reference_binding_2837,2,0.9173275828361511
bHLH_1:23534909-23535158_binding_185,2,0.7925292253494263
bHLH_1:23534909-23535158_reference_binding_2155,2,0.7828565835952759
bHLH_1:23580328-23580577_non_binding_1818,2,0.9023823142051697
bHLH_1:23580328-23580577_reference_binding_2942,2,0.9093779921531677
bHLH_1:2359902-2360151_binding_1118,2,0.7853700518608093
bHLH_1:2359902-2360151_binding_1127,2,0.7924852967262268
bHLH_1:2359902-2360151_binding_1178,2,0.8046759963035583
bHLH_1:2359902-2360151_binding_277,2,0.7891725897789001
bHLH_1:2359902-2360151_reference_binding_2210,2,0.7839480638504028
bHLH_1:23614576-23614825_binding_1008,2,0.7845483422279358
bHLH_1:23614576-23614825_non_binding_1526,2,0.7849288582801819
bHLH_1:23614576-23614825_non_binding_1555,2,0.780322253704071
bHLH_1:23614576-23614825_reference_binding_2685,2,0.7844065427780151
bHLH_1:23639342-23639591_non_binding_738,2,0.912555992603302
bHLH_1:23639342-23639591_reference_binding_2530,2,0.913176417350769
bHLH_1:23687871-23688120_non_binding_1537,2,0.9169970154762268
bHLH_1:23687871-23688120_non_binding_847,2,0.9163878560066223
bHLH_1:23687871-23688120_reference_binding_2601,2,0.9192653298377991
bHLH_1:23689032-23689281_binding_12,2,0.9404926896095276
bHLH_1:23689032-23689281_non_binding_864,2,0.9371635317802429
bHLH_1:23689032-23689281_reference_binding_2012,2,0.9435968995094299
bHLH_1:2370234-2370483_binding_1124,2,0.8117603659629822
bHLH_1:2370234-2370483_binding_1307,2,0.8205617666244507
bHLH_1:2370234-2370483_reference_binding_2725,2,0.8098021149635315
bHLH_1:23704100-23704349_binding_1212,2,0.8981512188911438
bHLH_1:23704100-23704349_binding_1296,2,0.9028445482254028
bHLH_1:23704100-23704349_binding_1485,2,0.8999383449554443
bHLH_1:23704100-23704349_binding_427,2,0.9022104740142822
bHLH_1:23704100-23704349_reference_binding_2295,2,0.90046226978302
bHLH_1:23717662-23717911_non_binding_1608,2,0.8907809853553772
bHLH_1:23717662-23717911_non_binding_846,2,0.8884079456329346
bHLH_1:23717662-23717911_non_binding_937,2,0.8877235651016235
bHLH_1:23717662-23717911_reference_binding_2600,2,0.8834882378578186
bHLH_1:23726451-23726700_non_binding_1813,2,0.8809477686882019
bHLH_1:23740371-23740620_non_binding_714,2,0.8405994176864624
bHLH_1:23740371-23740620_reference_binding_2515,2,0.850881814956665
bHLH_1:23766069-23766318_non_binding_896,2,0.9316317439079285
bHLH_1:23766069-23766318_reference_binding_2636,2,0.9330291152000427
bHLH_1:238359-238608_binding_1080,2,0.7938053011894226
bHLH_1:238359-238608_binding_1196,2,0.7972803115844727
bHLH_1:238359-238608_binding_1244,2,0.7910474538803101
bHLH_1:238359-238608_binding_455,2,0.798920214176178
bHLH_1:238359-238608_reference_binding_2311,2,0.7925783395767212
bHLH_1:23845554-23845803_binding_1282,2,0.9258590340614319
bHLH_1:23845554-23845803_binding_1460,2,0.9211494326591492
bHLH_1:23845554-23845803_reference_binding_2764,2,0.9240120053291321
bHLH_1:23853726-23853975_binding_297,2,0.839509129524231
bHLH_1:23853726-23853975_non_binding_857,2,0.8657203912734985
bHLH_1:23853726-23853975_reference_binding_2225,2,0.8504648804664612
bHLH_1:23866038-23866287_non_binding_1568,2,0.9046750068664551
bHLH_1:23866038-23866287_non_binding_1658,2,0.9020242094993591
bHLH_1:23866038-23866287_reference_binding_2830,2,0.8992384672164917
bHLH_1:23903123-23903372_binding_295,2,0.9236266613006592
bHLH_1:23903123-23903372_binding_306,2,0.9232802391052246
bHLH_1:23903123-23903372_binding_318,2,0.9263305068016052
bHLH_1:23903123-23903372_binding_346,2,0.9235625267028809
bHLH_1:23903123-23903372_reference_binding_2223,2,0.9231659770011902
bHLH_1:23908379-23908628_non_binding_693,2,0.885971188545227
bHLH_1:23908379-23908628_reference_binding_2497,2,0.8976172208786011
bHLH_1:23912722-23912971_binding_100,2,0.8684598207473755
bHLH_1:23912722-23912971_reference_binding_2092,2,0.8783336877822876
bHLH_1:239379-239628_binding_308,2,0.9325844049453735
bHLH_1:239379-239628_non_binding_891,2,0.934106171131134
bHLH_1:239379-239628_reference_binding_2230,2,0.9356507658958435
bHLH_1:24010023-24010272_non_binding_567,2,0.9088801145553589
bHLH_1:24010023-24010272_non_binding_747,2,0.9121242761611938
bHLH_1:24010023-24010272_reference_binding_2394,2,0.9113256931304932
bHLH_1:24023134-24023383_non_binding_1504,2,0.8926443457603455
bHLH_1:24023134-24023383_non_binding_1650,2,0.8921671509742737
bHLH_1:24023134-24023383_reference_binding_2796,2,0.8952346444129944
bHLH_1:24040149-24040398_binding_223,2,0.8532541990280151
bHLH_1:24040149-24040398_binding_299,2,0.8717172145843506
bHLH_1:24040149-24040398_reference_binding_2180,2,0.8366467356681824
bHLH_1:24045068-24045317_non_binding_656,2,0.863025426864624
bHLH_1:24045068-24045317_non_binding_726,2,0.8669031858444214
bHLH_1:24045068-24045317_reference_binding_2467,2,0.8662576675415039
bHLH_1:24047691-24047940_binding_1081,2,0.8975668549537659
bHLH_1:24047691-24047940_binding_1452,2,0.9068393707275391
bHLH_1:24047691-24047940_binding_159,2,0.9070300459861755
bHLH_1:24047691-24047940_binding_220,2,0.9006340503692627
bHLH_1:24047691-24047940_binding_469,2,0.9031185507774353
bHLH_1:24047691-24047940_reference_binding_2140,2,0.8969359397888184
bHLH_1:24050331-24050580_non_binding_1684,2,0.8841094374656677
bHLH_1:24050331-24050580_non_binding_1705,2,0.8817110061645508
bHLH_1:24050331-24050580_reference_binding_2883,2,0.8814164400100708
bHLH_1:24074590-24074839_binding_206,2,0.9238653779029846
bHLH_1:24074590-24074839_non_binding_776,2,0.9203543663024902
bHLH_1:24074590-24074839_non_binding_991,2,0.9124256372451782
bHLH_1:24074590-24074839_reference_binding_2171,2,0.9234194159507751
bHLH_1:24103440-24103689_non_binding_1572,2,0.9019220471382141
bHLH_1:24103440-24103689_non_binding_874,2,0.8864063620567322
bHLH_1:24103440-24103689_reference_binding_2619,2,0.9026442766189575
bHLH_1:24121249-24121498_non_binding_582,2,0.7883450388908386
bHLH_1:24121249-24121498_reference_binding_2405,2,0.7896016836166382
bHLH_1:24132512-24132761_binding_313,2,0.8702458143234253
bHLH_1:24132512-24132761_binding_398,2,0.8775032758712769
bHLH_1:24132512-24132761_reference_binding_2235,2,0.8886595368385315
bHLH_1:241725-241974_binding_1123,2,0.9176713228225708
bHLH_1:241725-241974_reference_binding_2724,2,0.9168624877929688
bHLH_1:24212066-24212315_non_binding_1861,2,0.9172175526618958
bHLH_1:24212066-24212315_non_binding_1996,2,0.9149565100669861
bHLH_1:24212066-24212315_reference_binding_2957,2,0.9125356078147888
bHLH_1:24228136-24228385_binding_329,2,0.8990219831466675
bHLH_1:24228136-24228385_reference_binding_2241,2,0.8911150693893433
bHLH_1:24256868-24257117_non_binding_1769,2,0.9139291644096375
bHLH_1:24256868-24257117_reference_binding_2918,2,0.9154693484306335
bHLH_1:24267850-24268099_non_binding_1718,2,0.9376124143600464
bHLH_1:24267850-24268099_reference_binding_2894,2,0.9387562870979309
bHLH_1:24320764-24321013_non_binding_1850,2,0.9064277410507202
bHLH_1:24320764-24321013_non_binding_1894,2,0.9140308499336243
bHLH_1:24320764-24321013_non_binding_591,2,0.9074495434761047
bHLH_1:24320764-24321013_reference_binding_2414,2,0.9147239327430725
bHLH_1:24495997-24496246_non_binding_1816,2,0.9283587336540222
bHLH_1:24495997-24496246_non_binding_1849,2,0.9311701059341431
bHLH_1:24495997-24496246_non_binding_602,2,0.92971271276474
bHLH_1:24495997-24496246_reference_binding_2423,2,0.9340741038322449
bHLH_1:2449794-2450043_non_binding_1908,2,0.9027712941169739
bHLH_1:2449794-2450043_non_binding_1957,2,0.8950505256652832
bHLH_1:2449794-2450043_reference_binding_2968,2,0.8965497016906738
bHLH_1:24518960-24519209_non_binding_712,2,0.8643028140068054
bHLH_1:24518960-24519209_non_binding_801,2,0.8615978360176086
bHLH_1:24518960-24519209_reference_binding_2514,2,0.8596580028533936
bHLH_1:24574451-24574700_non_binding_757,2,0.8466406464576721
bHLH_1:24574451-24574700_reference_binding_2547,2,0.839777946472168
bHLH_1:24578300-24578549_binding_1278,2,0.9052075743675232
bHLH_1:24578300-24578549_reference_binding_2761,2,0.909570574760437
bHLH_1:24611549-24611798_binding_1224,2,0.8863465785980225
bHLH_1:24611549-24611798_binding_1264,2,0.8821778893470764
bHLH_1:24611549-24611798_binding_1338,2,0.8856596350669861
bHLH_1:24611549-24611798_reference_binding_2747,2,0.889125645160675
bHLH_1:24658307-24658556_binding_359,2,0.9019112586975098
bHLH_1:24658307-24658556_non_binding_564,2,0.9034614562988281
bHLH_1:24658307-24658556_reference_binding_2258,2,0.9075714945793152
bHLH_1:24686700-24686949_non_binding_590,2,0.9236224889755249
bHLH_1:24686700-24686949_reference_binding_2413,2,0.9302433133125305
bHLH_1:24702548-24702797_non_binding_606,2,0.9309981465339661
bHLH_1:24702548-24702797_reference_binding_2427,2,0.9343849420547485
bHLH_1:24731433-24731682_non_binding_595,2,0.9078432321548462
bHLH_1:24731433-24731682_reference_binding_2417,2,0.9077025651931763
bHLH_1:24785799-24786048_binding_1183,2,0.8791781663894653
bHLH_1:24785799-24786048_non_binding_1598,2,0.8793943524360657
bHLH_1:24785799-24786048_non_binding_778,2,0.8770334124565125
bHLH_1:24785799-24786048_reference_binding_2561,2,0.876831591129303
bHLH_1:24841607-24841856_binding_1203,2,0.8739662170410156
bHLH_1:24841607-24841856_binding_1346,2,0.8720658421516418
bHLH_1:24841607-24841856_binding_59,2,0.880454421043396
bHLH_1:24841607-24841856_reference_binding_2055,2,0.8809359073638916
bHLH_1:24939619-24939868_non_binding_1589,2,0.9223067760467529
bHLH_1:24939619-24939868_reference_binding_2839,2,0.9249237775802612
bHLH_1:24942374-24942623_non_binding_1596,2,0.8747155666351318
bHLH_1:24942374-24942623_non_binding_515,2,0.8724110722541809
bHLH_1:24942374-24942623_reference_binding_2348,2,0.8704264163970947
bHLH_1:24989431-24989680_non_binding_792,2,0.8608112335205078
bHLH_1:24989431-24989680_non_binding_954,2,0.860188901424408
bHLH_1:24989431-24989680_reference_binding_2572,2,0.8511785268783569
bHLH_1:25000224-25000473_non_binding_1611,2,0.916252076625824
bHLH_1:25000224-25000473_reference_binding_2851,2,0.9198412299156189
bHLH_1:25040550-25040799_non_binding_789,2,0.8858598470687866
bHLH_1:25040550-25040799_reference_binding_2570,2,0.893197238445282
bHLH_1:25063666-25063915_non_binding_644,2,0.8968689441680908
bHLH_1:25063666-25063915_reference_binding_2458,2,0.8987817168235779
bHLH_1:25083215-25083464_binding_2,2,0.8888146877288818
bHLH_1:25083215-25083464_reference_binding_2002,2,0.908721387386322
bHLH_1:25105347-25105596_binding_14,2,0.9301379323005676
bHLH_1:25105347-25105596_non_binding_1523,2,0.9269912242889404
bHLH_1:25105347-25105596_non_binding_1843,2,0.9330717921257019
bHLH_1:25105347-25105596_reference_binding_2014,2,0.9285985827445984
bHLH_1:25249774-25250023_non_binding_742,2,0.8744725584983826
bHLH_1:25249774-25250023_reference_binding_2534,2,0.8772646188735962
bHLH_1:2527360-2527609_binding_199,2,0.8521502614021301
bHLH_1:2527360-2527609_reference_binding_2165,2,0.8538808226585388
bHLH_1:25277336-25277585_non_binding_741,2,0.8850873708724976
bHLH_1:25277336-25277585_reference_binding_2533,2,0.8824238777160645
bHLH_1:25280574-25280823_non_binding_1721,2,0.8986184597015381
bHLH_1:25280574-25280823_reference_binding_2897,2,0.8973140120506287
bHLH_1:25332870-25333119_binding_1247,2,0.8937117457389832
bHLH_1:25332870-25333119_binding_1455,2,0.8945292830467224
bHLH_1:25332870-25333119_non_binding_786,2,0.8873271942138672
bHLH_1:25332870-25333119_reference_binding_2567,2,0.8841596245765686
bHLH_1:25374058-25374307_binding_1033,2,0.8912488222122192
bHLH_1:25374058-25374307_binding_1049,2,0.8998991847038269
bHLH_1:25374058-25374307_binding_1094,2,0.8972519636154175
bHLH_1:25374058-25374307_binding_1112,2,0.8977319002151489
bHLH_1:25374058-25374307_binding_1241,2,0.8940317630767822
bHLH_1:25374058-25374307_binding_127,2,0.9068820476531982
bHLH_1:25374058-25374307_binding_1322,2,0.8993151187896729
bHLH_1:25374058-25374307_binding_1362,2,0.8970637321472168
bHLH_1:25374058-25374307_binding_1461,2,0.899965226650238
bHLH_1:25374058-25374307_binding_1476,2,0.8955272436141968
bHLH_1:25374058-25374307_binding_66,2,0.9132706522941589
bHLH_1:25374058-25374307_binding_98,2,0.912300169467926
bHLH_1:25374058-25374307_reference_binding_2062,2,0.9081045985221863
bHLH_1:25380602-25380851_non_binding_1595,2,0.9010725617408752
bHLH_1:25380602-25380851_non_binding_1757,2,0.9103254675865173
bHLH_1:25380602-25380851_non_binding_1780,2,0.9092144966125488
bHLH_1:25380602-25380851_non_binding_1942,2,0.9099428653717041
bHLH_1:25380602-25380851_non_binding_907,2,0.8963733911514282
bHLH_1:25380602-25380851_reference_binding_2645,2,0.8997303247451782
bHLH_1:25382017-25382266_binding_1246,2,0.8891248106956482
bHLH_1:25382017-25382266_binding_1274,2,0.8930566906929016
bHLH_1:25382017-25382266_reference_binding_2751,2,0.8949304223060608
bHLH_1:25409102-25409351_non_binding_1848,2,0.8644824624061584
bHLH_1:25409102-25409351_non_binding_663,2,0.8646503686904907
bHLH_1:25409102-25409351_reference_binding_2473,2,0.8729797005653381
bHLH_1:25409938-25410187_non_binding_837,2,0.8768987059593201
bHLH_1:25409938-25410187_non_binding_840,2,0.8811169266700745
bHLH_1:25409938-25410187_non_binding_918,2,0.878436267375946
bHLH_1:25409938-25410187_non_binding_938,2,0.8839572072029114
bHLH_1:25409938-25410187_non_binding_983,2,0.8740935325622559
bHLH_1:25409938-25410187_reference_binding_2595,2,0.8851569294929504
bHLH_1:25417464-25417713_binding_1248,2,0.8274601697921753
bHLH_1:25417464-25417713_reference_binding_2752,2,0.8233768343925476
bHLH_1:25421728-25421977_non_binding_1754,2,0.9321076273918152
bHLH_1:25421728-25421977_non_binding_1792,2,0.9321736693382263
bHLH_1:25421728-25421977_non_binding_1838,2,0.9316990375518799
bHLH_1:25421728-25421977_non_binding_1845,2,0.9303023219108582
bHLH_1:25421728-25421977_non_binding_892,2,0.9218669533729553
bHLH_1:25421728-25421977_reference_binding_2634,2,0.921903669834137
bHLH_1:25441572-25441821_binding_443,2,0.8939512372016907
bHLH_1:25441572-25441821_reference_binding_2300,2,0.875789999961853
bHLH_1:25449230-25449479_non_binding_879,2,0.9277642369270325
bHLH_1:25449230-25449479_reference_binding_2624,2,0.9310314059257507
bHLH_1:25449857-25450106_binding_1318,2,0.800934910774231
bHLH_1:25449857-25450106_binding_371,2,0.8014466166496277
bHLH_1:25449857-25450106_binding_62,2,0.8209694623947144
bHLH_1:25449857-25450106_reference_binding_2058,2,0.8006852865219116
bHLH_1:25451346-25451595_non_binding_1680,2,0.8966756463050842
bHLH_1:25451346-25451595_non_binding_875,2,0.8934076428413391
bHLH_1:25451346-25451595_reference_binding_2620,2,0.8963862657546997
bHLH_1:254543-254792_non_binding_524,2,0.909309446811676
bHLH_1:254543-254792_reference_binding_2357,2,0.9082225561141968
bHLH_1:25466657-25466906_non_binding_633,2,0.9229605197906494
bHLH_1:25466657-25466906_reference_binding_2450,2,0.9205334186553955
bHLH_1:25571611-25571860_non_binding_1781,2,0.9287484884262085
bHLH_1:25571611-25571860_non_binding_1846,2,0.9277328252792358
bHLH_1:25571611-25571860_non_binding_1976,2,0.9291289448738098
bHLH_1:25571611-25571860_non_binding_1984,2,0.9256099462509155
bHLH_1:25571611-25571860_reference_binding_2922,2,0.9237582683563232
bHLH_1:25596018-25596267_non_binding_1536,2,0.9128437042236328
bHLH_1:25596018-25596267_non_binding_1566,2,0.9174606204032898
bHLH_1:25596018-25596267_reference_binding_2812,2,0.9137742519378662
bHLH_1:25646870-25647119_binding_1152,2,0.818812906742096
bHLH_1:25646870-25647119_binding_152,2,0.8538055419921875
bHLH_1:25646870-25647119_reference_binding_2134,2,0.8253462314605713
bHLH_1:25675158-25675407_non_binding_1534,2,0.9231754541397095
bHLH_1:25675158-25675407_reference_binding_2811,2,0.9227204322814941
bHLH_1:25701681-25701930_binding_164,2,0.884158194065094
bHLH_1:25701681-25701930_reference_binding_2144,2,0.8836514949798584
bHLH_1:25711896-25712145_non_binding_1581,2,0.8883237242698669
bHLH_1:25711896-25712145_non_binding_1626,2,0.8978525400161743
bHLH_1:25711896-25712145_non_binding_1682,2,0.8893765211105347
bHLH_1:25711896-25712145_non_binding_1712,2,0.8863685727119446
bHLH_1:25711896-25712145_reference_binding_2835,2,0.8922728300094604
bHLH_1:25787076-25787325_non_binding_1982,2,0.9145911931991577
bHLH_1:25787076-25787325_non_binding_579,2,0.9226593375205994
bHLH_1:25787076-25787325_reference_binding_2403,2,0.9196664094924927
bHLH_1:25839163-25839412_binding_472,2,0.8108518719673157
bHLH_1:25839163-25839412_reference_binding_2320,2,0.8270069360733032
bHLH_1:25849578-25849827_non_binding_585,2,0.8122183084487915
bHLH_1:25849578-25849827_reference_binding_2408,2,0.8184400200843811
bHLH_1:25858513-25858762_non_binding_677,2,0.9342525601387024
bHLH_1:25858513-25858762_non_binding_732,2,0.9351688027381897
bHLH_1:25858513-25858762_reference_binding_2484,2,0.9362294673919678
bHLH_1:25863507-25863756_non_binding_1565,2,0.8685023188591003
bHLH_1:25863507-25863756_non_binding_1782,2,0.8747113347053528
bHLH_1:25863507-25863756_reference_binding_2828,2,0.8733776211738586
bHLH_1:25870567-25870816_non_binding_1609,2,0.9238857626914978
bHLH_1:25870567-25870816_non_binding_600,2,0.9222420454025269
bHLH_1:25870567-25870816_non_binding_676,2,0.9251615405082703
bHLH_1:25870567-25870816_reference_binding_2422,2,0.9248700737953186
bHLH_1:2588965-2589214_binding_1312,2,0.8446024656295776
bHLH_1:2588965-2589214_reference_binding_2772,2,0.8649994134902954
bHLH_1:2589229-2589478_binding_402,2,0.858218789100647
bHLH_1:2589229-2589478_reference_binding_2280,2,0.8417069315910339
bHLH_1:26038687-26038936_binding_1067,2,0.8922768831253052
bHLH_1:26038687-26038936_binding_1377,2,0.8895511031150818
bHLH_1:26038687-26038936_reference_binding_2708,2,0.9058899879455566
bHLH_1:26045463-26045712_binding_227,2,0.8409778475761414
bHLH_1:26045463-26045712_binding_301,2,0.8469260334968567
bHLH_1:26045463-26045712_reference_binding_2183,2,0.8689022064208984
bHLH_1:26101739-26101988_non_binding_1567,2,0.9097282886505127
bHLH_1:26101739-26101988_reference_binding_2829,2,0.9064876437187195
bHLH_1:26131410-26131659_non_binding_1535,2,0.8515007495880127
bHLH_1:26131410-26131659_non_binding_916,2,0.8363561034202576
bHLH_1:26131410-26131659_reference_binding_2651,2,0.8466328978538513
bHLH_1:26135113-26135362_non_binding_1790,2,0.9198532104492188
bHLH_1:26135113-26135362_reference_binding_2927,2,0.925982654094696
bHLH_1:26155365-26155614_binding_1198,2,0.9206613898277283
bHLH_1:26155365-26155614_binding_222,2,0.9202423691749573
bHLH_1:26155365-26155614_reference_binding_2179,2,0.9229901432991028
bHLH_1:26158907-26159156_non_binding_950,2,0.8971686363220215
bHLH_1:26158907-26159156_reference_binding_2667,2,0.9008915424346924
bHLH_1:26199799-26200048_binding_317,2,0.9054608345031738
bHLH_1:26199799-26200048_reference_binding_2237,2,0.9077255725860596
bHLH_1:2622171-2622420_binding_305,2,0.8720601201057434
bHLH_1:2622171-2622420_reference_binding_2229,2,0.8671073317527771
bHLH_1:26236765-26237014_non_binding_1513,2,0.8981574177742004
bHLH_1:26236765-26237014_reference_binding_2800,2,0.8932685852050781
bHLH_1:26251325-26251574_non_binding_614,2,0.9009990096092224
bHLH_1:26251325-26251574_non_binding_977,2,0.9071516990661621
bHLH_1:26251325-26251574_reference_binding_2435,2,0.9059839248657227
bHLH_1:26256412-26256661_binding_119,2,0.916675329208374
bHLH_1:26256412-26256661_binding_173,2,0.9096234440803528
bHLH_1:26256412-26256661_reference_binding_2107,2,0.9318174719810486
bHLH_1:26290199-26290448_binding_1259,2,0.8548632860183716
bHLH_1:26290199-26290448_binding_1421,2,0.8583422303199768
bHLH_1:26290199-26290448_reference_binding_2755,2,0.871025562286377
bHLH_1:26314361-26314610_non_binding_927,2,0.8833619952201843
bHLH_1:26314361-26314610_reference_binding_2658,2,0.8822985887527466
bHLH_1:26353633-26353882_binding_1169,2,0.9238852262496948
bHLH_1:26353633-26353882_binding_208,2,0.9170576333999634
bHLH_1:26353633-26353882_binding_68,2,0.9146146774291992
bHLH_1:26353633-26353882_binding_97,2,0.9175733327865601
bHLH_1:26353633-26353882_non_binding_839,2,0.9231722950935364
bHLH_1:26353633-26353882_non_binding_981,2,0.9242644309997559
bHLH_1:26353633-26353882_reference_binding_2064,2,0.9231878519058228
bHLH_1:26414057-26414306_binding_63,2,0.8474300503730774
bHLH_1:26414057-26414306_non_binding_1528,2,0.8048781752586365
bHLH_1:26414057-26414306_non_binding_690,2,0.8050423860549927
bHLH_1:26414057-26414306_reference_binding_2059,2,0.8021402955055237
bHLH_1:26442822-26443071_non_binding_1604,2,0.915730893611908
bHLH_1:26442822-26443071_non_binding_1700,2,0.9209660291671753
bHLH_1:26442822-26443071_reference_binding_2848,2,0.9193943738937378
bHLH_1:26446327-26446576_non_binding_1546,2,0.9409744143486023
bHLH_1:26446327-26446576_reference_binding_2818,2,0.9400784373283386
bHLH_1:26458351-26458600_binding_1334,2,0.9406722784042358
bHLH_1:26458351-26458600_binding_1342,2,0.9415880441665649
bHLH_1:26458351-26458600_binding_258,2,0.9422706961631775
bHLH_1:26458351-26458600_reference_binding_2203,2,0.9396160840988159
bHLH_1:26477384-26477633_non_binding_869,2,0.8941670060157776
bHLH_1:26477384-26477633_reference_binding_2615,2,0.8953087329864502
bHLH_1:26478055-26478304_non_binding_727,2,0.8016102313995361
bHLH_1:26478055-26478304_reference_binding_2524,2,0.7806848287582397
bHLH_1:2651424-2651673_binding_1223,2,0.909587025642395
bHLH_1:2651424-2651673_non_binding_543,2,0.9114881753921509
bHLH_1:2651424-2651673_reference_binding_2376,2,0.9092528223991394
bHLH_1:26527131-26527380_non_binding_986,2,0.9144884943962097
bHLH_1:26527131-26527380_reference_binding_2677,2,0.9165610074996948
bHLH_1:26541376-26541625_non_binding_545,2,0.915385365486145
bHLH_1:26541376-26541625_reference_binding_2378,2,0.9179444909095764
bHLH_1:26554281-26554530_non_binding_518,2,0.8151777982711792
bHLH_1:26554281-26554530_reference_binding_2351,2,0.8145403861999512
bHLH_1:26619299-26619548_binding_143,2,0.862079918384552
bHLH_1:26619299-26619548_reference_binding_2127,2,0.8673582077026367
bHLH_1:26786404-26786653_binding_360,2,0.898727536201477
bHLH_1:26786404-26786653_reference_binding_2259,2,0.9015058875083923
bHLH_1:26797349-26797598_binding_1344,2,0.866319477558136
bHLH_1:26797349-26797598_binding_1416,2,0.8664706945419312
bHLH_1:26797349-26797598_binding_1445,2,0.8702855706214905
bHLH_1:26797349-26797598_reference_binding_2779,2,0.8433200716972351
bHLH_1:26801722-26801971_non_binding_666,2,0.886017918586731
bHLH_1:26801722-26801971_reference_binding_2476,2,0.8763062953948975
bHLH_1:2681349-2681598_non_binding_546,2,0.9177114367485046
bHLH_1:2681349-2681598_reference_binding_2379,2,0.9207606315612793
bHLH_1:2688826-2689075_binding_1001,2,0.8966909050941467
bHLH_1:2688826-2689075_non_binding_849,2,0.8860113024711609
bHLH_1:2688826-2689075_reference_binding_2603,2,0.9096238613128662
bHLH_1:26908247-26908496_binding_1162,2,0.9072043299674988
bHLH_1:26908247-26908496_binding_452,2,0.8983808159828186
bHLH_1:26908247-26908496_reference_binding_2309,2,0.9058090448379517
bHLH_1:26909587-26909836_binding_388,2,0.9003521203994751
bHLH_1:26909587-26909836_reference_binding_2273,2,0.8937308192253113
bHLH_1:26914033-26914282_binding_250,2,0.9305621981620789
bHLH_1:26914033-26914282_non_binding_1746,2,0.9233800172805786
bHLH_1:26914033-26914282_non_binding_759,2,0.9081058502197266
bHLH_1:26914033-26914282_reference_binding_2200,2,0.9184960722923279
bHLH_1:26917133-26917382_binding_1250,2,0.7873198986053467
bHLH_1:26917133-26917382_reference_binding_2753,2,0.7974852919578552
bHLH_1:26919730-26919979_binding_1260,2,0.8622112274169922
bHLH_1:26919730-26919979_binding_399,2,0.8671076893806458
bHLH_1:26919730-26919979_reference_binding_2278,2,0.8591272830963135
bHLH_1:26935493-26935742_binding_251,2,0.9092593789100647
bHLH_1:26935493-26935742_binding_392,2,0.9227302670478821
bHLH_1:26935493-26935742_reference_binding_2201,2,0.9201140999794006
bHLH_1:27030008-27030257_non_binding_1541,2,0.8791205883026123
bHLH_1:27030008-27030257_reference_binding_2815,2,0.8784947395324707
bHLH_1:27037682-27037931_binding_157,2,0.9341352581977844
bHLH_1:27037682-27037931_reference_binding_2138,2,0.928298830986023
bHLH_1:2704584-2704833_binding_180,2,0.8825247883796692
bHLH_1:2704584-2704833_reference_binding_2152,2,0.8819015622138977
bHLH_1:27074582-27074831_binding_87,2,0.831541895866394
bHLH_1:27074582-27074831_reference_binding_2082,2,0.829602062702179
bHLH_1:27099252-27099501_non_binding_613,2,0.7415207624435425
bHLH_1:27099252-27099501_reference_binding_2434,2,0.7403027415275574
bHLH_1:27169983-27170232_binding_447,2,0.8306869864463806
bHLH_1:27169983-27170232_reference_binding_2304,2,0.8663400411605835
bHLH_1:27191160-27191409_binding_377,2,0.9415992498397827
bHLH_1:27191160-27191409_binding_434,2,0.9389136433601379
bHLH_1:27191160-27191409_reference_binding_2267,2,0.9408917427062988
bHLH_1:27199614-27199863_non_binding_1724,2,0.8964337110519409
bHLH_1:27199614-27199863_non_binding_702,2,0.893649160861969
bHLH_1:27199614-27199863_reference_binding_2504,2,0.897235631942749
bHLH_1:27227816-27228065_binding_1418,2,0.9029025435447693
bHLH_1:27227816-27228065_binding_459,2,0.8971261978149414
bHLH_1:27227816-27228065_binding_494,2,0.8903622031211853
bHLH_1:27227816-27228065_reference_binding_2314,2,0.9048634171485901
bHLH_1:27246726-27246975_non_binding_674,2,0.8996190428733826
bHLH_1:27246726-27246975_reference_binding_2482,2,0.9013013243675232
bHLH_1:27310174-27310423_non_binding_1600,2,0.9218302369117737
bHLH_1:27310174-27310423_non_binding_1947,2,0.9122711420059204
bHLH_1:27310174-27310423_non_binding_660,2,0.9193528890609741
bHLH_1:27310174-27310423_reference_binding_2471,2,0.9242375493049622
bHLH_1:27311026-27311275_non_binding_824,2,0.8221309185028076
bHLH_1:27311026-27311275_reference_binding_2589,2,0.8336775898933411
bHLH_1:27331905-27332154_non_binding_1748,2,0.8512056469917297
bHLH_1:27331905-27332154_non_binding_1880,2,0.8451312184333801
bHLH_1:27331905-27332154_non_binding_1882,2,0.8508870601654053
bHLH_1:27331905-27332154_non_binding_1966,2,0.8575267791748047
bHLH_1:27331905-27332154_non_binding_1990,2,0.8400366902351379
bHLH_1:27331905-27332154_non_binding_865,2,0.8308531045913696
bHLH_1:27331905-27332154_reference_binding_2613,2,0.8401603698730469
bHLH_1:27340443-27340692_binding_211,2,0.9320250153541565
bHLH_1:27400606-27400855_non_binding_1915,2,0.885714054107666
bHLH_1:27400606-27400855_reference_binding_2969,2,0.9001120924949646
bHLH_1:27410052-27410301_non_binding_1652,2,0.8983311057090759
bHLH_1:27410052-27410301_non_binding_1881,2,0.8866133093833923
bHLH_1:27410052-27410301_reference_binding_2870,2,0.8995105624198914
bHLH_1:27441101-27441350_non_binding_1514,2,0.8858992457389832
bHLH_1:27441101-27441350_non_binding_1777,2,0.8951911926269531
bHLH_1:27441101-27441350_non_binding_1905,2,0.8973060846328735
bHLH_1:27441101-27441350_reference_binding_2801,2,0.8898996114730835
bHLH_1:27506086-27506335_binding_311,2,0.9222640991210938
bHLH_1:27506086-27506335_non_binding_558,2,0.9088062047958374
bHLH_1:27506086-27506335_non_binding_929,2,0.9131338000297546
bHLH_1:27506086-27506335_reference_binding_2233,2,0.9118935465812683
bHLH_1:27532604-27532853_non_binding_569,2,0.8916993141174316
bHLH_1:27532604-27532853_reference_binding_2396,2,0.8924504518508911
bHLH_1:2754544-2754793_non_binding_1930,2,0.9456367492675781
bHLH_1:2754544-2754793_reference_binding_2972,2,0.9474771022796631
bHLH_1:27547161-27547410_non_binding_858,2,0.8898059129714966
bHLH_1:27547161-27547410_reference_binding_2608,2,0.8883666396141052
bHLH_1:27603848-27604097_binding_478,2,0.7900183200836182
bHLH_1:27603848-27604097_reference_binding_2323,2,0.7815971970558167
bHLH_1:2760710-2760959_binding_1478,2,0.9389849901199341
bHLH_1:2760710-2760959_reference_binding_2791,2,0.9430596828460693
bHLH_1:27652966-27653215_binding_132,2,0.8302993178367615
bHLH_1:27652966-27653215_reference_binding_2118,2,0.8418077826499939
bHLH_1:27679280-27679529_non_binding_588,2,0.9209765195846558
bHLH_1:27679280-27679529_reference_binding_2411,2,0.9253174662590027
bHLH_1:27694174-27694423_binding_1076,2,0.8391278386116028
bHLH_1:27694174-27694423_binding_1078,2,0.8497938513755798
bHLH_1:27694174-27694423_binding_1093,2,0.8510218858718872
bHLH_1:27694174-27694423_reference_binding_2710,2,0.8511432409286499
bHLH_1:27780961-27781210_binding_240,2,0.8875253200531006
bHLH_1:27780961-27781210_reference_binding_2194,2,0.8406533598899841
bHLH_1:27794018-27794267_binding_115,2,0.8801548480987549
bHLH_1:27794018-27794267_binding_1414,2,0.8906219601631165
bHLH_1:27794018-27794267_reference_binding_2105,2,0.8874261975288391
bHLH_1:27837385-27837634_binding_280,2,0.9075474143028259
bHLH_1:27837385-27837634_reference_binding_2212,2,0.9214023947715759
bHLH_1:27852169-27852418_binding_1016,2,0.8215413093566895
bHLH_1:27852169-27852418_binding_406,2,0.860843300819397
bHLH_1:27852169-27852418_reference_binding_2284,2,0.8267949223518372
bHLH_1:27884066-27884315_non_binding_787,2,0.9119972586631775
bHLH_1:27884066-27884315_reference_binding_2568,2,0.9156491756439209
bHLH_1:27922575-27922824_non_binding_1796,2,0.9056532979011536
bHLH_1:27922575-27922824_non_binding_1884,2,0.9146522879600525
bHLH_1:27922575-27922824_non_binding_1923,2,0.9086043238639832
bHLH_1:27922575-27922824_reference_binding_2928,2,0.9097381234169006
bHLH_1:27924793-27925042_non_binding_648,2,0.8881254196166992
bHLH_1:27924793-27925042_reference_binding_2461,2,0.8915884494781494
bHLH_1:27926712-27926961_non_binding_731,2,0.9129125475883484
bHLH_1:27926712-27926961_reference_binding_2527,2,0.9144457578659058
bHLH_1:27931365-27931614_binding_1349,2,0.911555826663971
bHLH_1:27931365-27931614_binding_1386,2,0.9186287522315979
bHLH_1:27931365-27931614_binding_1458,2,0.9174332618713379
bHLH_1:27931365-27931614_binding_423,2,0.9193664193153381
bHLH_1:27931365-27931614_reference_binding_2294,2,0.9172030091285706
bHLH_1:28001778-28002027_non_binding_1899,2,0.8896688222885132
bHLH_1:28001778-28002027_reference_binding_2965,2,0.8745700716972351
bHLH_1:28006679-28006928_non_binding_1518,2,0.8342183828353882
bHLH_1:28006679-28006928_reference_binding_2803,2,0.8385317325592041
bHLH_1:28106824-28107073_non_binding_589,2,0.8934518098831177
bHLH_1:28106824-28107073_reference_binding_2412,2,0.8918706774711609
bHLH_1:28111468-28111717_non_binding_872,2,0.9166081547737122
bHLH_1:28111468-28111717_reference_binding_2617,2,0.9252627491950989
bHLH_1:28144284-28144533_non_binding_1822,2,0.7747395634651184
bHLH_1:28144284-28144533_non_binding_1869,2,0.7770031094551086
bHLH_1:28144284-28144533_non_binding_1877,2,0.7801113128662109
bHLH_1:28144284-28144533_non_binding_1913,2,0.7717695236206055
bHLH_1:28144284-28144533_non_binding_1951,2,0.7730585932731628
bHLH_1:28144284-28144533_non_binding_649,2,0.7561110854148865
bHLH_1:28144284-28144533_non_binding_736,2,0.7516024708747864
bHLH_1:28144284-28144533_reference_binding_2462,2,0.7564427852630615
bHLH_1:28147673-28147922_binding_357,2,0.9270744323730469
bHLH_1:28147673-28147922_reference_binding_2256,2,0.9313532710075378
bHLH_1:28153289-28153538_binding_32,2,0.8679530620574951
bHLH_1:28153289-28153538_reference_binding_2031,2,0.895637035369873
bHLH_1:28163898-28164147_binding_1101,2,0.8220241069793701
bHLH_1:28163898-28164147_reference_binding_2719,2,0.8082864880561829
bHLH_1:28172665-28172914_binding_1065,2,0.9222981333732605
bHLH_1:28172665-28172914_binding_1148,2,0.930921196937561
bHLH_1:28172665-28172914_binding_1269,2,0.9222202301025391
bHLH_1:28172665-28172914_reference_binding_2706,2,0.9330700039863586
bHLH_1:28197796-28198045_non_binding_529,2,0.8011975288391113
bHLH_1:28197796-28198045_non_binding_871,2,0.8191065788269043
bHLH_1:28197796-28198045_non_binding_902,2,0.8076469898223877
bHLH_1:28197796-28198045_reference_binding_2362,2,0.8021031618118286
bHLH_1:28218433-28218682_non_binding_1727,2,0.9026268124580383
bHLH_1:28218433-28218682_reference_binding_2899,2,0.9000879526138306
bHLH_1:28223727-28223976_non_binding_1776,2,0.805671751499176
bHLH_1:28223727-28223976_reference_binding_2921,2,0.8208636045455933
bHLH_1:28244647-28244896_non_binding_696,2,0.8699381351470947
bHLH_1:28244647-28244896_reference_binding_2499,2,0.8729677796363831
bHLH_1:28267544-28267793_binding_1136,2,0.9333071708679199
bHLH_1:28267544-28267793_binding_1406,2,0.9335928559303284
bHLH_1:28267544-28267793_binding_1447,2,0.9326046705245972
bHLH_1:28267544-28267793_binding_1453,2,0.9343873858451843
bHLH_1:28267544-28267793_reference_binding_2730,2,0.9307529330253601
bHLH_1:28326842-28327091_non_binding_1837,2,0.8948448300361633
bHLH_1:28326842-28327091_non_binding_1912,2,0.8957050442695618
bHLH_1:28326842-28327091_reference_binding_2949,2,0.8934582471847534
bHLH_1:28338379-28338628_non_binding_1663,2,0.9235880970954895
bHLH_1:28338379-28338628_reference_binding_2331,2,0.927677571773529
bHLH_1:28370657-28370906_binding_1237,2,0.9203510880470276
bHLH_1:28370657-28370906_binding_225,2,0.9174861311912537
bHLH_1:28370657-28370906_reference_binding_2182,2,0.9230200052261353
bHLH_1:28381173-28381422_binding_1164,2,0.9098908305168152
bHLH_1:28381173-28381422_binding_1210,2,0.9077525734901428
bHLH_1:28381173-28381422_reference_binding_2738,2,0.9110759496688843
bHLH_1:28441697-28441946_binding_444,2,0.8832632303237915
bHLH_1:28441697-28441946_reference_binding_2301,2,0.8720449209213257
bHLH_1:28455851-28456100_non_binding_1554,2,0.8626290559768677
bHLH_1:28455851-28456100_reference_binding_2824,2,0.8727890253067017
bHLH_1:28463552-28463801_non_binding_527,2,0.8475183248519897
bHLH_1:28463552-28463801_non_binding_931,2,0.8378493785858154
bHLH_1:28463552-28463801_reference_binding_2360,2,0.8435310125350952
bHLH_1:2846434-2846683_binding_144,2,0.8795469403266907
bHLH_1:2846434-2846683_reference_binding_2128,2,0.8594470620155334
bHLH_1:28482708-28482957_binding_1411,2,0.9115183353424072
bHLH_1:28482708-28482957_reference_binding_2789,2,0.906676173210144
bHLH_1:28512453-28512702_non_binding_1591,2,0.9278991222381592
bHLH_1:28512453-28512702_reference_binding_2841,2,0.9307404160499573
bHLH_1:28517845-28518094_binding_1030,2,0.9243780970573425
bHLH_1:28517845-28518094_binding_1330,2,0.9252918362617493
bHLH_1:28517845-28518094_binding_1363,2,0.9279406070709229
bHLH_1:28517845-28518094_binding_1395,2,0.9239843487739563
bHLH_1:28517845-28518094_binding_20,2,0.9302294850349426
bHLH_1:28517845-28518094_reference_binding_2020,2,0.927094578742981
bHLH_1:28595986-28596235_binding_1087,2,0.9123860001564026
bHLH_1:28595986-28596235_binding_1156,2,0.9107080101966858
bHLH_1:28595986-28596235_binding_1185,2,0.9142923355102539
bHLH_1:28595986-28596235_binding_1202,2,0.9121258854866028
bHLH_1:28595986-28596235_binding_1435,2,0.9079793691635132
bHLH_1:28595986-28596235_binding_1470,2,0.9081541895866394
bHLH_1:28595986-28596235_non_binding_754,2,0.907740592956543
bHLH_1:28595986-28596235_reference_binding_2544,2,0.9125639796257019
bHLH_1:28610888-28611137_non_binding_1512,2,0.8912540078163147
bHLH_1:28610888-28611137_non_binding_609,2,0.8865598440170288
bHLH_1:28610888-28611137_reference_binding_2430,2,0.8886551856994629
bHLH_1:28739884-28740133_binding_1371,2,0.9153923988342285
bHLH_1:28739884-28740133_non_binding_763,2,0.9156742691993713
bHLH_1:28739884-28740133_non_binding_799,2,0.9141443371772766
bHLH_1:28739884-28740133_non_binding_854,2,0.9156830310821533
bHLH_1:28739884-28740133_non_binding_963,2,0.9178765416145325
bHLH_1:28739884-28740133_reference_binding_2551,2,0.9215391278266907
bHLH_1:28806709-28806958_non_binding_1503,2,0.9179861545562744
bHLH_1:28806709-28806958_reference_binding_2795,2,0.916750967502594
bHLH_1:28808820-28809069_non_binding_1800,2,0.8683178424835205
bHLH_1:28808820-28809069_non_binding_1943,2,0.871635913848877
bHLH_1:28808820-28809069_non_binding_1971,2,0.8795586228370667
bHLH_1:28808820-28809069_non_binding_1998,2,0.8836562037467957
bHLH_1:28808820-28809069_reference_binding_2931,2,0.8666219115257263
bHLH_1:28841668-28841917_binding_134,2,0.8311399817466736
bHLH_1:28841668-28841917_non_binding_1670,2,0.8628771901130676
bHLH_1:28841668-28841917_reference_binding_2120,2,0.8665119409561157
bHLH_1:28909141-28909390_binding_45,2,0.914734423160553
bHLH_1:28909141-28909390_reference_binding_2042,2,0.9117645025253296
bHLH_1:28929561-28929810_non_binding_1772,2,0.9093359708786011
bHLH_1:28929561-28929810_non_binding_1775,2,0.9057172536849976
bHLH_1:28929561-28929810_non_binding_842,2,0.9022162556648254
bHLH_1:28929561-28929810_reference_binding_2597,2,0.9083459377288818
bHLH_1:28944446-28944695_non_binding_1752,2,0.9065987467765808
bHLH_1:28944446-28944695_non_binding_1766,2,0.8895125985145569
bHLH_1:28944446-28944695_non_binding_1821,2,0.9006586074829102
bHLH_1:28944446-28944695_non_binding_1865,2,0.8987281918525696
bHLH_1:28944446-28944695_non_binding_1979,2,0.8946353197097778
bHLH_1:28944446-28944695_reference_binding_2910,2,0.892498791217804
bHLH_1:28953235-28953484_non_binding_1556,2,0.849906861782074
bHLH_1:28953235-28953484_reference_binding_2825,2,0.8521638512611389
bHLH_1:28956080-28956329_non_binding_1956,2,0.8574409484863281
bHLH_1:28956080-28956329_reference_binding_2978,2,0.8648129105567932
bHLH_1:28985207-28985456_binding_1375,2,0.894200325012207
bHLH_1:28985207-28985456_binding_375,2,0.8731579184532166
bHLH_1:28985207-28985456_binding_380,2,0.8899340629577637
bHLH_1:28985207-28985456_binding_387,2,0.8827552199363708
bHLH_1:28985207-28985456_reference_binding_2266,2,0.9017106294631958
bHLH_1:29018641-29018890_binding_104,2,0.8849539756774902
bHLH_1:29018641-29018890_binding_1171,2,0.8774082660675049
bHLH_1:29018641-29018890_binding_414,2,0.8955782055854797
bHLH_1:29018641-29018890_binding_69,2,0.9041263461112976
bHLH_1:29018641-29018890_reference_binding_2065,2,0.8928560614585876
bHLH_1:29020593-29020842_non_binding_605,2,0.9215754866600037
bHLH_1:29020593-29020842_reference_binding_2426,2,0.9222735166549683
bHLH_1:29021116-29021365_non_binding_697,2,0.9019188284873962
bHLH_1:29021116-29021365_reference_binding_2500,2,0.9090040326118469
bHLH_1:29034341-29034590_binding_1226,2,0.7945535182952881
bHLH_1:29034341-29034590_binding_291,2,0.7828758955001831
bHLH_1:29034341-29034590_reference_binding_2220,2,0.7974131107330322
bHLH_1:29061588-29061837_non_binding_1924,2,0.8860852122306824
bHLH_1:29061588-29061837_non_binding_577,2,0.886262834072113
bHLH_1:29061588-29061837_non_binding_917,2,0.8834348917007446
bHLH_1:29061588-29061837_reference_binding_2402,2,0.887371301651001
bHLH_1:29106189-29106438_non_binding_1629,2,0.8999126553535461
bHLH_1:29106189-29106438_non_binding_1862,2,0.9090828895568848
bHLH_1:29106189-29106438_non_binding_691,2,0.894112765789032
bHLH_1:29106189-29106438_reference_binding_2495,2,0.9041383266448975
bHLH_1:29110882-29111131_non_binding_1613,2,0.9226658344268799
bHLH_1:29110882-29111131_reference_binding_2852,2,0.9248490333557129
bHLH_1:29136104-29136353_non_binding_505,2,0.7953800559043884
bHLH_1:29136104-29136353_reference_binding_2338,2,0.8011758327484131
bHLH_1:29187909-29188158_non_binding_1828,2,0.9112399220466614
bHLH_1:29187909-29188158_reference_binding_2945,2,0.9035525321960449
bHLH_1:29198576-29198825_non_binding_645,2,0.8341227769851685
bHLH_1:29198576-29198825_reference_binding_2459,2,0.8414669632911682
bHLH_1:29205577-29205826_binding_1048,2,0.7841156721115112
bHLH_1:29205577-29205826_binding_1369,2,0.7834805250167847
bHLH_1:29205577-29205826_reference_binding_2702,2,0.7853927612304688
bHLH_1:29273887-29274136_binding_1135,2,0.8647137880325317
bHLH_1:29273887-29274136_binding_1214,2,0.8580331802368164
bHLH_1:29273887-29274136_binding_1410,2,0.8566874861717224
bHLH_1:29273887-29274136_binding_483,2,0.8849691152572632
bHLH_1:29273887-29274136_reference_binding_2326,2,0.8638933897018433
bHLH_1:29322312-29322561_binding_1176,2,0.9009255766868591
bHLH_1:29322312-29322561_binding_1442,2,0.8988003730773926
bHLH_1:29322312-29322561_binding_328,2,0.907356858253479
bHLH_1:29322312-29322561_reference_binding_2240,2,0.8971611857414246
bHLH_1:29340611-29340860_binding_1046,2,0.8869054913520813
bHLH_1:29340611-29340860_binding_1204,2,0.8882250785827637
bHLH_1:29340611-29340860_binding_1207,2,0.8853639960289001
bHLH_1:29340611-29340860_binding_1356,2,0.894084632396698
bHLH_1:29340611-29340860_binding_1409,2,0.8899885416030884
bHLH_1:29340611-29340860_binding_1451,2,0.8877259492874146
bHLH_1:29340611-29340860_reference_binding_2700,2,0.8967985510826111
bHLH_1:2934481-2934730_non_binding_1714,2,0.8991443514823914
bHLH_1:2934481-2934730_reference_binding_2893,2,0.8943050503730774
bHLH_1:29345517-29345766_binding_1262,2,0.8522574305534363
bHLH_1:29345517-29345766_binding_1315,2,0.8519938588142395
bHLH_1:29345517-29345766_binding_1329,2,0.8403290510177612
bHLH_1:29345517-29345766_binding_1332,2,0.8496513366699219
bHLH_1:29345517-29345766_binding_1473,2,0.853469729423523
bHLH_1:29345517-29345766_reference_binding_2757,2,0.8731151223182678
bHLH_1:29351310-29351559_binding_1075,2,0.8540743589401245
bHLH_1:29351310-29351559_non_binding_882,2,0.8530690670013428
bHLH_1:29351310-29351559_non_binding_915,2,0.8535783290863037
bHLH_1:29351310-29351559_non_binding_968,2,0.8504914045333862
bHLH_1:29351310-29351559_reference_binding_2627,2,0.856487512588501
bHLH_1:29359279-29359528_binding_136,2,0.8753919005393982
bHLH_1:29359279-29359528_reference_binding_2122,2,0.9108723998069763
bHLH_1:29378159-29378408_binding_451,2,0.8950263857841492
bHLH_1:29378159-29378408_non_binding_571,2,0.8932138085365295
bHLH_1:29378159-29378408_reference_binding_2308,2,0.8967726230621338
bHLH_1:29385237-29385486_non_binding_1751,2,0.9009637832641602
bHLH_1:29385237-29385486_non_binding_989,2,0.893332839012146
bHLH_1:29385237-29385486_reference_binding_2678,2,0.9041920304298401
bHLH_1:29388504-29388753_binding_1047,2,0.8488255143165588
bHLH_1:29388504-29388753_reference_binding_2701,2,0.8483967781066895
bHLH_1:29452538-29452787_binding_323,2,0.8340334892272949
bHLH_1:29452538-29452787_reference_binding_2238,2,0.8211634755134583
bHLH_1:29516133-29516382_binding_498,2,0.9328617453575134
bHLH_1:29516133-29516382_reference_binding_2332,2,0.9260956048965454
bHLH_1:29525351-29525600_non_binding_1620,2,0.9319628477096558
bHLH_1:29525351-29525600_non_binding_769,2,0.9298444986343384
bHLH_1:29525351-29525600_reference_binding_2555,2,0.9320141673088074
bHLH_1:29527572-29527821_binding_1154,2,0.897800087928772
bHLH_1:29527572-29527821_binding_341,2,0.8687857389450073
bHLH_1:29527572-29527821_reference_binding_2248,2,0.9153381586074829
bHLH_1:29584319-29584568_non_binding_1707,2,0.9047361612319946
bHLH_1:29584319-29584568_reference_binding_2890,2,0.9059703350067139
bHLH_1:29593673-29593922_non_binding_692,2,0.9188956618309021
bHLH_1:29593673-29593922_reference_binding_2496,2,0.9194366335868835
bHLH_1:29621090-29621339_binding_1020,2,0.8551805019378662
bHLH_1:29621090-29621339_binding_1161,2,0.8421418070793152
bHLH_1:29621090-29621339_binding_1309,2,0.8481746912002563
bHLH_1:29621090-29621339_reference_binding_2691,2,0.8477234840393066
bHLH_1:29662078-29662327_binding_1227,2,0.8442361354827881
bHLH_1:29662078-29662327_binding_4,2,0.8384172916412354
bHLH_1:29662078-29662327_reference_binding_2004,2,0.8493828773498535
bHLH_1:29675855-29676104_non_binding_1738,2,0.9004401564598083
bHLH_1:29675855-29676104_reference_binding_2905,2,0.8990654349327087
bHLH_1:29677217-29677466_binding_449,2,0.8943060636520386
bHLH_1:29677217-29677466_non_binding_1586,2,0.9182162284851074
bHLH_1:29677217-29677466_non_binding_601,2,0.9173431992530823
bHLH_1:29677217-29677466_non_binding_733,2,0.90887850522995
bHLH_1:29677217-29677466_reference_binding_2306,2,0.9197477698326111
bHLH_1:2970220-2970469_binding_1146,2,0.9356297850608826
bHLH_1:2970220-2970469_binding_1314,2,0.9381282925605774
bHLH_1:2970220-2970469_binding_1432,2,0.9353388547897339
bHLH_1:2970220-2970469_binding_412,2,0.9315768480300903
bHLH_1:2970220-2970469_non_binding_833,2,0.9380695819854736
bHLH_1:2970220-2970469_non_binding_979,2,0.9357283711433411
bHLH_1:2970220-2970469_reference_binding_2288,2,0.9371113777160645
bHLH_1:29740844-29741093_non_binding_512,2,0.9366977214813232
bHLH_1:29740844-29741093_reference_binding_2345,2,0.937367856502533
bHLH_1:29756764-29757013_non_binding_1731,2,0.9280372858047485
bHLH_1:29756764-29757013_reference_binding_2901,2,0.9314728379249573
bHLH_1:29800072-29800321_non_binding_1932,2,0.842316210269928
bHLH_1:29800072-29800321_reference_binding_2973,2,0.8446102738380432
bHLH_1:29823375-29823624_non_binding_1969,2,0.8986737728118896
bHLH_1:29823375-29823624_reference_binding_2983,2,0.905138373374939
bHLH_1:29857226-29857475_non_binding_793,2,0.8891145586967468
bHLH_1:29857226-29857475_reference_binding_2573,2,0.8851534128189087
bHLH_1:29867456-29867705_non_binding_1755,2,0.9103839993476868
bHLH_1:29867456-29867705_non_binding_1784,2,0.9175026416778564
bHLH_1:29867456-29867705_reference_binding_2911,2,0.9109438061714172
bHLH_1:29875280-29875529_binding_117,2,0.9276464581489563
bHLH_1:29875280-29875529_binding_118,2,0.9231591820716858
bHLH_1:29875280-29875529_binding_437,2,0.9277792572975159
bHLH_1:29875280-29875529_binding_438,2,0.9249510169029236
bHLH_1:29875280-29875529_non_binding_1632,2,0.919480562210083
bHLH_1:29875280-29875529_reference_binding_2106,2,0.9226973652839661
bHLH_1:29889049-29889298_non_binding_1614,2,0.9222180247306824
bHLH_1:29889049-29889298_non_binding_825,2,0.9191734790802002
bHLH_1:29889049-29889298_reference_binding_2590,2,0.9198903441429138
bHLH_1:2990360-2990609_binding_304,2,0.9152519106864929
bHLH_1:2990360-2990609_reference_binding_2228,2,0.924623429775238
bHLH_1:29948549-29948798_non_binding_1690,2,0.8676567673683167
bHLH_1:29948549-29948798_non_binding_657,2,0.8484687209129333
bHLH_1:29948549-29948798_reference_binding_2468,2,0.8573164939880371
bHLH_1:29958589-29958838_non_binding_805,2,0.8507372736930847
bHLH_1:29958589-29958838_reference_binding_2578,2,0.8540349006652832
bHLH_1:2997191-2997440_non_binding_910,2,0.879580020904541
bHLH_1:2997191-2997440_reference_binding_2647,2,0.8755864500999451
bHLH_1:29972535-29972784_binding_156,2,0.8696731925010681
bHLH_1:29972535-29972784_non_binding_654,2,0.8725795745849609
bHLH_1:29972535-29972784_reference_binding_2137,2,0.8752664923667908
bHLH_1:29975496-29975745_binding_1279,2,0.918100893497467
bHLH_1:29975496-29975745_binding_1440,2,0.9172074198722839
bHLH_1:29975496-29975745_binding_446,2,0.9222136735916138
bHLH_1:29975496-29975745_reference_binding_2303,2,0.9276310205459595
bHLH_1:30101245-30101494_binding_373,2,0.8090881705284119
bHLH_1:30101245-30101494_reference_binding_2265,2,0.8177932500839233
bHLH_1:30105784-30106033_binding_260,2,0.828797459602356
bHLH_1:30105784-30106033_non_binding_795,2,0.8055781722068787
bHLH_1:30105784-30106033_reference_binding_2204,2,0.8286784887313843
bHLH_1:30115091-30115340_binding_1,2,0.8991568088531494
bHLH_1:30115091-30115340_binding_1388,2,0.8990466594696045
bHLH_1:30115091-30115340_binding_174,2,0.9060996770858765
bHLH_1:30115091-30115340_non_binding_821,2,0.8991279006004333
bHLH_1:30115091-30115340_reference_binding_2001,2,0.9038786888122559
bHLH_1:30129932-30130181_binding_1277,2,0.93329918384552
bHLH_1:30129932-30130181_reference_binding_2760,2,0.9352893829345703
bHLH_1:30167932-30168181_binding_1324,2,0.8896155953407288
bHLH_1:30167932-30168181_reference_binding_2775,2,0.9083905220031738
bHLH_1:30177580-30177829_reference_binding_2377,2,0.8843544125556946
bHLH_1:30184676-30184925_binding_461,2,0.8839768171310425
bHLH_1:30184676-30184925_non_binding_764,2,0.888874888420105
bHLH_1:30184676-30184925_non_binding_861,2,0.8818013072013855
bHLH_1:30184676-30184925_reference_binding_2316,2,0.8928706049919128
bHLH_1:30187294-30187543_non_binding_1551,2,0.9228339791297913
bHLH_1:30187294-30187543_non_binding_673,2,0.9206492900848389
bHLH_1:30187294-30187543_reference_binding_2481,2,0.9196106791496277
bHLH_1:3019771-3020020_binding_1018,2,0.8722207546234131
bHLH_1:3019771-3020020_binding_58,2,0.8587622046470642
bHLH_1:3019771-3020020_non_binding_593,2,0.864546000957489
bHLH_1:3019771-3020020_reference_binding_2054,2,0.8706911206245422
bHLH_1:3020292-3020541_binding_1040,2,0.8400202989578247
bHLH_1:3020292-3020541_binding_1061,2,0.8512250185012817
bHLH_1:3020292-3020541_binding_1111,2,0.8230587840080261
bHLH_1:3020292-3020541_binding_1187,2,0.8362265825271606
bHLH_1:3020292-3020541_binding_1285,2,0.8464576005935669
bHLH_1:3020292-3020541_binding_1464,2,0.8442920446395874
bHLH_1:3020292-3020541_binding_147,2,0.8452368974685669
bHLH_1:3020292-3020541_binding_167,2,0.8576862812042236
bHLH_1:3020292-3020541_binding_33,2,0.8675076365470886
bHLH_1:3020292-3020541_binding_497,2,0.836750328540802
bHLH_1:3020292-3020541_reference_binding_2032,2,0.8378391861915588
bHLH_1:30227134-30227383_non_binding_1949,2,0.9160833954811096
bHLH_1:30227134-30227383_reference_binding_2974,2,0.9190190434455872
bHLH_1:30244199-30244448_binding_1172,2,0.7869377732276917
bHLH_1:30244199-30244448_reference_binding_2739,2,0.7961758375167847
bHLH_1:30247391-30247640_binding_1140,2,0.8563717007637024
bHLH_1:30247391-30247640_binding_1292,2,0.8564140796661377
bHLH_1:30247391-30247640_binding_1321,2,0.8714885711669922
bHLH_1:30247391-30247640_binding_203,2,0.8789477348327637
bHLH_1:30247391-30247640_binding_204,2,0.8712895512580872
bHLH_1:30247391-30247640_reference_binding_2169,2,0.8564934730529785
bHLH_1:30260711-30260960_non_binding_1906,2,0.8524498343467712
bHLH_1:30260711-30260960_reference_binding_2967,2,0.8494584560394287
bHLH_1:30275162-30275411_non_binding_780,2,0.9016727805137634
bHLH_1:30275162-30275411_reference_binding_2563,2,0.9120095372200012
bHLH_1:30285880-30286129_binding_441,2,0.9159339070320129
bHLH_1:30285880-30286129_reference_binding_2299,2,0.9120652675628662
bHLH_1:3031678-3031927_binding_1131,2,0.8842094540596008
bHLH_1:3031678-3031927_binding_1419,2,0.8867251873016357
bHLH_1:3031678-3031927_binding_81,2,0.9021204710006714
bHLH_1:3031678-3031927_non_binding_956,2,0.8892597556114197
bHLH_1:3031678-3031927_reference_binding_2077,2,0.8853092193603516
bHLH_1:30317849-30318098_binding_1160,2,0.8849990963935852
bHLH_1:30317849-30318098_binding_1215,2,0.8897366523742676
bHLH_1:30317849-30318098_binding_1463,2,0.8890711069107056
bHLH_1:30317849-30318098_binding_1479,2,0.8903264999389648
bHLH_1:30317849-30318098_binding_345,2,0.8985219597816467
bHLH_1:30317849-30318098_reference_binding_2250,2,0.8888149261474609
bHLH_1:30351247-30351496_reference_binding_2842,2,0.9158676862716675
bHLH_1:30351686-30351935_binding_272,2,0.8804166316986084
bHLH_1:30351686-30351935_binding_408,2,0.8950766324996948
bHLH_1:30351686-30351935_binding_93,2,0.897109866142273
bHLH_1:30351686-30351935_reference_binding_2087,2,0.8771275281906128
bHLH_1:30354658-30354907_binding_155,2,0.8814850449562073
bHLH_1:30354658-30354907_binding_282,2,0.8867478370666504
bHLH_1:30354658-30354907_reference_binding_2136,2,0.8998932838439941
bHLH_1:303932-304181_non_binding_1562,2,0.8323239088058472
bHLH_1:303932-304181_non_binding_581,2,0.8344038724899292
bHLH_1:303932-304181_reference_binding_2404,2,0.8379933834075928
bHLH_1:3069173-3069422_binding_114,2,0.917540967464447
bHLH_1:3069173-3069422_binding_193,2,0.9193877577781677
bHLH_1:3069173-3069422_reference_binding_2104,2,0.9137002229690552
bHLH_1:3093242-3093491_binding_200,2,0.8850197792053223
bHLH_1:3093242-3093491_binding_245,2,0.8798689246177673
bHLH_1:3093242-3093491_binding_256,2,0.8871553540229797
bHLH_1:3093242-3093491_non_binding_563,2,0.8869438767433167
bHLH_1:3093242-3093491_non_binding_796,2,0.8907060027122498
bHLH_1:3093242-3093491_reference_binding_2166,2,0.8838610649108887
bHLH_1:3125676-3125925_binding_1121,2,0.8528667688369751
bHLH_1:3125676-3125925_binding_1255,2,0.8535321950912476
bHLH_1:3125676-3125925_binding_1284,2,0.8544996976852417
bHLH_1:3125676-3125925_binding_1403,2,0.8564302325248718
bHLH_1:3125676-3125925_binding_1454,2,0.8586503863334656
bHLH_1:3125676-3125925_non_binding_843,2,0.8541234731674194
bHLH_1:3125676-3125925_non_binding_967,2,0.8561176657676697
bHLH_1:3125676-3125925_non_binding_974,2,0.8547545671463013
bHLH_1:3125676-3125925_non_binding_984,2,0.8541660308837891
bHLH_1:3125676-3125925_reference_binding_2598,2,0.8536273241043091
bHLH_1:3134817-3135066_non_binding_1563,2,0.9048455953598022
bHLH_1:3134817-3135066_non_binding_758,2,0.8898006677627563
bHLH_1:3134817-3135066_reference_binding_2548,2,0.9048330783843994
bHLH_1:3136490-3136739_binding_188,2,0.8754301071166992
bHLH_1:3136490-3136739_reference_binding_2156,2,0.8600473999977112
bHLH_1:3140802-3141051_binding_340,2,0.7411122918128967
bHLH_1:3140802-3141051_reference_binding_2247,2,0.7478926777839661
bHLH_1:3169000-3169249_binding_489,2,0.8544871807098389
bHLH_1:3169000-3169249_non_binding_972,2,0.8542430400848389
bHLH_1:3169000-3169249_reference_binding_2328,2,0.8704577088356018
bHLH_1:3169742-3169991_binding_1236,2,0.7997812628746033
bHLH_1:3169742-3169991_binding_1462,2,0.794401228427887
bHLH_1:3169742-3169991_binding_1466,2,0.7936816215515137
bHLH_1:3169742-3169991_binding_151,2,0.7974289059638977
bHLH_1:3169742-3169991_non_binding_814,2,0.7982410192489624
bHLH_1:3169742-3169991_non_binding_952,2,0.7936102151870728
bHLH_1:3169742-3169991_reference_binding_2133,2,0.7921863198280334
bHLH_1:3177500-3177749_binding_196,2,0.8798587918281555
bHLH_1:3177500-3177749_reference_binding_2162,2,0.8706291913986206
bHLH_1:3207531-3207780_non_binding_1599,2,0.8317727446556091
bHLH_1:3207531-3207780_non_binding_630,2,0.833699107170105
bHLH_1:3207531-3207780_reference_binding_2447,2,0.8334103226661682
bHLH_1:3220180-3220429_non_binding_1689,2,0.8157013654708862
bHLH_1:3220180-3220429_non_binding_652,2,0.8169742822647095
bHLH_1:3220180-3220429_reference_binding_2464,2,0.8157532811164856
bHLH_1:3238509-3238758_non_binding_1527,2,0.835792064666748
bHLH_1:3238509-3238758_non_binding_1687,2,0.8367457985877991
bHLH_1:3238509-3238758_reference_binding_2806,2,0.8417941331863403
bHLH_1:3245293-3245542_binding_349,2,0.8689059615135193
bHLH_1:3245293-3245542_binding_363,2,0.8847229480743408
bHLH_1:3245293-3245542_reference_binding_2252,2,0.8842563033103943
bHLH_1:3264530-3264779_binding_1313,2,0.8810121417045593
bHLH_1:3264530-3264779_reference_binding_2773,2,0.8801380395889282
bHLH_1:3291778-3292027_non_binding_1550,2,0.9422004222869873
bHLH_1:3291778-3292027_non_binding_1612,2,0.9415115118026733
bHLH_1:3291778-3292027_non_binding_1739,2,0.941062867641449
bHLH_1:3291778-3292027_reference_binding_2822,2,0.9415150284767151
bHLH_1:3295308-3295557_binding_490,2,0.9317375421524048
bHLH_1:3295308-3295557_non_binding_1543,2,0.9315191507339478
bHLH_1:3295308-3295557_non_binding_647,2,0.9301632046699524
bHLH_1:3295308-3295557_non_binding_838,2,0.9284726977348328
bHLH_1:3295308-3295557_reference_binding_2329,2,0.9291836619377136
bHLH_1:3316047-3316296_binding_1399,2,0.9054017663002014
bHLH_1:3316047-3316296_binding_1404,2,0.8910255432128906
bHLH_1:3316047-3316296_binding_1484,2,0.8996531963348389
bHLH_1:3316047-3316296_binding_1487,2,0.8990322351455688
bHLH_1:3316047-3316296_reference_binding_2787,2,0.9066253304481506
bHLH_1:3350078-3350327_non_binding_1858,2,0.8105928301811218
bHLH_1:3350078-3350327_non_binding_1897,2,0.8257238864898682
bHLH_1:3350078-3350327_non_binding_1986,2,0.8234717845916748
bHLH_1:3350078-3350327_reference_binding_2955,2,0.8290745615959167
bHLH_1:3360996-3361245_non_binding_817,2,0.8555346131324768
bHLH_1:3360996-3361245_reference_binding_2585,2,0.8656421899795532
bHLH_1:3375654-3375903_binding_1128,2,0.8865931630134583
bHLH_1:3375654-3375903_binding_1270,2,0.8900264501571655
bHLH_1:3375654-3375903_binding_1497,2,0.8935530781745911
bHLH_1:3375654-3375903_reference_binding_2726,2,0.8852817416191101
bHLH_1:3392230-3392479_binding_172,2,0.8629640936851501
bHLH_1:3392230-3392479_reference_binding_2149,2,0.8548838496208191
bHLH_1:3437137-3437386_non_binding_1839,2,0.9198637008666992
bHLH_1:3437137-3437386_non_binding_730,2,0.9150843620300293
bHLH_1:3437137-3437386_non_binding_836,2,0.9175066947937012
bHLH_1:3437137-3437386_reference_binding_2526,2,0.9192506074905396
bHLH_1:355682-355931_binding_239,2,0.7161479592323303
bHLH_1:355682-355931_binding_440,2,0.7136788368225098
bHLH_1:355682-355931_reference_binding_2193,2,0.6723522543907166
bHLH_1:3563006-3563255_non_binding_978,2,0.8457903265953064
bHLH_1:3563006-3563255_reference_binding_2675,2,0.8453309535980225
bHLH_1:3624462-3624711_binding_1359,2,0.90708988904953
bHLH_1:3624462-3624711_binding_18,2,0.8895477652549744
bHLH_1:3624462-3624711_binding_342,2,0.898890495300293
bHLH_1:3624462-3624711_reference_binding_2018,2,0.9131110906600952
bHLH_1:3627225-3627474_binding_266,2,0.882786750793457
bHLH_1:3627225-3627474_reference_binding_2208,2,0.8911111950874329
bHLH_1:362801-363050_non_binding_1919,2,0.8140294551849365
bHLH_1:362801-363050_reference_binding_2971,2,0.807513415813446
bHLH_1:3665866-3666115_binding_1069,2,0.9114845395088196
bHLH_1:3665866-3666115_binding_1331,2,0.90516597032547
bHLH_1:3665866-3666115_binding_1382,2,0.9071035385131836
bHLH_1:3665866-3666115_binding_154,2,0.9083115458488464
bHLH_1:3665866-3666115_binding_422,2,0.9144610166549683
bHLH_1:3665866-3666115_reference_binding_2135,2,0.9135169386863708
bHLH_1:3675540-3675789_non_binding_1686,2,0.9104404449462891
bHLH_1:3675540-3675789_reference_binding_2884,2,0.9087765216827393
bHLH_1:368677-368926_non_binding_594,2,0.9161244630813599
bHLH_1:368677-368926_reference_binding_2416,2,0.9142774939537048
bHLH_1:3731158-3731407_binding_445,2,0.8922971487045288
bHLH_1:3731158-3731407_non_binding_549,2,0.8937993049621582
bHLH_1:3731158-3731407_non_binding_578,2,0.8834872841835022
bHLH_1:3731158-3731407_non_binding_889,2,0.8949170708656311
bHLH_1:3731158-3731407_reference_binding_2302,2,0.8986039757728577
bHLH_1:3770279-3770528_non_binding_1917,2,0.9281298518180847
bHLH_1:3770279-3770528_reference_binding_2970,2,0.9202877283096313
bHLH_1:3783090-3783339_non_binding_1725,2,0.8768351078033447
bHLH_1:3783090-3783339_non_binding_1853,2,0.8896587491035461
bHLH_1:3783090-3783339_non_binding_1878,2,0.8974206447601318
bHLH_1:3783090-3783339_non_binding_1921,2,0.8887076377868652
bHLH_1:3783090-3783339_non_binding_1944,2,0.9018534421920776
bHLH_1:3783090-3783339_non_binding_1972,2,0.9036306142807007
bHLH_1:3783090-3783339_non_binding_1989,2,0.8855140209197998
bHLH_1:3788119-3788368_non_binding_537,2,0.9121884107589722
bHLH_1:3788119-3788368_reference_binding_2370,2,0.914987325668335
bHLH_1:3791825-3792074_non_binding_637,2,0.8710814118385315
bHLH_1:3791825-3792074_non_binding_797,2,0.848472535610199
bHLH_1:3791825-3792074_non_binding_809,2,0.8558328151702881
bHLH_1:3791825-3792074_reference_binding_2454,2,0.8650039434432983
bHLH_1:3817185-3817434_binding_1015,2,0.8854472637176514
bHLH_1:3817185-3817434_binding_1133,2,0.8867657780647278
bHLH_1:3817185-3817434_binding_1167,2,0.8917765617370605
bHLH_1:3817185-3817434_binding_1211,2,0.887363851070404
bHLH_1:3817185-3817434_binding_1299,2,0.8888844847679138
bHLH_1:3817185-3817434_binding_1352,2,0.8823080658912659
bHLH_1:3817185-3817434_binding_1424,2,0.8858039975166321
bHLH_1:3817185-3817434_binding_153,2,0.9002212285995483
bHLH_1:3817185-3817434_binding_53,2,0.8962660431861877
bHLH_1:3817185-3817434_reference_binding_2049,2,0.8937543630599976
bHLH_1:3819699-3819948_binding_254,2,0.8430920839309692
bHLH_1:3819699-3819948_reference_binding_2202,2,0.8741276860237122
bHLH_1:3835646-3835895_binding_1165,2,0.9258540272712708
bHLH_1:3835646-3835895_binding_1272,2,0.924435555934906
bHLH_1:3835646-3835895_binding_302,2,0.92905193567276
bHLH_1:3835646-3835895_reference_binding_2227,2,0.9277133941650391
bHLH_1:3891023-3891272_non_binding_1952,2,0.8927692174911499
bHLH_1:3891023-3891272_reference_binding_2975,2,0.8909213542938232
bHLH_1:3903284-3903533_non_binding_855,2,0.804230809211731
bHLH_1:3903284-3903533_reference_binding_2606,2,0.8211095333099365
bHLH_1:391938-392187_non_binding_1886,2,0.9048824310302734
bHLH_1:391938-392187_non_binding_1981,2,0.9079906344413757
bHLH_1:391938-392187_reference_binding_2962,2,0.9101285934448242
bHLH_1:3924464-3924713_non_binding_1590,2,0.9116771221160889
bHLH_1:3924464-3924713_reference_binding_2840,2,0.9127277135848999
bHLH_1:394575-394824_non_binding_502,2,0.9025983810424805
bHLH_1:394575-394824_non_binding_735,2,0.9003307223320007
bHLH_1:394575-394824_non_binding_822,2,0.9001197218894958
bHLH_1:394575-394824_reference_binding_2335,2,0.9001297354698181
bHLH_1:394922-395171_binding_290,2,0.876859188079834
bHLH_1:394922-395171_binding_315,2,0.8760226368904114
bHLH_1:394922-395171_non_binding_1703,2,0.8771305084228516
bHLH_1:394922-395171_reference_binding_2219,2,0.8813270926475525
bHLH_1:4011452-4011701_binding_1088,2,0.9109379053115845
bHLH_1:4011452-4011701_reference_binding_2715,2,0.9191123843193054
bHLH_1:402707-402956_binding_191,2,0.883898913860321
bHLH_1:402707-402956_reference_binding_2159,2,0.9035029411315918
bHLH_1:4028689-4028938_binding_10,2,0.7878690958023071
bHLH_1:4028689-4028938_binding_1117,2,0.7789806127548218
bHLH_1:4028689-4028938_binding_1289,2,0.7579576373100281
bHLH_1:4028689-4028938_binding_31,2,0.7782917022705078
bHLH_1:4028689-4028938_reference_binding_2010,2,0.7747136950492859
bHLH_1:4069593-4069842_non_binding_924,2,0.8761782050132751
bHLH_1:4069593-4069842_reference_binding_2656,2,0.8801565766334534
bHLH_1:4082523-4082772_binding_1010,2,0.9145087599754333
bHLH_1:4082523-4082772_reference_binding_2687,2,0.917959988117218
bHLH_1:4102367-4102616_non_binding_873,2,0.9094995260238647
bHLH_1:4102367-4102616_reference_binding_2618,2,0.9181233644485474
bHLH_1:4151687-4151936_non_binding_953,2,0.8962713479995728
bHLH_1:4151687-4151936_reference_binding_2669,2,0.8999081254005432
bHLH_1:4206702-4206951_non_binding_1558,2,0.9257177710533142
bHLH_1:4206702-4206951_reference_binding_2826,2,0.924927830696106
bHLH_1:4236645-4236894_non_binding_568,2,0.9343505501747131
bHLH_1:4264485-4264734_binding_135,2,0.885848879814148
bHLH_1:4264485-4264734_reference_binding_2121,2,0.8818196058273315
bHLH_1:4266746-4266995_binding_1029,2,0.9275993704795837
bHLH_1:4266746-4266995_binding_1042,2,0.9277560114860535
bHLH_1:4266746-4266995_binding_1105,2,0.9303679466247559
bHLH_1:4266746-4266995_binding_1306,2,0.929057776927948
bHLH_1:4266746-4266995_binding_1422,2,0.9293051958084106
bHLH_1:4266746-4266995_binding_1436,2,0.9299468994140625
bHLH_1:4266746-4266995_binding_1437,2,0.9297124743461609
bHLH_1:4266746-4266995_binding_1491,2,0.931508481502533
bHLH_1:4266746-4266995_binding_1498,2,0.9294129014015198
bHLH_1:4266746-4266995_binding_404,2,0.9331385493278503
bHLH_1:4266746-4266995_binding_491,2,0.9310706257820129
bHLH_1:4266746-4266995_reference_binding_2282,2,0.9333891868591309
bHLH_1:4306049-4306298_non_binding_894,2,0.8748040199279785
bHLH_1:4306049-4306298_reference_binding_2635,2,0.8754959106445312
bHLH_1:4344663-4344912_non_binding_1806,2,0.893968403339386
bHLH_1:4344663-4344912_reference_binding_2935,2,0.887349009513855
bHLH_1:4379440-4379689_binding_177,2,0.9065442681312561
bHLH_1:4379440-4379689_binding_421,2,0.8838071227073669
bHLH_1:4379440-4379689_reference_binding_2151,2,0.9006609320640564
bHLH_1:4381016-4381265_non_binding_628,2,0.800796389579773
bHLH_1:4381016-4381265_reference_binding_2445,2,0.8036068677902222
bHLH_1:4394359-4394608_binding_276,2,0.8698009252548218
bHLH_1:4394359-4394608_binding_476,2,0.8767154812812805
bHLH_1:4394359-4394608_binding_70,2,0.8847566843032837
bHLH_1:4394359-4394608_reference_binding_2066,2,0.8739802241325378
bHLH_1:4423672-4423921_non_binding_1653,2,0.7798880934715271
bHLH_1:4423672-4423921_non_binding_1710,2,0.7746572494506836
bHLH_1:4423672-4423921_non_binding_623,2,0.7750589847564697
bHLH_1:4423672-4423921_non_binding_662,2,0.7652363181114197
bHLH_1:4423672-4423921_reference_binding_2441,2,0.7730963826179504
bHLH_1:4429965-4430214_binding_1072,2,0.8503254055976868
bHLH_1:4429965-4430214_binding_13,2,0.8607714176177979
bHLH_1:4429965-4430214_binding_331,2,0.8670192956924438
bHLH_1:4429965-4430214_binding_464,2,0.8637157082557678
bHLH_1:4429965-4430214_reference_binding_2013,2,0.855185866355896
bHLH_1:444578-444827_non_binding_1991,2,0.9158412218093872
bHLH_1:444578-444827_non_binding_1999,2,0.9178662300109863
bHLH_1:444578-444827_non_binding_507,2,0.9122133851051331
bHLH_1:444578-444827_reference_binding_2340,2,0.9117878675460815
bHLH_1:4525995-4526244_binding_1174,2,0.8914594054222107
bHLH_1:4525995-4526244_reference_binding_2740,2,0.8977004885673523
bHLH_1:4541682-4541931_binding_1368,2,0.9138271808624268
bHLH_1:4541682-4541931_reference_binding_2782,2,0.9204553961753845
bHLH_1:4557178-4557427_binding_1239,2,0.8740314841270447
bHLH_1:4557178-4557427_reference_binding_2749,2,0.8752733469009399
bHLH_1:4565225-4565474_binding_181,2,0.9139586687088013
bHLH_1:4565225-4565474_binding_241,2,0.9001747965812683
bHLH_1:4565225-4565474_binding_400,2,0.908066987991333
bHLH_1:4565225-4565474_reference_binding_2153,2,0.8963510990142822
bHLH_1:4590379-4590628_binding_1180,2,0.8972772359848022
bHLH_1:4590379-4590628_binding_1367,2,0.9035906791687012
bHLH_1:4590379-4590628_binding_26,2,0.9034677743911743
bHLH_1:4590379-4590628_binding_39,2,0.8902357220649719
bHLH_1:4590379-4590628_reference_binding_2026,2,0.9002545475959778
bHLH_1:4605180-4605429_binding_1074,2,0.8809425830841064
bHLH_1:4605180-4605429_binding_1434,2,0.883997917175293
bHLH_1:4605180-4605429_binding_1488,2,0.8844268321990967
bHLH_1:4605180-4605429_binding_242,2,0.8873977661132812
bHLH_1:4605180-4605429_reference_binding_2195,2,0.8908054828643799
bHLH_1:4612262-4612511_binding_1300,2,0.8950188755989075
bHLH_1:4612262-4612511_binding_1366,2,0.8981269001960754
bHLH_1:4612262-4612511_reference_binding_2768,2,0.89724200963974
bHLH_1:4658851-4659100_binding_352,2,0.9310930371284485
bHLH_1:4658851-4659100_binding_454,2,0.9279962182044983
bHLH_1:4658851-4659100_non_binding_1694,2,0.9228246808052063
bHLH_1:4658851-4659100_reference_binding_2253,2,0.9233812689781189
bHLH_1:4677318-4677567_binding_1077,2,0.8204742074012756
bHLH_1:4677318-4677567_binding_109,2,0.8491160869598389
bHLH_1:4677318-4677567_binding_351,2,0.8697420954704285
bHLH_1:4677318-4677567_reference_binding_2099,2,0.821209728717804
bHLH_1:4684258-4684507_non_binding_1832,2,0.9295998215675354
bHLH_1:4684258-4684507_non_binding_1926,2,0.9259044528007507
bHLH_1:4684258-4684507_reference_binding_2948,2,0.9234244227409363
bHLH_1:4702295-4702544_non_binding_717,2,0.919661283493042
bHLH_1:4702295-4702544_reference_binding_2518,2,0.9220752716064453
bHLH_1:4705789-4706038_binding_1064,2,0.9010258316993713
bHLH_1:4705789-4706038_binding_1323,2,0.9075402617454529
bHLH_1:4705789-4706038_non_binding_982,2,0.9053559899330139
bHLH_1:4705789-4706038_reference_binding_2676,2,0.9113598465919495
bHLH_1:4741921-4742170_non_binding_890,2,0.8305275440216064
bHLH_1:4741921-4742170_reference_binding_2633,2,0.8357764482498169
bHLH_1:4743017-4743266_non_binding_1615,2,0.8777664303779602
bHLH_1:4743017-4743266_reference_binding_2853,2,0.8782196044921875
bHLH_1:4840826-4841075_binding_1228,2,0.8610193729400635
bHLH_1:4840826-4841075_binding_36,2,0.8762933015823364
bHLH_1:4840826-4841075_non_binding_565,2,0.8735788464546204
bHLH_1:4840826-4841075_non_binding_988,2,0.8660569190979004
bHLH_1:4840826-4841075_reference_binding_2035,2,0.8703266382217407
bHLH_1:484460-484709_non_binding_1763,2,0.9069182872772217
bHLH_1:484460-484709_reference_binding_2914,2,0.902470588684082
bHLH_1:4854665-4854914_non_binding_667,2,0.791397750377655
bHLH_1:4854665-4854914_reference_binding_2477,2,0.8138745427131653
bHLH_1:485682-485931_binding_453,2,0.8782587051391602
bHLH_1:485682-485931_reference_binding_2310,2,0.8611777424812317
bHLH_1:4932172-4932421_non_binding_806,2,0.850297212600708
bHLH_1:4932172-4932421_reference_binding_2579,2,0.8719114661216736
bHLH_1:4936560-4936809_binding_122,2,0.906436562538147
bHLH_1:4936560-4936809_binding_1265,2,0.9123831987380981
bHLH_1:4936560-4936809_binding_1407,2,0.9113671779632568
bHLH_1:4936560-4936809_binding_1425,2,0.9136195778846741
bHLH_1:4936560-4936809_reference_binding_2110,2,0.9204415678977966
bHLH_1:4953460-4953709_non_binding_1805,2,0.8933269381523132
bHLH_1:4953460-4953709_non_binding_1859,2,0.8811181783676147
bHLH_1:4953460-4953709_non_binding_1974,2,0.8834831118583679
bHLH_1:4953460-4953709_reference_binding_2934,2,0.8952919244766235
bHLH_1:4962206-4962455_non_binding_1646,2,0.8041617274284363
bHLH_1:4962206-4962455_reference_binding_2866,2,0.8078891634941101
bHLH_1:4972643-4972892_non_binding_1767,2,0.9192249178886414
bHLH_1:4972643-4972892_non_binding_1783,2,0.923833966255188
bHLH_1:4972643-4972892_non_binding_1827,2,0.919121265411377
bHLH_1:4972643-4972892_reference_binding_2917,2,0.9218838810920715
bHLH_1:5046524-5046773_binding_1221,2,0.8438669443130493
bHLH_1:5046524-5046773_reference_binding_2746,2,0.8470238447189331
bHLH_1:5048107-5048356_binding_428,2,0.8006718158721924
bHLH_1:5048107-5048356_reference_binding_2296,2,0.8197526931762695
bHLH_1:5082468-5082717_non_binding_555,2,0.8836220502853394
bHLH_1:5082468-5082717_reference_binding_2386,2,0.8802104592323303
bHLH_1:5095412-5095661_non_binding_1501,2,0.852353572845459
bHLH_1:5124274-5124523_binding_1011,2,0.9101380705833435
bHLH_1:5124274-5124523_binding_471,2,0.8969742059707642
bHLH_1:5124274-5124523_reference_binding_2319,2,0.9074944257736206
bHLH_1:5151631-5151880_non_binding_572,2,0.9026343822479248
bHLH_1:5151631-5151880_reference_binding_2397,2,0.9030409455299377
bHLH_1:5173352-5173601_binding_1034,2,0.8202905058860779
bHLH_1:5173352-5173601_binding_166,2,0.8402456045150757
bHLH_1:5173352-5173601_reference_binding_2145,2,0.8269371390342712
bHLH_1:5176861-5177110_non_binding_607,2,0.9129297137260437
bHLH_1:5176861-5177110_reference_binding_2428,2,0.914061963558197
bHLH_1:5216190-5216439_non_binding_643,2,0.8733348250389099
bHLH_1:5216190-5216439_reference_binding_2457,2,0.8669621348381042
bHLH_1:5287450-5287699_non_binding_1824,2,0.8803439140319824
bHLH_1:5287450-5287699_reference_binding_2944,2,0.8932130932807922
bHLH_1:5298025-5298274_non_binding_791,2,0.9021958708763123
bHLH_1:5298025-5298274_reference_binding_2571,2,0.8932322263717651
bHLH_1:5304205-5304454_non_binding_1728,2,0.8736140131950378
bHLH_1:5304205-5304454_non_binding_1891,2,0.9117389917373657
bHLH_1:5304205-5304454_reference_binding_2900,2,0.8808723092079163
bHLH_1:5319512-5319761_non_binding_559,2,0.8941431045532227
bHLH_1:5319512-5319761_non_binding_746,2,0.9005129933357239
bHLH_1:5319512-5319761_reference_binding_2389,2,0.8970067501068115
bHLH_1:5321859-5322108_non_binding_1804,2,0.866926908493042
bHLH_1:5321859-5322108_non_binding_1851,2,0.8754228353500366
bHLH_1:5321859-5322108_non_binding_1936,2,0.8823809623718262
bHLH_1:5321859-5322108_non_binding_1964,2,0.8623263239860535
bHLH_1:5321859-5322108_non_binding_768,2,0.847321629524231
bHLH_1:5321859-5322108_reference_binding_2554,2,0.8627755641937256
bHLH_1:5333629-5333878_non_binding_1630,2,0.8784422278404236
bHLH_1:5333629-5333878_non_binding_1715,2,0.8808956146240234
bHLH_1:5338272-5338521_non_binding_1873,2,0.9068318605422974
bHLH_1:5338272-5338521_non_binding_659,2,0.915585994720459
bHLH_1:5338272-5338521_reference_binding_2470,2,0.9133524894714355
bHLH_1:534138-534387_non_binding_913,2,0.8162692785263062
bHLH_1:534138-534387_reference_binding_2649,2,0.8230120539665222
bHLH_1:536822-537071_binding_1200,2,0.8810117244720459
bHLH_1:536822-537071_binding_237,2,0.889332115650177
bHLH_1:536822-537071_reference_binding_2192,2,0.8752132058143616
bHLH_1:5368355-5368604_non_binding_1788,2,0.8877286911010742
bHLH_1:5368355-5368604_non_binding_813,2,0.8723821640014648
bHLH_1:5368355-5368604_reference_binding_2584,2,0.8950247168540955
bHLH_1:5380787-5381036_binding_1103,2,0.8779197335243225
bHLH_1:5380787-5381036_binding_1104,2,0.8689627051353455
bHLH_1:5380787-5381036_binding_1256,2,0.8791297078132629
bHLH_1:5380787-5381036_binding_169,2,0.8690021634101868
bHLH_1:5380787-5381036_reference_binding_2147,2,0.8818142414093018
bHLH_1:5382624-5382873_non_binding_695,2,0.8742507696151733
bHLH_1:5382624-5382873_non_binding_802,2,0.8869825601577759
bHLH_1:5382624-5382873_reference_binding_2498,2,0.8824273347854614
bHLH_1:5415602-5415851_binding_1137,2,0.8542254567146301
bHLH_1:5415602-5415851_reference_binding_2731,2,0.8615607023239136
bHLH_1:5462390-5462639_binding_1144,2,0.898501455783844
bHLH_1:5462390-5462639_binding_1251,2,0.8913052082061768
bHLH_1:5462390-5462639_binding_15,2,0.8867469429969788
bHLH_1:5462390-5462639_binding_165,2,0.8831796646118164
bHLH_1:5462390-5462639_reference_binding_2015,2,0.906642496585846
bHLH_1:5485601-5485850_binding_284,2,0.9237741231918335
bHLH_1:5485601-5485850_non_binding_973,2,0.9238930940628052
bHLH_1:5485601-5485850_reference_binding_2214,2,0.9241713881492615
bHLH_1:5486843-5487092_binding_1280,2,0.868532657623291
bHLH_1:5486843-5487092_reference_binding_2762,2,0.8723097443580627
bHLH_1:5500682-5500931_non_binding_1771,2,0.9027506113052368
bHLH_1:5500682-5500931_non_binding_1823,2,0.8967630863189697
bHLH_1:5500682-5500931_non_binding_1826,2,0.8956918716430664
bHLH_1:5500682-5500931_non_binding_1938,2,0.8984227776527405
bHLH_1:5500682-5500931_reference_binding_2920,2,0.8976983428001404
bHLH_1:5502781-5503030_binding_1297,2,0.8463366627693176
bHLH_1:5502781-5503030_binding_1319,2,0.819284975528717
bHLH_1:5502781-5503030_binding_1355,2,0.8283159136772156
bHLH_1:5502781-5503030_binding_30,2,0.8341223001480103
bHLH_1:5502781-5503030_binding_44,2,0.8445927500724792
bHLH_1:5502781-5503030_reference_binding_2030,2,0.8386896848678589
bHLH_1:5515478-5515727_non_binding_1785,2,0.8422064781188965
bHLH_1:5515478-5515727_non_binding_1937,2,0.8419672846794128
bHLH_1:5515478-5515727_reference_binding_2923,2,0.8463757634162903
bHLH_1:5536869-5537118_non_binding_583,2,0.919681966304779
bHLH_1:5536869-5537118_non_binding_718,2,0.9194459319114685
bHLH_1:5536869-5537118_reference_binding_2406,2,0.9200072884559631
bHLH_1:5581797-5582046_binding_46,2,0.896751880645752
bHLH_1:5581797-5582046_reference_binding_2043,2,0.9002796411514282
bHLH_1:5662839-5663088_non_binding_1787,2,0.876129686832428
bHLH_1:5662839-5663088_reference_binding_2925,2,0.8814620971679688
bHLH_1:5664153-5664402_binding_1217,2,0.8787969350814819
bHLH_1:5664153-5664402_binding_175,2,0.8678655624389648
bHLH_1:5664153-5664402_binding_374,2,0.8615075945854187
bHLH_1:5664153-5664402_reference_binding_2150,2,0.8930777907371521
bHLH_1:5671409-5671658_binding_1305,2,0.8672004342079163
bHLH_1:5671409-5671658_binding_139,2,0.8499969244003296
bHLH_1:5671409-5671658_reference_binding_2125,2,0.8911890983581543
bHLH_1:5682476-5682725_non_binding_1719,2,0.811349630355835
bHLH_1:5682476-5682725_non_binding_1870,2,0.8168222308158875
bHLH_1:5682476-5682725_non_binding_1904,2,0.8185374736785889
bHLH_1:5682476-5682725_non_binding_1954,2,0.8185302019119263
bHLH_1:5682476-5682725_reference_binding_2895,2,0.8203616142272949
bHLH_1:5689276-5689525_non_binding_715,2,0.8763279318809509
bHLH_1:5689276-5689525_reference_binding_2516,2,0.8813664317131042
bHLH_1:5708073-5708322_binding_1063,2,0.8799514174461365
bHLH_1:5708073-5708322_binding_1096,2,0.8582432866096497
bHLH_1:5708073-5708322_binding_1413,2,0.8742104768753052
bHLH_1:5708073-5708322_binding_149,2,0.8848854303359985
bHLH_1:5708073-5708322_binding_179,2,0.877753734588623
bHLH_1:5708073-5708322_reference_binding_2131,2,0.8724622130393982
bHLH_1:5749123-5749372_binding_77,2,0.9130671620368958
bHLH_1:5749123-5749372_reference_binding_2073,2,0.9184262752532959
bHLH_1:5779193-5779442_non_binding_1617,2,0.8942856192588806
bHLH_1:5779193-5779442_reference_binding_2855,2,0.8955017924308777
bHLH_1:5853173-5853422_non_binding_1594,2,0.8641745448112488
bHLH_1:5853173-5853422_reference_binding_2844,2,0.8668819665908813
bHLH_1:5857934-5858183_binding_1175,2,0.9062541723251343
bHLH_1:5857934-5858183_binding_1298,2,0.9114333987236023
bHLH_1:5857934-5858183_binding_1387,2,0.9042357802391052
bHLH_1:5857934-5858183_binding_283,2,0.9048416614532471
bHLH_1:5857934-5858183_binding_348,2,0.9027271866798401
bHLH_1:5857934-5858183_non_binding_816,2,0.9047703742980957
bHLH_1:5857934-5858183_non_binding_946,2,0.8991504907608032
bHLH_1:5857934-5858183_non_binding_970,2,0.9053635597229004
bHLH_1:5857934-5858183_reference_binding_2213,2,0.902965247631073
bHLH_1:5887448-5887697_non_binding_936,2,0.9034034609794617
bHLH_1:5887448-5887697_reference_binding_2662,2,0.9066371321678162
bHLH_1:5905980-5906229_non_binding_1820,2,0.9244801998138428
bHLH_1:5905980-5906229_reference_binding_2943,2,0.9260950088500977
bHLH_1:5926438-5926687_binding_1275,2,0.8894075751304626
bHLH_1:5926438-5926687_non_binding_777,2,0.8857535123825073
bHLH_1:5926438-5926687_non_binding_830,2,0.8941652178764343
bHLH_1:5926438-5926687_reference_binding_2560,2,0.8979064226150513
bHLH_1:59787-60036_non_binding_1704,2,0.9276061058044434
bHLH_1:59787-60036_reference_binding_2889,2,0.9292895197868347
bHLH_1:6017123-6017372_non_binding_1668,2,0.9002153277397156
bHLH_1:6017123-6017372_reference_binding_2878,2,0.9022197723388672
bHLH_1:6061359-6061608_non_binding_1606,2,0.925654411315918
bHLH_1:6061359-6061608_non_binding_1691,2,0.927178680896759
bHLH_1:6061359-6061608_non_binding_1950,2,0.9281337261199951
bHLH_1:6061359-6061608_reference_binding_2849,2,0.9288938641548157
bHLH_1:608467-608716_binding_457,2,0.8919336795806885
bHLH_1:608467-608716_non_binding_829,2,0.8964871764183044
bHLH_1:608467-608716_non_binding_852,2,0.8872451186180115
bHLH_1:608467-608716_reference_binding_2313,2,0.8919610381126404
bHLH_1:6129774-6130023_non_binding_526,2,0.9326078295707703
bHLH_1:6129774-6130023_reference_binding_2359,2,0.9337702393531799
bHLH_1:6159973-6160222_non_binding_745,2,0.9267818331718445
bHLH_1:6159973-6160222_reference_binding_2537,2,0.928109347820282
bHLH_1:6206576-6206825_non_binding_853,2,0.8591307401657104
bHLH_1:6206576-6206825_reference_binding_2605,2,0.8884612917900085
bHLH_1:6290459-6290708_non_binding_1607,2,0.9368098378181458
bHLH_1:6290459-6290708_reference_binding_2850,2,0.9362034201622009
bHLH_1:6299514-6299763_binding_265,2,0.8888992071151733
bHLH_1:6299514-6299763_reference_binding_2207,2,0.8860382437705994
bHLH_1:631694-631943_binding_1023,2,0.9065963625907898
bHLH_1:631694-631943_binding_1089,2,0.9119511246681213
bHLH_1:631694-631943_binding_1243,2,0.9130189418792725
bHLH_1:631694-631943_binding_1380,2,0.9064251184463501
bHLH_1:631694-631943_binding_1494,2,0.9088940024375916
bHLH_1:631694-631943_binding_463,2,0.9120243787765503
bHLH_1:631694-631943_binding_91,2,0.9172570705413818
bHLH_1:631694-631943_reference_binding_2085,2,0.9102810025215149
bHLH_1:6370343-6370592_non_binding_653,2,0.8605464100837708
bHLH_1:6370343-6370592_non_binding_815,2,0.8615415692329407
bHLH_1:6370343-6370592_reference_binding_2465,2,0.8676413297653198
bHLH_1:6375857-6376106_binding_1028,2,0.8546323776245117
bHLH_1:6375857-6376106_binding_106,2,0.8540095090866089
bHLH_1:6375857-6376106_binding_116,2,0.8431626558303833
bHLH_1:6375857-6376106_binding_1439,2,0.8510611057281494
bHLH_1:6375857-6376106_binding_1492,2,0.8547249436378479
bHLH_1:6375857-6376106_binding_286,2,0.8492528200149536
bHLH_1:6375857-6376106_reference_binding_2097,2,0.8611248135566711
bHLH_1:6411143-6411392_non_binding_1552,2,0.8878042101860046
bHLH_1:6411143-6411392_non_binding_1920,2,0.8844267725944519
bHLH_1:6411143-6411392_non_binding_948,2,0.8835198879241943
bHLH_1:6411143-6411392_reference_binding_2666,2,0.8900450468063354
bHLH_1:6419308-6419557_non_binding_1633,2,0.9255225658416748
bHLH_1:6419308-6419557_non_binding_1677,2,0.9234271049499512
bHLH_1:6419308-6419557_non_binding_779,2,0.9230247735977173
bHLH_1:6419308-6419557_non_binding_971,2,0.9233649969100952
bHLH_1:6419308-6419557_reference_binding_2562,2,0.9252369999885559
bHLH_1:6429640-6429889_non_binding_664,2,0.9179407954216003
bHLH_1:6429640-6429889_non_binding_721,2,0.9135274887084961
bHLH_1:6429640-6429889_reference_binding_2474,2,0.9150573015213013
bHLH_1:6554893-6555142_binding_163,2,0.8575391173362732
bHLH_1:6554893-6555142_non_binding_997,2,0.8700663447380066
bHLH_1:6554893-6555142_reference_binding_2143,2,0.856467068195343
bHLH_1:6555854-6556103_binding_120,2,0.9321976900100708
bHLH_1:6555854-6556103_binding_320,2,0.92802494764328
bHLH_1:6555854-6556103_reference_binding_2108,2,0.9156486988067627
bHLH_1:6557555-6557804_non_binding_1529,2,0.8260385394096375
bHLH_1:6557555-6557804_non_binding_1698,2,0.8322951197624207
bHLH_1:6557555-6557804_non_binding_1768,2,0.8434841632843018
bHLH_1:6557555-6557804_non_binding_1925,2,0.8425955772399902
bHLH_1:6557555-6557804_non_binding_1939,2,0.8443650603294373
bHLH_1:6557555-6557804_reference_binding_2807,2,0.834155261516571
bHLH_1:6565809-6566058_binding_1035,2,0.8249660134315491
bHLH_1:6565809-6566058_reference_binding_2696,2,0.8193061947822571
bHLH_1:6576919-6577168_binding_108,2,0.8989196419715881
bHLH_1:6576919-6577168_binding_3,2,0.9018546342849731
bHLH_1:6576919-6577168_non_binding_1582,2,0.9033542275428772
bHLH_1:6576919-6577168_non_binding_765,2,0.8915795087814331
bHLH_1:6576919-6577168_reference_binding_2003,2,0.8994553685188293
bHLH_1:6600310-6600559_binding_1234,2,0.9022983312606812
bHLH_1:6600310-6600559_reference_binding_2748,2,0.9083721041679382
bHLH_1:662991-663240_non_binding_1641,2,0.8534773588180542
bHLH_1:662991-663240_non_binding_1644,2,0.8641071319580078
bHLH_1:662991-663240_reference_binding_2864,2,0.8580595254898071
bHLH_1:665223-665472_non_binding_517,2,0.8683065176010132
bHLH_1:665223-665472_reference_binding_2350,2,0.8950947523117065
bHLH_1:6675473-6675722_non_binding_685,2,0.9310622215270996
bHLH_1:6675473-6675722_reference_binding_2491,2,0.9308380484580994
bHLH_1:6777250-6777499_binding_1188,2,0.9217520356178284
bHLH_1:6777250-6777499_reference_binding_2743,2,0.9236671328544617
bHLH_1:6798126-6798375_binding_401,2,0.9188404083251953
bHLH_1:6798126-6798375_reference_binding_2279,2,0.9310539960861206
bHLH_1:6840899-6841148_binding_141,2,0.9023188352584839
bHLH_1:6840899-6841148_binding_22,2,0.8950352668762207
bHLH_1:6840899-6841148_binding_273,2,0.8878775835037231
bHLH_1:6840899-6841148_reference_binding_2022,2,0.9031009078025818
bHLH_1:6844894-6845143_binding_1024,2,0.8412814736366272
bHLH_1:6844894-6845143_binding_1199,2,0.8494611978530884
bHLH_1:6844894-6845143_binding_362,2,0.8717014789581299
bHLH_1:6844894-6845143_binding_376,2,0.8829171657562256
bHLH_1:6844894-6845143_binding_56,2,0.8604196310043335
bHLH_1:6844894-6845143_reference_binding_2052,2,0.8513539433479309
bHLH_1:6849673-6849922_non_binding_596,2,0.9179936051368713
bHLH_1:6849673-6849922_reference_binding_2418,2,0.9150081276893616
bHLH_1:6853678-6853927_binding_1037,2,0.9061266183853149
bHLH_1:6853678-6853927_binding_1115,2,0.9075701236724854
bHLH_1:6853678-6853927_binding_1357,2,0.9112056493759155
bHLH_1:6853678-6853927_binding_1394,2,0.9038869142532349
bHLH_1:6853678-6853927_binding_1415,2,0.9093127846717834
bHLH_1:6853678-6853927_reference_binding_2697,2,0.9130712747573853
bHLH_1:6860534-6860783_non_binding_784,2,0.9233502149581909
bHLH_1:6860534-6860783_reference_binding_2566,2,0.930547297000885
bHLH_1:6864901-6865150_non_binding_528,2,0.9297940731048584
bHLH_1:6864901-6865150_reference_binding_2361,2,0.9326074123382568
bHLH_1:6881548-6881797_binding_1381,2,0.9328899383544922
bHLH_1:6881548-6881797_binding_316,2,0.9313904643058777
bHLH_1:6881548-6881797_binding_425,2,0.929578959941864
bHLH_1:6881548-6881797_reference_binding_2236,2,0.93617182970047
bHLH_1:6899029-6899278_non_binding_678,2,0.8585556149482727
bHLH_1:6899029-6899278_reference_binding_2485,2,0.8567888736724854
bHLH_1:6989182-6989431_binding_1079,2,0.8996932506561279
bHLH_1:6989182-6989431_binding_1195,2,0.9082582592964172
bHLH_1:6989182-6989431_binding_1495,2,0.9101832509040833
bHLH_1:6989182-6989431_reference_binding_2711,2,0.8997873663902283
bHLH_1:6989539-6989788_binding_1271,2,0.7906612753868103
bHLH_1:6989539-6989788_reference_binding_2758,2,0.7997936010360718
bHLH_1:6994578-6994827_binding_102,2,0.9209807515144348
bHLH_1:6994578-6994827_binding_1068,2,0.9126483201980591
bHLH_1:6994578-6994827_binding_1073,2,0.9129472374916077
bHLH_1:6994578-6994827_binding_1099,2,0.9091415405273438
bHLH_1:6994578-6994827_binding_1444,2,0.9146572351455688
bHLH_1:6994578-6994827_binding_1489,2,0.9148033857345581
bHLH_1:6994578-6994827_reference_binding_2094,2,0.9091138243675232
bHLH_1:7039604-7039853_binding_125,2,0.850579559803009
bHLH_1:7039604-7039853_binding_1383,2,0.8215359449386597
bHLH_1:7039604-7039853_binding_274,2,0.8482401967048645
bHLH_1:7039604-7039853_reference_binding_2113,2,0.8188490271568298
bHLH_1:7047359-7047608_non_binding_665,2,0.9068530797958374
bHLH_1:7047359-7047608_reference_binding_2475,2,0.9168789386749268
bHLH_1:7061361-7061610_non_binding_811,2,0.8987360596656799
bHLH_1:7061361-7061610_non_binding_866,2,0.8951041102409363
bHLH_1:7061361-7061610_reference_binding_2582,2,0.9059723019599915
bHLH_1:7070499-7070748_binding_214,2,0.8317022919654846
bHLH_1:7070499-7070748_binding_92,2,0.8260084390640259
bHLH_1:7070499-7070748_reference_binding_2086,2,0.8360053896903992
bHLH_1:7074246-7074495_binding_1370,2,0.8250212073326111
bHLH_1:7093572-7093821_binding_54,2,0.8972103595733643
bHLH_1:7093572-7093821_reference_binding_2050,2,0.9030811786651611
bHLH_1:710645-710894_non_binding_552,2,0.9323193430900574
bHLH_1:710645-710894_reference_binding_2383,2,0.9329517483711243
bHLH_1:7132970-7133219_binding_1158,2,0.92595374584198
bHLH_1:7132970-7133219_binding_366,2,0.9296509623527527
bHLH_1:7132970-7133219_reference_binding_2261,2,0.9271109104156494
bHLH_1:7156461-7156710_binding_1014,2,0.8249330520629883
bHLH_1:7156461-7156710_reference_binding_2689,2,0.8245967030525208
bHLH_1:7167994-7168243_non_binding_700,2,0.8856411576271057
bHLH_1:7167994-7168243_reference_binding_2502,2,0.8868052363395691
bHLH_1:7192447-7192696_binding_25,2,0.8355388641357422
bHLH_1:7192447-7192696_binding_263,2,0.8377628922462463
bHLH_1:7192447-7192696_binding_499,2,0.835493803024292
bHLH_1:7192447-7192696_reference_binding_2025,2,0.8299373388290405
bHLH_1:7221293-7221542_binding_1379,2,0.8557795286178589
bHLH_1:7221293-7221542_reference_binding_2785,2,0.8535450100898743
bHLH_1:7250508-7250757_non_binding_511,2,0.9157618880271912
bHLH_1:7250508-7250757_reference_binding_2344,2,0.9220231175422668
bHLH_1:7278400-7278649_binding_130,2,0.8258301019668579
bHLH_1:7278400-7278649_reference_binding_2117,2,0.8229861855506897
bHLH_1:7303041-7303290_non_binding_1673,2,0.8584268689155579
bHLH_1:7303041-7303290_reference_binding_2880,2,0.8671057224273682
bHLH_1:7307302-7307551_non_binding_1573,2,0.8936280608177185
bHLH_1:7307302-7307551_reference_binding_2833,2,0.8920788764953613
bHLH_1:7309760-7310009_non_binding_1841,2,0.9078925251960754
bHLH_1:7322715-7322964_binding_1302,2,0.8958929777145386
bHLH_1:7322715-7322964_reference_binding_2769,2,0.9056541919708252
bHLH_1:7344608-7344857_binding_482,2,0.8492414951324463
bHLH_1:7344608-7344857_binding_486,2,0.8503996729850769
bHLH_1:7344608-7344857_reference_binding_2325,2,0.8346091508865356
bHLH_1:7430557-7430806_binding_405,2,0.9029409885406494
bHLH_1:7430557-7430806_reference_binding_2283,2,0.9046726226806641
bHLH_1:7435761-7436010_binding_285,2,0.8839017152786255
bHLH_1:7435761-7436010_reference_binding_2215,2,0.88993239402771
bHLH_1:7475908-7476157_binding_1114,2,0.9383779168128967
bHLH_1:7475908-7476157_binding_1303,2,0.9376042485237122
bHLH_1:7475908-7476157_binding_1308,2,0.9389972686767578
bHLH_1:7475908-7476157_binding_1317,2,0.9394682049751282
bHLH_1:7475908-7476157_binding_1325,2,0.9381288290023804
bHLH_1:7475908-7476157_binding_1374,2,0.9402818083763123
bHLH_1:7475908-7476157_binding_1408,2,0.939203143119812
bHLH_1:7475908-7476157_binding_1443,2,0.9367337822914124
bHLH_1:7475908-7476157_binding_1449,2,0.9401052594184875
bHLH_1:7475908-7476157_binding_1465,2,0.9386935234069824
bHLH_1:7475908-7476157_binding_1482,2,0.936803936958313
bHLH_1:7475908-7476157_binding_235,2,0.9399707913398743
bHLH_1:7475908-7476157_binding_470,2,0.9433773756027222
bHLH_1:7475908-7476157_reference_binding_2190,2,0.9398317337036133
bHLH_1:7534434-7534683_binding_1208,2,0.8660722970962524
bHLH_1:7534434-7534683_binding_281,2,0.8624237179756165
bHLH_1:7534434-7534683_binding_61,2,0.8875089883804321
bHLH_1:7534434-7534683_reference_binding_2057,2,0.8728983402252197
bHLH_1:7545180-7545429_non_binding_598,2,0.8359731435775757
bHLH_1:7545180-7545429_reference_binding_2420,2,0.8364546895027161
bHLH_1:7602119-7602368_non_binding_575,2,0.9138948321342468
bHLH_1:7602119-7602368_non_binding_620,2,0.9103696942329407
bHLH_1:7602119-7602368_reference_binding_2400,2,0.9118438363075256
bHLH_1:7688499-7688748_non_binding_1708,2,0.9069302678108215
bHLH_1:7688499-7688748_reference_binding_2891,2,0.9126020669937134
bHLH_1:771306-771555_binding_432,2,0.9067460298538208
bHLH_1:771306-771555_reference_binding_2297,2,0.9136155247688293
bHLH_1:7719917-7720166_non_binding_1762,2,0.9072853326797485
bHLH_1:7719917-7720166_non_binding_1962,2,0.901911735534668
bHLH_1:7719917-7720166_non_binding_650,2,0.8801243305206299
bHLH_1:7719917-7720166_reference_binding_2463,2,0.8791788816452026
bHLH_1:7735115-7735364_non_binding_1544,2,0.8270294070243835
bHLH_1:7735115-7735364_non_binding_1871,2,0.8476595282554626
bHLH_1:7735115-7735364_reference_binding_2816,2,0.8255077004432678
bHLH_1:7740862-7741111_non_binding_1750,2,0.9007415175437927
bHLH_1:7740862-7741111_non_binding_1857,2,0.8986529111862183
bHLH_1:7740862-7741111_reference_binding_2909,2,0.9020349383354187
bHLH_1:7834520-7834769_binding_1082,2,0.935381293296814
bHLH_1:7834520-7834769_binding_386,2,0.9388071894645691
bHLH_1:7834520-7834769_reference_binding_2272,2,0.9363426566123962
bHLH_1:7906823-7907072_binding_1100,2,0.9345662593841553
bHLH_1:7906823-7907072_reference_binding_2718,2,0.9390584826469421
bHLH_1:7930532-7930781_non_binding_554,2,0.8866775035858154
bHLH_1:7930532-7930781_reference_binding_2385,2,0.8895887732505798
bHLH_1:7932398-7932647_binding_1119,2,0.9137905836105347
bHLH_1:7932398-7932647_non_binding_919,2,0.9096731543540955
bHLH_1:7932398-7932647_reference_binding_2652,2,0.9236766695976257
bHLH_1:7934882-7935131_binding_124,2,0.8997731804847717
bHLH_1:7934882-7935131_binding_142,2,0.8933476805686951
bHLH_1:7934882-7935131_binding_319,2,0.8885745406150818
bHLH_1:7934882-7935131_binding_383,2,0.882400631904602
bHLH_1:7934882-7935131_reference_binding_2112,2,0.8844331502914429
bHLH_1:7954358-7954607_binding_1021,2,0.9304606318473816
bHLH_1:7954358-7954607_binding_21,2,0.9240185022354126
bHLH_1:7954358-7954607_binding_253,2,0.9287205338478088
bHLH_1:7954358-7954607_binding_314,2,0.926971435546875
bHLH_1:7954358-7954607_reference_binding_2021,2,0.9320274591445923
bHLH_1:7990018-7990267_non_binding_1532,2,0.8785580992698669
bHLH_1:7990018-7990267_reference_binding_2809,2,0.8817669749259949
bHLH_1:7997009-7997258_binding_1013,2,0.8445512652397156
bHLH_1:7997009-7997258_binding_1098,2,0.8319515585899353
bHLH_1:7997009-7997258_binding_1122,2,0.8285094499588013
bHLH_1:7997009-7997258_binding_1155,2,0.8291918039321899
bHLH_1:7997009-7997258_binding_1222,2,0.8288995623588562
bHLH_1:7997009-7997258_binding_145,2,0.834002673625946
bHLH_1:7997009-7997258_binding_86,2,0.8156232833862305
bHLH_1:7997009-7997258_reference_binding_2081,2,0.8392162322998047
bHLH_1:8010634-8010883_binding_384,2,0.9095951318740845
bHLH_1:8010634-8010883_binding_485,2,0.9100554585456848
bHLH_1:8010634-8010883_reference_binding_2271,2,0.9090606570243835
bHLH_1:8016951-8017200_binding_1335,2,0.9001418352127075
bHLH_1:8016951-8017200_binding_138,2,0.905065655708313
bHLH_1:8016951-8017200_reference_binding_2124,2,0.9078448414802551
bHLH_1:8064332-8064581_non_binding_1737,2,0.8224292993545532
bHLH_1:8064332-8064581_reference_binding_2904,2,0.8272533416748047
bHLH_1:8076400-8076649_non_binding_1664,2,0.8953709006309509
bHLH_1:8076400-8076649_reference_binding_2875,2,0.8918762803077698
bHLH_1:8087130-8087379_non_binding_1524,2,0.8965522050857544
bHLH_1:8087130-8087379_non_binding_1729,2,0.8989375233650208
bHLH_1:8087130-8087379_non_binding_1761,2,0.8979096412658691
bHLH_1:8087130-8087379_reference_binding_2804,2,0.8979191184043884
bHLH_1:813195-813444_binding_162,2,0.9031729102134705
bHLH_1:813195-813444_reference_binding_2142,2,0.8989226222038269
bHLH_1:8141702-8141951_binding_439,2,0.938636839389801
bHLH_1:8141702-8141951_reference_binding_2298,2,0.9373459219932556
bHLH_1:8203953-8204202_binding_131,2,0.909887433052063
bHLH_1:8203953-8204202_binding_5,2,0.9024139642715454
bHLH_1:8203953-8204202_reference_binding_2005,2,0.9080504179000854
bHLH_1:821536-821785_binding_215,2,0.819286048412323
bHLH_1:821536-821785_reference_binding_2175,2,0.8212433457374573
bHLH_1:823834-824083_binding_1147,2,0.7987918853759766
bHLH_1:823834-824083_reference_binding_2736,2,0.8057734370231628
bHLH_1:8316594-8316843_non_binding_1647,2,0.8706957101821899
bHLH_1:8316594-8316843_reference_binding_2867,2,0.875881016254425
bHLH_1:8354817-8355066_binding_1358,2,0.9257811903953552
bHLH_1:8354817-8355066_non_binding_1679,2,0.9244260787963867
bHLH_1:8354817-8355066_non_binding_808,2,0.917568027973175
bHLH_1:8354817-8355066_reference_binding_2580,2,0.9267888069152832
bHLH_1:8433708-8433957_non_binding_1510,2,0.9108189940452576
bHLH_1:8433708-8433957_non_binding_1794,2,0.9184750914573669
bHLH_1:8433708-8433957_non_binding_1810,2,0.9184297919273376
bHLH_1:8433708-8433957_non_binding_1835,2,0.9171534776687622
bHLH_1:8433708-8433957_non_binding_1888,2,0.9149541258811951
bHLH_1:8433708-8433957_non_binding_1928,2,0.91615229845047
bHLH_1:8433708-8433957_non_binding_1935,2,0.9173094630241394
bHLH_1:8433708-8433957_non_binding_1940,2,0.9175077080726624
bHLH_1:8433708-8433957_non_binding_810,2,0.9130942225456238
bHLH_1:8433708-8433957_reference_binding_2581,2,0.912300169467926
bHLH_1:8460567-8460816_binding_460,2,0.9235403537750244
bHLH_1:8460567-8460816_reference_binding_2315,2,0.919951319694519
bHLH_1:8467677-8467926_non_binding_1720,2,0.894219696521759
bHLH_1:8467677-8467926_reference_binding_2896,2,0.8887811899185181
bHLH_1:8469816-8470065_non_binding_586,2,0.8153923749923706
bHLH_1:8469816-8470065_reference_binding_2409,2,0.8346754908561707
bHLH_1:8532133-8532382_binding_411,2,0.8344622254371643
bHLH_1:8532133-8532382_reference_binding_2287,2,0.8098036646842957
bHLH_1:8565273-8565522_non_binding_932,2,0.8358572721481323
bHLH_1:8565273-8565522_reference_binding_2660,2,0.8526420593261719
bHLH_1:858051-858300_binding_1471,2,0.9305480122566223
bHLH_1:858051-858300_binding_29,2,0.9293397068977356
bHLH_1:858051-858300_reference_binding_2029,2,0.9337694644927979
bHLH_1:8580641-8580890_non_binding_1559,2,0.9168859124183655
bHLH_1:8580641-8580890_reference_binding_2827,2,0.9188565015792847
bHLH_1:8626378-8626627_non_binding_683,2,0.8400624394416809
bHLH_1:8626378-8626627_reference_binding_2490,2,0.8551899194717407
bHLH_1:8663418-8663667_non_binding_1953,2,0.8883827328681946
bHLH_1:8663418-8663667_reference_binding_2976,2,0.9060684442520142
bHLH_1:868085-868334_binding_1044,2,0.900404155254364
bHLH_1:868085-868334_binding_1051,2,0.8989406228065491
bHLH_1:868085-868334_reference_binding_2698,2,0.9029097557067871
bHLH_1:8693023-8693272_binding_1288,2,0.8554868698120117
bHLH_1:8693023-8693272_non_binding_845,2,0.8545706272125244
bHLH_1:8693023-8693272_reference_binding_2599,2,0.8583728075027466
bHLH_1:8768262-8768511_non_binding_1538,2,0.8948758840560913
bHLH_1:8768262-8768511_reference_binding_2813,2,0.9005985260009766
bHLH_1:8819548-8819797_non_binding_1809,2,0.8905371427536011
bHLH_1:8833926-8834175_non_binding_1753,2,0.8939631581306458
bHLH_1:8833926-8834175_non_binding_1825,2,0.9058083295822144
bHLH_1:8833926-8834175_non_binding_1887,2,0.8982375264167786
bHLH_1:8843934-8844183_non_binding_1786,2,0.8173031210899353
bHLH_1:8843934-8844183_reference_binding_2924,2,0.8028962016105652
bHLH_1:8886052-8886301_binding_1389,2,0.929187536239624
bHLH_1:8886052-8886301_reference_binding_2786,2,0.9308931231498718
bHLH_1:8887869-8888118_binding_1003,2,0.9330762028694153
bHLH_1:8887869-8888118_binding_1190,2,0.9322807788848877
bHLH_1:8887869-8888118_binding_1397,2,0.9378308653831482
bHLH_1:8887869-8888118_reference_binding_2683,2,0.9349430203437805
bHLH_1:8975664-8975913_non_binding_634,2,0.9157335758209229
bHLH_1:8975664-8975913_reference_binding_2451,2,0.9171873331069946
bHLH_1:8977282-8977531_binding_48,2,0.8887354731559753
bHLH_1:8977282-8977531_non_binding_941,2,0.8842631578445435
bHLH_1:8977282-8977531_reference_binding_2045,2,0.8860846161842346
bHLH_1:8983665-8983914_non_binding_1960,2,0.882716953754425
bHLH_1:8983665-8983914_non_binding_500,2,0.8775869607925415
bHLH_1:8983665-8983914_reference_binding_2333,2,0.880861759185791
bHLH_1:9037897-9038146_binding_217,2,0.9047126173973083
bHLH_1:9037897-9038146_binding_255,2,0.8975914716720581
bHLH_1:9037897-9038146_binding_327,2,0.9012612104415894
bHLH_1:9037897-9038146_binding_350,2,0.8984604477882385
bHLH_1:9037897-9038146_reference_binding_2177,2,0.8652288317680359
bHLH_1:9069383-9069632_non_binding_1852,2,0.910921037197113
bHLH_1:9069383-9069632_reference_binding_2953,2,0.9116908311843872
bHLH_1:908099-908348_non_binding_1770,2,0.8702107667922974
bHLH_1:908099-908348_non_binding_1779,2,0.8546501398086548
bHLH_1:908099-908348_reference_binding_2919,2,0.8741543889045715
bHLH_1:9132645-9132894_non_binding_1657,2,0.8786330223083496
bHLH_1:9132645-9132894_non_binding_898,2,0.8731358051300049
bHLH_1:9132645-9132894_reference_binding_2638,2,0.8740543127059937
bHLH_1:9150619-9150868_non_binding_1735,2,0.9291948676109314
bHLH_1:9150619-9150868_reference_binding_2903,2,0.9282079935073853
bHLH_1:9158105-9158354_non_binding_658,2,0.8121592402458191
bHLH_1:9158105-9158354_reference_binding_2469,2,0.8127695918083191
bHLH_1:920174-920423_non_binding_1531,2,0.8980517983436584
bHLH_1:920174-920423_non_binding_1760,2,0.9021220803260803
bHLH_1:920174-920423_non_binding_1814,2,0.8991146683692932
bHLH_1:920174-920423_non_binding_533,2,0.8945541977882385
bHLH_1:920174-920423_reference_binding_2366,2,0.8977206945419312
bHLH_1:9209982-9210231_binding_1142,2,0.8621925115585327
bHLH_1:9209982-9210231_binding_1194,2,0.8689926862716675
bHLH_1:9209982-9210231_reference_binding_2733,2,0.8599293828010559
bHLH_1:9272891-9273140_binding_1007,2,0.8974367380142212
bHLH_1:9272891-9273140_non_binding_957,2,0.8917354345321655
bHLH_1:9272891-9273140_reference_binding_2670,2,0.8921775221824646
bHLH_1:92764-93013_non_binding_1588,2,0.8754842877388
bHLH_1:92764-93013_non_binding_1654,2,0.8731728792190552
bHLH_1:92764-93013_reference_binding_2838,2,0.8755459189414978
bHLH_1:9326460-9326709_binding_1273,2,0.8867132663726807
bHLH_1:9326460-9326709_reference_binding_2759,2,0.8890388011932373
bHLH_1:9352999-9353248_non_binding_920,2,0.87743079662323
bHLH_1:9352999-9353248_non_binding_928,2,0.883956253528595
bHLH_1:9352999-9353248_reference_binding_2653,2,0.8774068355560303
bHLH_1:9376729-9376978_binding_1056,2,0.9307138323783875
bHLH_1:9376729-9376978_binding_1182,2,0.9309168457984924
bHLH_1:9376729-9376978_binding_216,2,0.9310158491134644
bHLH_1:9376729-9376978_reference_binding_2176,2,0.9289132356643677
bHLH_1:9389495-9389744_binding_1339,2,0.9148396253585815
bHLH_1:9389495-9389744_binding_394,2,0.902894139289856
bHLH_1:9389495-9389744_reference_binding_2276,2,0.9206411838531494
bHLH_1:9439779-9440028_non_binding_541,2,0.8585704565048218
bHLH_1:9439779-9440028_reference_binding_2374,2,0.8676662445068359
bHLH_1:9539246-9539495_binding_168,2,0.8708240985870361
bHLH_1:9539246-9539495_binding_183,2,0.8721928000450134
bHLH_1:9539246-9539495_reference_binding_2146,2,0.8804792761802673
bHLH_1:9569966-9570215_binding_226,2,0.9227767586708069
bHLH_1:9569966-9570215_binding_322,2,0.9138937592506409
bHLH_1:9569966-9570215_binding_35,2,0.9233942627906799
bHLH_1:9569966-9570215_reference_binding_2034,2,0.922106921672821
bHLH_1:9619214-9619463_non_binding_1868,2,0.8686884641647339
bHLH_1:9619214-9619463_non_binding_1885,2,0.8740625977516174
bHLH_1:9619214-9619463_reference_binding_2959,2,0.8701387047767639
bHLH_1:9646763-9647012_non_binding_707,2,0.9018889665603638
bHLH_1:9646763-9647012_reference_binding_2509,2,0.9080114960670471
bHLH_1:9668346-9668595_non_binding_850,2,0.8748594522476196
bHLH_1:9668346-9668595_reference_binding_2604,2,0.8835245966911316
bHLH_1:9670419-9670668_binding_8,2,0.8862931728363037
bHLH_1:9682830-9683079_binding_243,2,0.9181339144706726
bHLH_1:9682830-9683079_non_binding_570,2,0.9179273843765259
bHLH_1:9682830-9683079_reference_binding_2196,2,0.9169061183929443
bHLH_1:9704656-9704905_non_binding_671,2,0.7877992987632751
bHLH_1:9704656-9704905_reference_binding_2480,2,0.7891225218772888
bHLH_1:9715838-9716087_binding_1181,2,0.9182105660438538
bHLH_1:9715838-9716087_binding_493,2,0.9195138216018677
bHLH_1:9715838-9716087_binding_89,2,0.9154108166694641
bHLH_1:9715838-9716087_reference_binding_2084,2,0.915166437625885
bHLH_1:9749874-9750123_binding_1365,2,0.9074995517730713
bHLH_1:9749874-9750123_binding_1385,2,0.9046703577041626
bHLH_1:9749874-9750123_binding_232,2,0.8993624448776245
bHLH_1:9749874-9750123_reference_binding_2187,2,0.912806510925293
bHLH_1:9813392-9813641_binding_160,2,0.9337204694747925
bHLH_1:9813392-9813641_reference_binding_2141,2,0.9221850633621216
bHLH_1:9844333-9844582_binding_71,2,0.7501804828643799
bHLH_1:9844333-9844582_reference_binding_2067,2,0.7410961985588074
bHLH_1:9867997-9868246_non_binding_1619,2,0.9305223226547241
bHLH_1:9867997-9868246_reference_binding_2857,2,0.9289421439170837
bHLH_1:9869758-9870007_non_binding_689,2,0.8381319046020508
bHLH_1:9869758-9870007_reference_binding_2494,2,0.8346953988075256
bHLH_1:9888498-9888747_non_binding_688,2,0.9346015453338623
bHLH_1:9888498-9888747_reference_binding_2493,2,0.9348610043525696
bHLH_1:9908898-9909147_non_binding_1627,2,0.8658453226089478
bHLH_1:9908898-9909147_reference_binding_2859,2,0.8722354173660278
bHLH_1:9911456-9911705_non_binding_1643,2,0.9079904556274414
bHLH_1:9911456-9911705_non_binding_760,2,0.9099586606025696
bHLH_1:9911456-9911705_non_binding_785,2,0.9132313132286072
bHLH_1:9911456-9911705_non_binding_940,2,0.9126784205436707
bHLH_1:9911456-9911705_non_binding_960,2,0.9172661900520325
bHLH_1:9911456-9911705_non_binding_999,2,0.9129149913787842
bHLH_1:9911456-9911705_reference_binding_2549,2,0.9134131073951721
bHLH_1:9952803-9953052_non_binding_1711,2,0.8815551996231079
bHLH_1:9952803-9953052_reference_binding_2892,2,0.879330039024353
bHLH_1:9985225-9985474_non_binding_1502,2,0.8758402466773987
bHLH_1:9985225-9985474_reference_binding_2794,2,0.884921133518219
bHLH_1:9999806-10000055_non_binding_1722,2,0.8564015030860901
bHLH_1:9999806-10000055_reference_binding_2898,2,0.8625783920288086
WRKY_1:11787887-11788136_reference_binding_2237,2,0.7701651453971863
WRKY_1:17827374-17827623_reference_binding_2307,2,0.896969199180603
WRKY_1:21392496-21392745_reference_binding_2222,2,0.8861493468284607
WRKY_1:21878680-21878929_non_binding_1827,2,0.8968390822410583
WRKY_1:26631403-26631652_binding_1207,2,0.8361567854881287
WRKY_1:5014036-5014285_binding_249,2,0.74872225522995
WRKY_1:7261084-7261333_reference_binding_2017,2,0.9190352559089661
bHLH_1:12104963-12105212_non_binding_553,2,0.8558425307273865
bHLH_1:14603209-14603458_binding_231,2,0.879895806312561
bHLH_1:15864591-15864840_reference_binding_2986,2,0.9351949691772461
bHLH_1:15968889-15969138_reference_binding_2349,2,0.9323073625564575
bHLH_1:8819548-8819797_non_binding_1774,2,0.893987774848938
bHLH_1:9439779-9440028_non_binding_1655,2,0.8673662543296814
