condition,id,GC,length,n_experiments,min_bc,min_ci,min_co,enrichment
Dark,1:1231266-1231515_iur(+)_Athal_WRKYc1-5_dCIS-ctrl.0,0.258824,170,2,13,450,510,0.27817415721922223
Dark,1:1231266-1231515_iur(+)_Athal_WRKYc1-5_dCIS-var.0,0.252941,170,2,15,493,737,0.4698981799033717
Dark,1:1242200-1242449_iur(+)_Athal_WRKYc1-5_dCIS-ctrl.0,0.270588,170,2,9,367,571,0.6373455385054836
Dark,1:1242200-1242449_iur(+)_Athal_WRKYc1-5_dCIS-var.0,0.276471,170,2,13,566,1092,0.9053756247478595
Dark,1:1312665-1312914_iur(+)_Athal_bZIPc1-5_dCIS-ctrl.0,0.305882,170,2,6,267,195,-0.23273583165295164
Dark,1:1312665-1312914_iur(+)_Athal_bZIPc1-5_dCIS-var.0,0.311765,170,2,8,276,312,0.2389461141438858
Dark,1:1312712-1312961_iur(+)_Athal_bZIPc1-5_dCIS-ctrl.0,0.329412,170,2,12,520,1321,1.3549904618793167
Dark,1:1312712-1312961_iur(+)_Athal_bZIPc1-5_dCIS-var.0,0.335294,170,2,16,780,1923,1.4731972120730168
Dark,1:1354942-1355191_igr(+)_Athal_MYBc1-5_dCIS-ctrl.0,0.511765,170,2,5,168,80,-0.8415012739718799
Dark,1:1354942-1355191_igr(+)_Athal_MYBc1-5_dCIS-var.0,0.505882,170,2,9,396,155,-1.3192825075529484
Dark,1:1355006-1355255_igr(+)_Athal_MYBc1-5_dCIS-ctrl.0,0.558824,170,2,9,295,135,-1.2098896736344393
Dark,1:1355006-1355255_igr(+)_Athal_MYBc1-5_dCIS-var.0,0.552941,170,2,11,595,236,-1.3966776220015353
Dark,1:1355060-1355309_igr(+)_Athal_MYBc1-5_dCIS-ctrl.0,0.541176,170,2,2,141,36,-2.0563670439886383
Dark,1:1355060-1355309_igr(+)_Athal_MYBc1-5_dCIS-var.0,0.535294,170,2,2,40,15,-0.8097542334146189
Dark,1:1422048-1422297_iur(-)_Athal_MYBc1-5_dCIS-ctrl.0,0.4,170,2,24,520,954,0.8900213358886093
Dark,1:1422048-1422297_iur(-)_Athal_MYBc1-5_dCIS-var.0,0.4,170,2,24,387,538,0.7067354299156107
Dark,1:1422146-1422395_iur(-)_Athal_MYBc1-5_dCIS-ctrl.0,0.494118,170,2,15,574,922,0.5868046913973406
Dark,1:1422146-1422395_iur(-)_Athal_MYBc1-5_dCIS-var.0,0.494118,170,2,7,261,296,0.3323341261988808
Dark,1:1422286-1422535_iur(-)_Athal_WRKYc1-5_dCIS-ctrl.0,0.329412,170,2,22,858,1066,0.27449957230618516
Dark,1:1422286-1422535_iur(-)_Athal_WRKYc1-5_dCIS-var.0,0.323529,170,2,3,60,67,0.5091321413749934
Dark,1:1422348-1422597_iur(-)_Athal_WRKYc1-5_dCIS-ctrl.0,0.3,170,2,7,377,397,0.14466093884129153
Dark,1:1422348-1422597_iur(-)_Athal_WRKYc1-5_dCIS-var.0,0.294118,170,2,3,95,232,1.0620277346194116
Dark,1:1514268-1514517_igr(-)_Athal_MYBc1-5_dCIS-ctrl.0,0.435294,170,2,2,48,34,-0.38405010804561135
Dark,1:1514268-1514517_igr(-)_Athal_MYBc1-5_dCIS-var.0,0.435294,170,2,7,303,130,-1.2203309641598874
Dark,1:1514375-1514624_igr(-)_Athal_MYBc1-5_dCIS-ctrl.0,0.370588,170,2,9,481,204,-1.3228351044912512
Dark,1:1514375-1514624_igr(-)_Athal_MYBc1-5_dCIS-var.0,0.370588,170,2,4,223,96,-1.1532455248783902
Dark,1:1543286-1543535_iur(-)_Athal_MYBc1-5_dCIS-ctrl.0,0.270588,170,2,12,344,1075,1.8231628502284678
Dark,1:1543286-1543535_iur(-)_Athal_MYBc1-5_dCIS-var.0,0.270588,170,2,8,221,537,1.468228548095427
Dark,1:1543429-1543678_iur(-)_Athal_MYBc1-5_dCIS-ctrl.0,0.305882,170,2,2,33,23,-0.05658914957407668
Dark,1:1543429-1543678_iur(-)_Athal_MYBc1-5_dCIS-var.0,0.305882,170,2,3,149,73,-0.7830974924185768
Dark,1:16489175-16489424_iur(-)_Athal_bZIPc1-5_dCIS-ctrl.0,0.441176,170,2,13,485,756,0.5372548548906386
Dark,1:16489175-16489424_iur(-)_Athal_bZIPc1-5_dCIS-var.0,0.435294,170,2,12,513,567,0.25441732644242754
Dark,1:16489232-16489481_iur(-)_Athal_bZIPc1-5_dCIS-ctrl.0,0.435294,170,2,6,175,58,-1.2077507772829348
Dark,1:16489232-16489481_iur(-)_Athal_bZIPc1-5_dCIS-var.0,0.429412,170,2,3,90,44,-1.009759049336474
Dark,1:16531591-16531840_iur(-)_Athal_MYBc1-5_dCIS-ctrl.0,0.411765,170,2,3,116,58,-1.089062435703842
Dark,1:16531591-16531840_iur(-)_Athal_MYBc1-5_dCIS-var.0,0.405882,170,2,4,198,41,-1.817959761418987
Dark,1:16531634-16531883_iur(-)_Athal_MYBc1-5_dCIS-ctrl.0,0.417647,170,2,2,82,55,-0.8443069577251392
Dark,1:16531634-16531883_iur(-)_Athal_MYBc1-5_dCIS-var.0,0.411765,170,1,2,19,26,0.34474088659848584
Dark,1:16531700-16531949_iur(-)_Athal_MYBc1-5_dCIS-ctrl.0,0.429412,170,2,9,464,220,-1.0333601953725036
Dark,1:16531700-16531949_iur(-)_Athal_MYBc1-5_dCIS-var.0,0.423529,170,2,12,507,296,-0.880990800882287
Dark,1:16680496-16680745_iur(+)_Athal_MYBc1-5_dCIS-ctrl.0,0.311765,170,2,6,238,180,-0.38732567435649456
Dark,1:16680496-16680745_iur(+)_Athal_MYBc1-5_dCIS-var.0,0.305882,170,2,4,213,108,-0.6786689392996439
Dark,1:16680563-16680812_iur(+)_Athal_MYBc1-5_dCIS-ctrl.0,0.370588,170,2,6,450,133,-1.736787959883981
Dark,1:16680563-16680812_iur(+)_Athal_MYBc1-5_dCIS-var.0,0.364706,170,2,8,421,133,-1.6499121811958535
Dark,1:16680611-16680860_iur(+)_Athal_MYBc1-5_dCIS-ctrl.0,0.417647,170,2,6,648,151,-2.105830363037642
Dark,1:16680611-16680860_iur(+)_Athal_MYBc1-5_dCIS-var.0,0.411765,170,2,9,416,161,-1.4085605492304563
Dark,1:17510253-17510502_iur(-)_Athal_MYBc1-5_dCIS-ctrl.0,0.223529,170,2,5,200,267,0.608660494175369
Dark,1:17510253-17510502_iur(-)_Athal_MYBc1-5_dCIS-var.0,0.229412,170,2,3,110,80,0.22682299062596967
Dark,1:17510296-17510545_iur(-)_Athal_MYBc1-5_dCIS-ctrl.0,0.182353,170,2,21,857,1277,0.5620068881554798
Dark,1:17510296-17510545_iur(-)_Athal_MYBc1-5_dCIS-var.0,0.188235,170,2,15,644,982,0.6722454836256904
Dark,1:17510377-17510626_iur(-)_Athal_MYBc1-5_dCIS-ctrl.0,0.2,170,2,21,943,1800,0.9599854654285271
Dark,1:17510377-17510626_iur(-)_Athal_MYBc1-5_dCIS-var.0,0.205882,170,2,12,383,748,0.9000835892173088
Dark,1:20311467-20311716_iur(-)_Athal_MYBc1-5_dCIS-ctrl.0,0.323529,170,2,4,73,100,0.488276650400565
Dark,1:20311467-20311716_iur(-)_Athal_MYBc1-5_dCIS-var.0,0.329412,170,2,5,128,266,0.9952519970314323
Dark,1:20311508-20311757_iur(-)_Athal_MYBc1-5_dCIS-ctrl.0,0.323529,170,2,3,174,318,1.1208573230176573
Dark,1:20311508-20311757_iur(-)_Athal_MYBc1-5_dCIS-var.0,0.329412,170,2,4,117,311,1.5443537523220772
Dark,1:20311588-20311837_iur(-)_Athal_MYBc1-5_dCIS-ctrl.0,0.335294,170,2,3,68,162,0.8570983979172387
Dark,1:20311588-20311837_iur(-)_Athal_MYBc1-5_dCIS-var.0,0.341176,170,2,3,92,228,1.2074098183285793
Dark,1:2176846-2177095_iur(-)_Athal_WRKYc1-5_dCIS-ctrl.0,0.3,170,2,22,712,823,0.07767435156856363
Dark,1:2176846-2177095_iur(-)_Athal_WRKYc1-5_dCIS-var.0,0.3,170,2,16,774,879,0.2806734989357151
Dark,1:22741487-22741736_(?)_Athal_WRKYc1-5_dCIS-ctrl.0,0.364706,170,2,2,162,218,0.446776475327272
Dark,1:22741487-22741736_(?)_Athal_WRKYc1-5_dCIS-var.0,0.370588,170,2,3,146,157,0.2649783862580501
Dark,1:24118553-24118802_iur(-)_Athal_MYBc1-5_dCIS-ctrl.0,0.405882,170,2,5,196,315,0.9485228859518029
Dark,1:24118553-24118802_iur(-)_Athal_MYBc1-5_dCIS-var.0,0.405882,170,2,14,473,543,0.18508939850300898
Dark,1:24512509-24512758_iur(-)_Athal_WRKYc1-5_dCIS-ctrl.0,0.382353,170,2,5,232,179,-0.5290701122699606
Dark,1:24512509-24512758_iur(-)_Athal_WRKYc1-5_dCIS-var.0,0.382353,170,2,4,201,69,-1.6276825059426412
Dark,1:24722749-24722998_(?)_Athal_MYBc1-5_dCIS-ctrl.0,0.317647,170,2,5,165,159,0.053454889285134116
Dark,1:24722749-24722998_(?)_Athal_MYBc1-5_dCIS-var.0,0.323529,170,2,4,408,317,-0.26911383466063726
Dark,1:24722891-24723140_igr(-)_Athal_MYBc1-5_dCIS-ctrl.0,0.376471,170,2,15,499,1165,1.1942888005252543
Dark,1:24722891-24723140_igr(-)_Athal_MYBc1-5_dCIS-var.0,0.382353,170,2,5,237,442,0.8507096134276169
Dark,1:24773593-24773842_(?)_Athal_WRKYc1-5_dCIS-ctrl.0,0.276471,170,1,1,20,19,0.016926772280620894
Dark,1:24773593-24773842_(?)_Athal_WRKYc1-5_dCIS-var.0,0.270588,170,2,4,100,54,-0.482055646275273
Dark,1:24773645-24773894_(?)_Athal_WRKYc1-5_dCIS-ctrl.0,0.3,170,2,5,88,177,1.0919875225067366
Dark,1:24773645-24773894_(?)_Athal_WRKYc1-5_dCIS-var.0,0.294118,170,2,3,90,107,0.39877727224018766
Dark,1:27603230-27603479_iur(+)_Athal_MYBc1-5_dCIS-ctrl.0,0.217647,170,2,11,397,758,1.080798495879558
Dark,1:27603230-27603479_iur(+)_Athal_MYBc1-5_dCIS-var.0,0.211765,170,2,6,123,338,1.2726161580452144
Dark,1:27603294-27603543_iur(+)_Athal_MYBc1-5_dCIS-ctrl.0,0.270588,170,2,4,86,252,1.4308729312258501
Dark,1:27603294-27603543_iur(+)_Athal_MYBc1-5_dCIS-var.0,0.264706,170,2,3,72,196,1.2409398427045384
Dark,1:27977631-27977880_igr(-)_Athal_MYBc1-5_dCIS-ctrl.0,0.270588,170,2,8,325,994,1.744370606228977
Dark,1:27977631-27977880_igr(-)_Athal_MYBc1-5_dCIS-var.0,0.264706,170,2,10,481,1725,1.8345045281157666
Dark,1:27977701-27977950_igr(-)_Athal_MYBc1-5_dCIS-ctrl.0,0.294118,170,2,10,133,362,1.2397315311506956
Dark,1:27977701-27977950_igr(-)_Athal_MYBc1-5_dCIS-var.0,0.288235,170,2,14,224,398,1.0423990022622758
Dark,1:28683586-28683835_iur(-)_Athal_bZIPc1-5_dCIS-ctrl.0,0.452941,170,2,8,330,123,-1.4046239138349228
Dark,1:28683586-28683835_iur(-)_Athal_bZIPc1-5_dCIS-var.0,0.447059,170,2,13,664,257,-1.2895937225814542
Dark,1:29428279-29428528_iur(-)_Athal_MYBc1-5_dCIS-ctrl.0,0.335294,170,2,8,211,1054,2.223290523062833
Dark,1:29428279-29428528_iur(-)_Athal_MYBc1-5_dCIS-var.0,0.341176,170,2,8,180,1009,2.4687262978203615
Dark,1:29428371-29428620_iur(-)_Athal_MYBc1-5_dCIS-ctrl.0,0.252941,170,2,1,8,21,1.3769925408289336
Dark,1:29428451-29428700_iur(-)_Athal_MYBc1-5_dCIS-ctrl.0,0.241176,170,2,6,128,239,0.9420114218030627
Dark,1:29428451-29428700_iur(-)_Athal_MYBc1-5_dCIS-var.0,0.247059,170,2,3,115,268,1.0639031609527376
Dark,1:29428503-29428752_iur(-)_Athal_MYBc1-5_dCIS-ctrl.0,0.264706,170,2,7,218,382,0.9285048101536378
Dark,1:29428503-29428752_iur(-)_Athal_MYBc1-5_dCIS-var.0,0.270588,170,2,13,425,853,0.9859264808398601
Dark,1:29428589-29428838_iur(-)_Athal_MYBc1-5_dCIS-ctrl.0,0.264706,170,2,7,275,461,0.8166145875661615
Dark,1:29428589-29428838_iur(-)_Athal_MYBc1-5_dCIS-var.0,0.270588,170,2,6,177,340,0.9879112953411326
Dark,1:29463499-29463748_igr(-)_Athal_MYBc1-5_dCIS-ctrl.0,0.317647,170,2,14,340,518,0.5897970522348693
Dark,1:29463499-29463748_igr(-)_Athal_MYBc1-5_dCIS-var.0,0.311765,170,2,10,407,534,0.444287947462139
Dark,1:30320214-30320463_iur(-)_Athal_MYBc1-5_dCIS-ctrl.0,0.376471,170,2,8,267,496,0.8500005336315826
Dark,1:30320214-30320463_iur(-)_Athal_MYBc1-5_dCIS-var.0,0.382353,170,2,9,371,375,0.04258873817212537
Dark,1:30320262-30320511_iur(-)_Athal_MYBc1-5_dCIS-ctrl.0,0.323529,170,2,13,375,851,1.1513044753308006
Dark,1:30320262-30320511_iur(-)_Athal_MYBc1-5_dCIS-var.0,0.329412,170,2,10,335,734,0.9621627371448807
Dark,1:30320607-30320856_iur(-)_Athal_MYBc1-5_dCIS-ctrl.0,0.329412,170,2,1,14,24,0.8541480971973968
Dark,1:30320607-30320856_iur(-)_Athal_MYBc1-5_dCIS-var.0,0.329412,170,2,4,179,199,0.12144004141064058
Dark,1:30320653-30320902_iur(-)_Athal_MYBc1-5_dCIS-ctrl.0,0.394118,170,2,7,142,282,0.947711834024234
Dark,1:30320653-30320902_iur(-)_Athal_MYBc1-5_dCIS-var.0,0.394118,170,2,33,1400,2270,0.7248859919797879
Dark,1:30320695-30320944_iur(-)_Athal_MYBc1-5_dCIS-var.0,0.405882,170,2,5,172,154,-0.22801766268112197
Dark,1:3201165-3201414_iur(-)_Athal_WRKYc1-5_dCIS-ctrl.0,0.305882,170,2,6,94,91,-0.15378187936982668
Dark,1:3201165-3201414_iur(-)_Athal_WRKYc1-5_dCIS-var.0,0.3,170,2,5,91,74,-0.2425551201933409
Dark,1:3201212-3201461_iur(-)_Athal_MYBc1-5_dCIS-ctrl.0,0.4,170,2,6,197,244,0.30234190993038546
Dark,1:3201212-3201461_iur(-)_Athal_MYBc1-5_dCIS-var.0,0.394118,170,2,19,969,950,-0.09630902075681133
Dark,1:3201293-3201542_iur(-)_Athal_MYBc1-5_dCIS-ctrl.0,0.376471,170,2,13,432,863,1.0660077433435189
Dark,1:3201293-3201542_iur(-)_Athal_MYBc1-5_dCIS-var.0,0.370588,170,2,12,317,935,1.3569553696396204
Dark,1:3230742-3230991_iur(-)_Athal_MYBc1-5_dCIS-ctrl.0,0.352941,170,2,1,46,93,0.8881802346699739
Dark,1:3230742-3230991_iur(-)_Athal_MYBc1-5_dCIS-var.0,0.358824,170,2,9,237,362,0.7076442663825019
Dark,1:3230797-3231046_iur(-)_Athal_MYBc1-5_dCIS-ctrl.0,0.294118,170,2,4,165,308,0.7231764577060765
Dark,1:3230797-3231046_iur(-)_Athal_MYBc1-5_dCIS-var.0,0.3,170,2,25,1033,1639,0.6746881514786952
Dark,1:3423040-3423289_(?)_Athal_MYBc1-5_dCIS-ctrl.0,0.288235,170,2,8,359,301,-0.08358753914662415
Dark,1:3423040-3423289_(?)_Athal_MYBc1-5_dCIS-var.0,0.288235,170,2,11,391,604,0.6662659195753218
Dark,1:3423090-3423339_(?)_Athal_MYBc1-5_dCIS-ctrl.0,0.282353,170,2,11,289,476,0.7309114290225919
Dark,1:3423090-3423339_(?)_Athal_MYBc1-5_dCIS-var.0,0.282353,170,2,7,198,404,0.89046811693065675
Dark,1:3423155-3423404_(?)_Athal_MYBc1-5_dCIS-ctrl.0,0.305882,170,2,8,186,201,0.02254022821109472
Dark,1:3423155-3423404_(?)_Athal_MYBc1-5_dCIS-var.0,0.305882,170,2,10,345,325,-0.14809769444474855
Dark,1:3473053-3473302_iur(-)_Athal_MYBc1-5_dCIS-ctrl.0,0.294118,170,2,8,281,375,0.655203913143924
Dark,1:3473053-3473302_iur(-)_Athal_MYBc1-5_dCIS-var.0,0.294118,170,2,17,751,676,0.051879091134231156
Dark,1:3473159-3473408_iur(-)_Athal_MYBc1-5_dCIS-ctrl.0,0.282353,170,2,8,309,295,-0.14158996819608075
Dark,1:3473159-3473408_iur(-)_Athal_MYBc1-5_dCIS-var.0,0.282353,170,2,5,250,201,-0.21538495719827863
Dark,1:3473208-3473457_iur(-)_Athal_MYBc1-5_dCIS-ctrl.0,0.264706,170,2,8,237,239,0.24888996761852492
Dark,1:3473208-3473457_iur(-)_Athal_MYBc1-5_dCIS-var.0,0.264706,170,2,4,77,72,0.07326513442695423
Dark,1:3894002-3894251_iur(+)_Athal_MYBc1-5_dCIS-ctrl.0,0.470588,170,2,18,607,462,-0.44151809079819593
Dark,1:3894002-3894251_iur(+)_Athal_MYBc1-5_dCIS-var.0,0.470588,170,2,8,424,342,-0.19687170626506653
Dark,1:3894071-3894320_iur(+)_Athal_MYBc1-5_dCIS-ctrl.0,0.464706,170,2,19,987,1556,0.6102380271451301
Dark,1:3894071-3894320_iur(+)_Athal_MYBc1-5_dCIS-var.0,0.464706,170,2,20,994,1660,0.8426532529424622
Dark,1:3894132-3894381_iur(+)_Athal_MYBc1-5_dCIS-ctrl.0,0.458824,170,2,7,393,387,-0.06316305382819953
Dark,1:3894132-3894381_iur(+)_Athal_MYBc1-5_dCIS-var.0,0.458824,170,2,14,645,597,0.06984660098039067
Dark,1:3897718-3897967_iur(+)_Athal_WRKYc1-5_dCIS-ctrl.0,0.205882,170,2,15,646,2315,1.7748684174870433
Dark,1:3897718-3897967_iur(+)_Athal_WRKYc1-5_dCIS-var.0,0.211765,170,2,7,261,713,1.5631222691451603
Dark,1:3904298-3904547_iur(+)_Athal_WRKYc1-5_dCIS-ctrl.0,0.288235,170,2,3,69,122,0.6673109922724816
Dark,1:3904298-3904547_iur(+)_Athal_WRKYc1-5_dCIS-var.0,0.282353,170,2,8,117,162,0.47237752061204086
Dark,1:3904365-3904614_iur(+)_Athal_WRKYc1-5_dCIS-ctrl.0,0.311765,170,2,11,392,727,0.7679565015727019
Dark,1:3904365-3904614_iur(+)_Athal_WRKYc1-5_dCIS-var.0,0.305882,170,2,5,225,462,1.076184209551325
Dark,1:4137789-4138038_igr(+)_Athal_bZIPc1-5_dCIS-ctrl.0,0.541176,170,2,6,244,104,-0.9611509467445757
Dark,1:4137789-4138038_igr(+)_Athal_bZIPc1-5_dCIS-var.0,0.535294,170,2,3,187,198,-0.015996300404536118
Dark,1:4137851-4138100_igr(+)_Athal_bZIPc1-5_dCIS-ctrl.0,0.535294,170,2,9,433,204,-1.2948296437195244
Dark,1:4137851-4138100_igr(+)_Athal_bZIPc1-5_dCIS-var.0,0.529412,170,2,9,325,130,-1.120295832661541
Dark,1:4140359-4140608_igr(+)_Athal_MYBc1-5_dCIS-ctrl.0,0.376471,170,2,11,420,287,-0.779558139906804
Dark,1:4140359-4140608_igr(+)_Athal_MYBc1-5_dCIS-var.0,0.370588,170,2,9,341,200,-0.8014092638001005
Dark,1:4140404-4140653_igr(+)_Athal_MYBc1-5_dCIS-ctrl.0,0.358824,170,2,9,422,208,-0.728703344695688
Dark,1:4140404-4140653_igr(+)_Athal_MYBc1-5_dCIS-var.0,0.352941,170,2,8,300,204,-0.674265512862157
Dark,1:4143411-4143660_iur(+)_Athal_MYBc1-5_dCIS-ctrl.0,0.435294,170,2,9,286,692,1.263759993120496
Dark,1:4143411-4143660_iur(+)_Athal_MYBc1-5_dCIS-var.0,0.435294,170,2,15,411,656,0.6586445090285129
Dark,1:4143461-4143710_iur(+)_Athal_MYBc1-5_dCIS-ctrl.0,0.4,170,2,3,98,192,0.9596504189555304
Dark,1:4143461-4143710_iur(+)_Athal_MYBc1-5_dCIS-var.0,0.4,170,2,2,52,77,0.29060585895326196
Dark,1:4958951-4959200_iur(+)_Athal_MYBc1-5_dCIS-ctrl.0,0.564706,170,2,15,611,346,-0.8819116185436294
Dark,1:4958951-4959200_iur(+)_Athal_MYBc1-5_dCIS-var.0,0.570588,170,2,11,418,217,-1.1900301338763084
Dark,1:4959055-4959304_iur(+)_Athal_MYBc1-5_dCIS-ctrl.0,0.535294,170,2,20,934,1029,0.11896890287796184
Dark,1:4959055-4959304_iur(+)_Athal_MYBc1-5_dCIS-var.0,0.541176,170,2,9,337,346,0.126920119435259
Dark,1:6660358-6660607_iur(-)_Athal_MYBc1-5_dCIS-ctrl.0,0.3,170,2,13,283,277,0.032224731214353985
Dark,1:6660358-6660607_iur(-)_Athal_MYBc1-5_dCIS-var.0,0.3,170,2,2,27,73,1.1127240071997648
Dark,1:6660421-6660670_iur(-)_Athal_MYBc1-5_dCIS-ctrl.0,0.282353,170,2,8,205,150,-0.4891509277342316
Dark,1:6660421-6660670_iur(-)_Athal_MYBc1-5_dCIS-var.0,0.282353,170,2,9,205,222,0.36402087898225155
Dark,1:7398222-7398471_iur(-)_Athal_MYBc1-5_dCIS-ctrl.0,0.258824,170,2,9,299,753,1.1703756985310154
Dark,1:7398222-7398471_iur(-)_Athal_MYBc1-5_dCIS-var.0,0.264706,170,2,15,864,1288,0.7743110613725309
Dark,1:7398282-7398531_iur(-)_Athal_MYBc1-5_dCIS-ctrl.0,0.294118,170,2,7,203,740,1.7221264486506267
Dark,1:7398282-7398531_iur(-)_Athal_MYBc1-5_dCIS-var.0,0.3,170,2,7,229,488,1.1250657957505987
Dark,1:7398326-7398575_iur(-)_Athal_MYBc1-5_dCIS-ctrl.0,0.3,170,2,7,351,431,0.5112001106816608
Dark,1:7398326-7398575_iur(-)_Athal_MYBc1-5_dCIS-var.0,0.305882,170,2,10,566,647,0.1937606661022368
Dark,1:7412415-7412664_iur(+)_Athal_MYBc1-5_dCIS-ctrl.0,0.311765,170,2,6,411,216,-0.9837091930093839
Dark,1:7412415-7412664_iur(+)_Athal_MYBc1-5_dCIS-var.0,0.317647,170,2,3,116,80,-0.5752852085427715
Dark,1:7412510-7412759_iur(+)_Athal_MYBc1-5_dCIS-var.0,0.364706,170,2,1,21,15,-0.31988715764739983
Dark,1:7490334-7490583_iur(-)_Athal_MYBc1-5_dCIS-ctrl.0,0.476471,170,2,10,401,99,-2.032767045291678
Dark,1:7490334-7490583_iur(-)_Athal_MYBc1-5_dCIS-var.0,0.470588,170,2,11,577,139,-1.7027388921079671
Dark,1:7490404-7490653_iur(-)_Athal_MYBc1-5_dCIS-ctrl.0,0.382353,170,2,16,648,855,0.5768023981956227
Dark,1:7490404-7490653_iur(-)_Athal_MYBc1-5_dCIS-var.0,0.376471,170,2,13,419,658,0.5437330019134408
Dark,1:8200572-8200821_igr(+)_Athal_WRKYc1-5_dCIS-ctrl.0,0.411765,170,2,9,327,677,0.9803133849602581
Dark,1:8200572-8200821_igr(+)_Athal_WRKYc1-5_dCIS-var.0,0.417647,170,2,6,132,219,0.7931568937859945
Dark,1:8272735-8272984_iur(-)_Athal_WRKYc1-5_dCIS-ctrl.0,0.217647,170,2,9,218,545,1.409988933311825
Dark,1:8272735-8272984_iur(-)_Athal_WRKYc1-5_dCIS-var.0,0.217647,170,2,15,452,1198,1.3816391048320873
Dark,1:8283125-8283374_iur(-)_Athal_MYBc1-5_dCIS-ctrl.0,0.405882,170,2,4,166,73,-0.7604063419668746
Dark,1:8283125-8283374_iur(-)_Athal_MYBc1-5_dCIS-var.0,0.4,170,2,6,223,79,-1.316735105286957
Dark,1:8283169-8283418_iur(-)_Athal_MYBc1-5_dCIS-ctrl.0,0.388235,170,2,6,262,146,-0.7201669591028952
Dark,1:8283169-8283418_iur(-)_Athal_MYBc1-5_dCIS-var.0,0.382353,170,2,2,96,26,-1.9385596003540049
Dark,1:924800-925049_igr(-)_Athal_MYBc1-5_dCIS-ctrl.0,0.376471,170,2,5,336,206,-0.5998254249958835
Dark,1:924800-925049_igr(-)_Athal_MYBc1-5_dCIS-var.0,0.376471,170,2,9,355,162,-1.146613728582964
Dark,1:924853-925102_igr(-)_Athal_MYBc1-5_dCIS-ctrl.0,0.411765,170,2,19,912,801,-0.18227010916195047
Dark,1:924853-925102_igr(-)_Athal_MYBc1-5_dCIS-var.0,0.411765,170,2,13,483,402,-0.3639032240276536
Dark,1:967250-967499_iur(-)_Athal_WRKYc1-5_dCIS-ctrl.0,0.282353,170,2,8,255,418,0.7047993947586835
Dark,1:967250-967499_iur(-)_Athal_WRKYc1-5_dCIS-var.0,0.288235,170,2,4,77,131,0.7687859400943846
Dark,2:10444391-10444640_igr(-)_Athal_MYBc1-5_dCIS-ctrl.0,0.317647,170,2,11,392,1705,2.1854758356294406
Dark,2:10444391-10444640_igr(-)_Athal_MYBc1-5_dCIS-var.0,0.323529,170,2,11,382,1622,1.965056253976727
Dark,2:10444518-10444767_igr(-)_Athal_MYBc1-5_dCIS-ctrl.0,0.370588,170,2,9,478,226,-0.8590103721452407
Dark,2:10444518-10444767_igr(-)_Athal_MYBc1-5_dCIS-var.0,0.376471,170,2,8,260,185,-0.6416350294338036
Dark,2:10733137-10733386_iur(+)_Athal_bZIPc1-5_dCIS-ctrl.0,0.429412,170,2,12,398,251,-0.7146348854568526
Dark,2:10733137-10733386_iur(+)_Athal_bZIPc1-5_dCIS-var.0,0.435294,170,2,8,217,139,-0.6693720036824522
Dark,2:10733222-10733471_iur(+)_Athal_bZIPc1-5_dCIS-ctrl.0,0.282353,170,2,10,356,386,0.13510317022293045
Dark,2:10733222-10733471_iur(+)_Athal_bZIPc1-5_dCIS-var.0,0.288235,170,2,18,688,748,0.18663834461284903
Dark,2:10770166-10770415_iur(-)_Athal_bZIPc1-5_dCIS-ctrl.0,0.388235,170,2,14,317,603,0.9401430270662104
Dark,2:10770166-10770415_iur(-)_Athal_bZIPc1-5_dCIS-var.0,0.394118,170,2,7,131,293,1.0034931823801196
Dark,2:10774283-10774532_iur(-)_Athal_MYBc1-5_dCIS-ctrl.0,0.370588,170,2,4,202,257,0.24190768118157105
Dark,2:10774283-10774532_iur(-)_Athal_MYBc1-5_dCIS-var.0,0.376471,170,2,1,18,28,0.7300606420237112
Dark,2:10774338-10774587_iur(-)_Athal_MYBc1-5_dCIS-ctrl.0,0.358824,170,1,1,5,7,0.5763541808946395
Dark,2:10774338-10774587_iur(-)_Athal_MYBc1-5_dCIS-var.0,0.364706,170,2,1,5,6,1.2546124236464822
Dark,2:10796376-10796625_iur(+)_Athal_MYBc1-5_dCIS-ctrl.0,0.305882,170,2,6,255,355,0.5727345661054959
Dark,2:10796376-10796625_iur(+)_Athal_MYBc1-5_dCIS-var.0,0.3,170,2,10,537,697,0.3481062519681889
Dark,2:10913485-10913734_iur(+)_Athal_MYBc1-5_dCIS-ctrl.0,0.288235,170,2,6,291,470,0.7692758657563065
Dark,2:10913485-10913734_iur(+)_Athal_MYBc1-5_dCIS-var.0,0.282353,170,2,11,234,365,0.6482157071082006
Dark,2:10913551-10913800_iur(+)_Athal_MYBc1-5_dCIS-ctrl.0,0.394118,170,2,10,270,658,1.1980198797540802
Dark,2:10913551-10913800_iur(+)_Athal_MYBc1-5_dCIS-var.0,0.388235,170,2,16,463,769,0.6266627368561009
Dark,2:10931378-10931627_iur(-)_Athal_bZIPc1-5_dCIS-ctrl.0,0.235294,170,2,13,633,479,-0.4574906513645977
Dark,2:10931378-10931627_iur(-)_Athal_bZIPc1-5_dCIS-var.0,0.235294,170,2,5,213,188,-8.201274455835184e-5
Dark,2:10932196-10932445_iur(-)_Athal_MYBc1-5_dCIS-ctrl.0,0.294118,170,2,8,415,478,0.09352765868591921
Dark,2:10932196-10932445_iur(-)_Athal_MYBc1-5_dCIS-var.0,0.294118,170,2,12,337,346,0.2625255563618487
Dark,2:10932260-10932509_iur(-)_Athal_MYBc1-5_dCIS-ctrl.0,0.258824,170,2,7,223,232,0.401272786556657
Dark,2:10932260-10932509_iur(-)_Athal_MYBc1-5_dCIS-var.0,0.258824,170,2,3,85,128,0.5849340789070158
Dark,2:10932305-10932554_iur(-)_Athal_MYBc1-5_dCIS-ctrl.0,0.241176,170,2,3,63,165,1.3629176404929884
Dark,2:10932305-10932554_iur(-)_Athal_MYBc1-5_dCIS-var.0,0.241176,170,2,4,98,144,0.8037064186910663
Dark,2:10934389-10934638_igr(-)_Athal_WRKYc1-5_dCIS-ctrl.0,0.429412,170,2,4,217,34,-2.393752807631908
Dark,2:10934389-10934638_igr(-)_Athal_WRKYc1-5_dCIS-var.0,0.429412,170,2,1,73,14,-2.4805962444025753
Dark,2:13857352-13857601_iur(-)_Athal_MYBc1-5_dCIS-ctrl.0,0.358824,170,2,12,519,819,0.7933154370192171
Dark,2:13857352-13857601_iur(-)_Athal_MYBc1-5_dCIS-var.0,0.352941,170,2,9,409,584,0.4498728692046248
Dark,2:16245221-16245470_iur(-)_Athal_MYBc1-5_dCIS-ctrl.0,0.323529,170,2,15,547,675,0.2984214126915819
Dark,2:16245221-16245470_iur(-)_Athal_MYBc1-5_dCIS-var.0,0.323529,170,2,13,584,661,0.18488960164597948
Dark,2:16245263-16245512_iur(-)_Athal_MYBc1-5_dCIS-ctrl.0,0.347059,170,2,8,623,175,-1.5442741101193822
Dark,2:16245263-16245512_iur(-)_Athal_MYBc1-5_dCIS-var.0,0.347059,170,2,6,367,121,-1.2803773214937824
Dark,2:16245335-16245584_iur(-)_Athal_MYBc1-5_dCIS-ctrl.0,0.394118,170,2,14,653,986,0.509872532765129
Dark,2:16245335-16245584_iur(-)_Athal_MYBc1-5_dCIS-var.0,0.394118,170,2,13,618,625,0.007197280744952558
Dark,2:16558698-16558947_(?)_Athal_bZIPc1-5_dCIS-ctrl.0,0.311765,170,2,9,350,295,-0.11314950581204952
Dark,2:16558698-16558947_(?)_Athal_bZIPc1-5_dCIS-var.0,0.311765,170,2,15,617,638,-0.025849632529708788
Dark,2:16558745-16558994_(?)_Athal_bZIPc1-5_dCIS-ctrl.0,0.329412,170,2,19,716,1026,0.5049086598065682
Dark,2:16558745-16558994_(?)_Athal_bZIPc1-5_dCIS-var.0,0.329412,170,2,18,471,626,0.49922684555203656
Dark,2:17364804-17365053_(?)_Athal_bZIPc1-5_dCIS-ctrl.0,0.364706,170,2,1,13,5,-1.160677503092288
Dark,2:17364804-17365053_(?)_Athal_bZIPc1-5_dCIS-var.0,0.370588,170,2,7,267,128,-0.9468192255958786
Dark,2:17364938-17365187_(?)_Athal_bZIPc1-5_dCIS-ctrl.0,0.423529,170,2,4,131,53,-1.625503864814306
Dark,2:17364938-17365187_(?)_Athal_bZIPc1-5_dCIS-var.0,0.429412,170,2,4,165,38,-1.6485631737768736
Dark,2:17370252-17370501_(?)_Athal_WRKYc1-5_dCIS-ctrl.0,0.352941,170,2,16,668,840,0.23818995016433864
Dark,2:17370252-17370501_(?)_Athal_WRKYc1-5_dCIS-var.0,0.358824,170,2,12,645,739,0.09433078275722517
Dark,2:1869588-1869837_iur(+)_Athal_MYBc1-5_dCIS-ctrl.0,0.170588,170,2,22,829,1371,0.6972578516540792
Dark,2:1869588-1869837_iur(+)_Athal_MYBc1-5_dCIS-var.0,0.176471,170,2,22,780,1423,0.9206458297513032
Dark,2:19191186-19191435_igr(+)_Athal_bZIPc1-5_dCIS-ctrl.0,0.311765,170,2,6,130,200,0.8982978600719793
Dark,2:19191186-19191435_igr(+)_Athal_bZIPc1-5_dCIS-var.0,0.317647,170,2,5,155,280,0.9354359346662373
Dark,2:19191232-19191481_igr(+)_Athal_bZIPc1-5_dCIS-ctrl.0,0.382353,170,2,3,66,197,1.187511164410983
Dark,2:19191232-19191481_igr(+)_Athal_bZIPc1-5_dCIS-var.0,0.388235,170,2,5,247,487,1.031232668088581
Dark,2:19191280-19191529_igr(+)_Athal_bZIPc1-5_dCIS-ctrl.0,0.4,170,2,5,112,553,2.277504988623789
Dark,2:19191280-19191529_igr(+)_Athal_bZIPc1-5_dCIS-var.0,0.405882,170,2,3,123,605,2.22094876732067
Dark,2:19197616-19197865_igr(+)_Athal_MYBc1-5_dCIS-ctrl.0,0.347059,170,2,6,216,146,-0.7219579522928744
Dark,2:19197616-19197865_igr(+)_Athal_MYBc1-5_dCIS-var.0,0.347059,170,2,4,175,78,-1.0422362317029
Dark,2:19197693-19197942_igr(+)_Athal_MYBc1-5_dCIS-ctrl.0,0.347059,170,2,8,252,125,-1.1342368034680836
Dark,2:19197693-19197942_igr(+)_Athal_MYBc1-5_dCIS-var.0,0.347059,170,2,6,132,83,-0.317241807920998
Dark,2:19370391-19370640_iur(-)_Athal_bZIPc1-5_dCIS-ctrl.0,0.476471,170,2,2,18,76,1.683909942930351
Dark,2:4318415-4318664_iur(-)_Athal_MYBc1-5_dCIS-ctrl.0,0.358824,170,2,7,427,172,-1.4425324089087004
Dark,2:4318415-4318664_iur(-)_Athal_MYBc1-5_dCIS-var.0,0.352941,170,2,9,387,155,-1.2112903280760319
Dark,2:4318489-4318738_iur(-)_Athal_MYBc1-5_dCIS-ctrl.0,0.347059,170,2,5,207,67,-1.8085357651253529
Dark,2:4318489-4318738_iur(-)_Athal_MYBc1-5_dCIS-var.0,0.341176,170,2,12,691,251,-1.3994089086624453
Dark,2:4727062-4727311_iur(+)_Athal_MYBc1-5_dCIS-ctrl.0,0.370588,170,2,31,833,1520,0.8337160437518596
Dark,2:4727062-4727311_iur(+)_Athal_MYBc1-5_dCIS-var.0,0.370588,170,2,20,740,1284,0.7484472990015013
Dark,2:6980262-6980511_igr(+)_Athal_MYBc1-5_dCIS-ctrl.0,0.288235,170,2,9,352,216,-0.4937810971064064
Dark,2:6980262-6980511_igr(+)_Athal_MYBc1-5_dCIS-var.0,0.294118,170,2,8,459,258,-0.7736231351718845
Dark,2:7073053-7073302_iur(+)_Athal_MYBc1-5_dCIS-ctrl.0,0.5,170,2,10,592,189,-1.5354697351060607
Dark,2:7073053-7073302_iur(+)_Athal_MYBc1-5_dCIS-var.0,0.494118,170,2,6,355,125,-1.4611711764069089
Dark,2:7073123-7073372_iur(+)_Athal_MYBc1-5_dCIS-ctrl.0,0.588235,170,2,6,320,108,-1.472945045680607
Dark,2:7073123-7073372_iur(+)_Athal_MYBc1-5_dCIS-var.0,0.582353,170,2,9,636,208,-1.7118826271696501
Dark,2:7515591-7515840_iur(+)_Athal_bZIPc1-5_dCIS-ctrl.0,0.3,170,2,9,210,252,0.12589657384427339
Dark,2:7515591-7515840_iur(+)_Athal_bZIPc1-5_dCIS-var.0,0.294118,170,2,11,325,418,0.23695597291465756
Dark,2:7515636-7515885_iur(+)_Athal_bZIPc1-5_dCIS-ctrl.0,0.347059,170,2,10,301,216,-0.4092410003910243
Dark,2:7515636-7515885_iur(+)_Athal_bZIPc1-5_dCIS-var.0,0.341176,170,2,7,269,179,-0.5368128958547271
Dark,2:8301960-8302209_iur(+)_Athal_WRKYc1-5_dCIS-ctrl.0,0.417647,170,2,20,864,1153,0.5338944896322186
Dark,2:8301960-8302209_iur(+)_Athal_WRKYc1-5_dCIS-var.0,0.411765,170,2,18,860,938,0.041296490438475345
Dark,2:8379985-8380234_igr(+)_Athal_MYBc1-5_dCIS-ctrl.0,0.352941,170,2,3,255,107,-1.3025395127410087
Dark,2:8379985-8380234_igr(+)_Athal_MYBc1-5_dCIS-var.0,0.347059,170,2,2,48,17,-0.8776758616746172
Dark,2:8383918-8384167_igr(+)_Athal_WRKYc1-5_dCIS-ctrl.0,0.358824,170,2,21,773,473,-0.7450021286834322
Dark,2:8383918-8384167_igr(+)_Athal_WRKYc1-5_dCIS-var.0,0.364706,170,2,17,723,411,-0.7568754892519769
Dark,2:8387490-8387739_igr(+)_Athal_bHLHc1-5_dCIS-ctrl.0,0.411765,170,2,13,573,598,0.0142454206768734
Dark,2:8387490-8387739_igr(+)_Athal_bHLHc1-5_dCIS-var.0,0.405882,170,2,14,764,724,-0.024965677793247223
Dark,2:8404210-8404459_iur(-)_Athal_WRKYc1-5_dCIS-ctrl.0,0.229412,170,2,7,243,375,0.672485385228334
Dark,2:8404210-8404459_iur(-)_Athal_WRKYc1-5_dCIS-var.0,0.229412,170,2,4,233,612,1.844473981985887
Dark,2:9080510-9080759_iur(+)_Athal_MYBc1-5_dCIS-ctrl.0,0.176471,170,2,4,142,356,1.287207612558443
Dark,2:9080510-9080759_iur(+)_Athal_MYBc1-5_dCIS-var.0,0.182353,170,2,5,195,579,1.555867774612484
Dark,2:9100587-9100836_iur(-)_Athal_MYBc1-5_dCIS-ctrl.0,0.435294,170,2,3,145,77,-1.422118319834386
Dark,2:9100587-9100836_iur(-)_Athal_MYBc1-5_dCIS-var.0,0.429412,170,2,9,425,135,-1.513611412579778
Dark,2:9100645-9100894_igr(-)_Athal_MYBc1-5_dCIS-ctrl.0,0.488235,170,2,7,398,188,-1.3090496354633787
Dark,2:9100645-9100894_igr(-)_Athal_MYBc1-5_dCIS-var.0,0.482353,170,2,6,187,133,-0.8563152760781465
Dark,2:9839866-9840115_iur(-)_Athal_MYBc1-5_dCIS-ctrl.0,0.276471,170,2,13,380,1399,1.7751261372611027
Dark,2:9839866-9840115_iur(-)_Athal_MYBc1-5_dCIS-var.0,0.282353,170,2,10,372,1000,1.6268311536310753
Dark,2:9839953-9840202_iur(-)_Athal_MYBc1-5_dCIS-ctrl.0,0.282353,170,2,5,102,119,0.28340734989984395
Dark,2:9839953-9840202_iur(-)_Athal_MYBc1-5_dCIS-var.0,0.288235,170,2,5,221,208,0.033505715558608234
Dark,3:16689499-16689748_iur(-)_Athal_MYBc1-5_dCIS-ctrl.0,0.452941,170,2,13,635,303,-1.096662760928245
Dark,3:16689499-16689748_iur(-)_Athal_MYBc1-5_dCIS-var.0,0.452941,170,2,15,798,320,-1.1914006456770203
Dark,3:16703372-16703621_iur(-)_Athal_MYBc1-5_dCIS-ctrl.0,0.317647,170,2,9,260,824,1.8774383478128942
Dark,3:16703372-16703621_iur(-)_Athal_MYBc1-5_dCIS-var.0,0.317647,170,2,6,103,424,2.089490773332856
Dark,3:16703413-16703662_iur(-)_Athal_MYBc1-5_dCIS-ctrl.0,0.323529,170,2,17,248,1126,2.057005310951827
Dark,3:16703413-16703662_iur(-)_Athal_MYBc1-5_dCIS-var.0,0.323529,170,2,9,195,395,1.4236032092744688
Dark,3:16729895-16730144_igr(-)_Athal_MYBc1-5_dCIS-ctrl.0,0.341176,170,2,7,483,198,-1.119880034493477
Dark,3:16729895-16730144_igr(-)_Athal_MYBc1-5_dCIS-var.0,0.347059,170,2,14,461,331,-0.5323958286259639
Dark,3:16729956-16730205_igr(-)_Athal_MYBc1-5_dCIS-ctrl.0,0.4,170,2,1,13,6,-1.1127152930930202
Dark,3:16738757-16739006_(?)_Athal_bZIPc1-5_dCIS-ctrl.0,0.335294,170,2,10,283,461,0.9021848252674731
Dark,3:16738757-16739006_(?)_Athal_bZIPc1-5_dCIS-var.0,0.341176,170,2,9,190,358,0.8697263507670089
Dark,3:16764351-16764600_iur(+)_Athal_MYBc1-5_dCIS-ctrl.0,0.405882,170,2,10,587,241,-1.2983136023904427
Dark,3:16764351-16764600_iur(+)_Athal_MYBc1-5_dCIS-var.0,0.4,170,2,5,200,61,-1.8387476983461628
Dark,3:16764402-16764651_iur(+)_Athal_MYBc1-5_dCIS-ctrl.0,0.364706,170,2,8,354,147,-1.242357370065004
Dark,3:16764402-16764651_iur(+)_Athal_MYBc1-5_dCIS-var.0,0.358824,170,2,11,477,166,-1.6226547570107313
Dark,3:17060571-17060820_iur(-)_Athal_MYBc1-5_dCIS-ctrl.0,0.347059,170,2,11,629,263,-1.3242352919177964
Dark,3:17060571-17060820_iur(-)_Athal_MYBc1-5_dCIS-var.0,0.341176,170,2,6,429,132,-1.3522863153830806
Dark,3:17060649-17060898_iur(-)_Athal_MYBc1-5_dCIS-ctrl.0,0.3,170,2,15,706,995,0.4523693466161118
Dark,3:17060649-17060898_iur(-)_Athal_MYBc1-5_dCIS-var.0,0.294118,170,2,10,330,431,0.39032975722849717
Dark,3:18916599-18916848_iur(+)_Athal_BZRc1-5_dCIS-ctrl.0,0.529412,170,2,8,329,160,-1.0159566430461355
Dark,3:18916599-18916848_iur(+)_Athal_BZRc1-5_dCIS-var.0,0.523529,170,2,7,443,82,-1.8761992843723827
Dark,3:18916705-18916954_iur(+)_Athal_BZRc1-5_dCIS-ctrl.0,0.458824,170,2,10,481,968,0.9877397615989615
Dark,3:18916705-18916954_iur(+)_Athal_BZRc1-5_dCIS-var.0,0.452941,170,2,11,449,1077,1.3059286693901622
Dark,3:18991584-18991833_igr(-)_Athal_MYBc1-5_dCIS-ctrl.0,0.505882,170,2,4,233,99,-1.0910340107317136
Dark,3:18991584-18991833_igr(-)_Athal_MYBc1-5_dCIS-var.0,0.511765,170,2,4,121,65,-0.9062052398849911
Dark,3:18991631-18991880_igr(-)_Athal_MYBc1-5_dCIS-ctrl.0,0.488235,170,2,16,650,266,-1.4156857362148318
Dark,3:18991631-18991880_igr(-)_Athal_MYBc1-5_dCIS-var.0,0.494118,170,2,6,244,83,-1.4128304037796475
Dark,3:18991704-18991953_igr(-)_Athal_MYBc1-5_dCIS-ctrl.0,0.447059,170,2,18,1055,369,-1.465592254603118
Dark,3:18991704-18991953_igr(-)_Athal_MYBc1-5_dCIS-var.0,0.452941,170,2,11,659,205,-1.5055479064269357
Dark,3:19818791-19819040_(?)_Athal_bZIPc1-5_dCIS-ctrl.0,0.382353,170,2,10,303,525,1.0342191489223742
Dark,3:19818791-19819040_(?)_Athal_bZIPc1-5_dCIS-var.0,0.376471,170,2,4,163,343,1.0409389829935125
Dark,3:19818869-19819118_igr(-)_Athal_bZIPc1-5_dCIS-ctrl.0,0.423529,170,2,19,814,1386,0.8236891495038345
Dark,3:19818869-19819118_igr(-)_Athal_bZIPc1-5_dCIS-var.0,0.417647,170,2,24,920,1525,0.7126745649960964
Dark,3:20571667-20571916_iur(-)_Athal_MYBc1-5_dCIS-ctrl.0,0.294118,170,2,4,146,82,-0.7170395096788562
Dark,3:20571667-20571916_iur(-)_Athal_MYBc1-5_dCIS-var.0,0.288235,170,2,5,239,143,-0.6645764373931438
Dark,3:20571723-20571972_iur(-)_Athal_MYBc1-5_dCIS-ctrl.0,0.276471,170,2,14,769,379,-0.9128955354948254
Dark,3:20571723-20571972_iur(-)_Athal_MYBc1-5_dCIS-var.0,0.270588,170,2,5,267,228,-0.24237215248367097
Dark,3:22174842-22175091_(?)_Athal_WRKYc1-5_dCIS-ctrl.0,0.358824,170,2,10,531,244,-1.039842325771214
Dark,3:22174842-22175091_(?)_Athal_WRKYc1-5_dCIS-var.0,0.352941,170,2,12,530,264,-0.9946739863327221
Dark,3:22192281-22192530_iur(+)_Athal_MYBc1-5_dCIS-ctrl.0,0.258824,170,2,14,521,749,0.41124985914531165
Dark,3:22192281-22192530_iur(+)_Athal_MYBc1-5_dCIS-var.0,0.258824,170,2,9,407,549,0.4364976591816949
Dark,3:22192388-22192637_iur(+)_Athal_MYBc1-5_dCIS-ctrl.0,0.388235,170,2,11,480,369,-0.23809054910984748
Dark,3:22192388-22192637_iur(+)_Athal_MYBc1-5_dCIS-var.0,0.388235,170,2,15,564,440,-0.3404858326841088
Dark,3:22248294-22248543_iur(-)_Athal_MYBc1-5_dCIS-ctrl.0,0.276471,170,2,10,415,170,-1.2355352119403298
Dark,3:22248294-22248543_iur(-)_Athal_MYBc1-5_dCIS-var.0,0.276471,170,2,7,236,132,-0.8146900573749758
Dark,3:22253132-22253381_iur(-)_Athal_bZIPc1-5_dCIS-ctrl.0,0.4,170,2,10,562,335,-0.7024963458384137
Dark,3:22253132-22253381_iur(-)_Athal_bZIPc1-5_dCIS-var.0,0.394118,170,2,16,795,406,-0.9196808287329892
Dark,3:2225391-2225640_igr(-)_Athal_BZRc1-5_dCIS-ctrl.0,0.435294,170,2,17,982,1106,0.22735713754404852
Dark,3:2225391-2225640_igr(-)_Athal_BZRc1-5_dCIS-var.0,0.423529,170,2,12,401,771,1.027434432573452
Dark,3:22253981-22254230_iur(-)_Athal_MYBc1-5_dCIS-ctrl.0,0.417647,170,2,10,634,185,-1.6772024145452349
Dark,3:22253981-22254230_iur(-)_Athal_MYBc1-5_dCIS-var.0,0.417647,170,2,12,603,179,-1.7540961102192667
Dark,3:22254073-22254322_iur(-)_Athal_MYBc1-5_dCIS-ctrl.0,0.435294,170,2,17,547,265,-0.7891566470040614
Dark,3:22254073-22254322_iur(-)_Athal_MYBc1-5_dCIS-var.0,0.435294,170,2,15,490,395,-0.34070500746371435
Dark,3:2225466-2225715_iur(-)_Athal_BZRc1-5_dCIS-ctrl.0,0.458824,170,2,8,279,506,0.9747259407358634
Dark,3:2225466-2225715_iur(-)_Athal_BZRc1-5_dCIS-var.0,0.458824,170,2,19,710,1167,0.8612605116263875
Dark,3:23156802-23157051_iur(-)_Athal_WRKYc1-5_dCIS-ctrl.0,0.329412,170,2,9,447,350,-0.36616697655516006
Dark,3:23156802-23157051_iur(-)_Athal_WRKYc1-5_dCIS-var.0,0.335294,170,2,8,400,386,0.1677897974508251
Dark,3:23256726-23256975_iur(-)_Athal_MYBc1-5_dCIS-ctrl.0,0.276471,170,2,14,624,974,0.5500630614023845
Dark,3:23256726-23256975_iur(-)_Athal_MYBc1-5_dCIS-var.0,0.276471,170,2,10,513,476,-0.027040959771499326
Dark,3:2334478-2334727_iur(-)_Athal_MYBc1-5_dCIS-ctrl.0,0.364706,170,2,9,381,478,0.2900440142416856
Dark,3:2334478-2334727_iur(-)_Athal_MYBc1-5_dCIS-var.0,0.358824,170,2,7,348,274,-0.10425455848357143
Dark,3:2334564-2334813_iur(-)_Athal_MYBc1-5_dCIS-ctrl.0,0.341176,170,2,9,335,199,-0.7307149106567047
Dark,3:2334564-2334813_iur(-)_Athal_MYBc1-5_dCIS-var.0,0.335294,170,2,13,571,412,-0.33891429744303425
Dark,3:3016254-3016503_iur(+)_Athal_WRKYc1-5_dCIS-ctrl.0,0.305882,170,2,3,168,382,1.378011578247601
Dark,3:3016254-3016503_iur(+)_Athal_WRKYc1-5_dCIS-var.0,0.311765,170,2,9,443,1475,1.6827527935485467
Dark,3:3051866-3052115_iur(+)_Athal_WRKYc1-5_dCIS-ctrl.0,0.464706,170,2,10,371,245,-0.8149759424005945
Dark,3:3051866-3052115_iur(+)_Athal_WRKYc1-5_dCIS-var.0,0.458824,170,2,6,237,184,-0.6275340411703576
Dark,3:3051975-3052224_iur(+)_Athal_WRKYc1-5_dCIS-ctrl.0,0.494118,170,2,4,64,55,-0.3252608750644037
Dark,3:3051975-3052224_iur(+)_Athal_WRKYc1-5_dCIS-var.0,0.488235,170,2,10,298,166,-0.8556983487196749
Dark,3:3056060-3056309_(?)_Athal_WRKYc1-5_dCIS-ctrl.0,0.247059,170,2,6,269,254,0.2952748712640919
Dark,3:3056060-3056309_(?)_Athal_WRKYc1-5_dCIS-var.0,0.252941,170,2,6,160,82,-0.7136422247716849
Dark,3:3056119-3056368_(?)_Athal_WRKYc1-5_dCIS-ctrl.0,0.294118,170,2,7,307,315,-0.06523941080847465
Dark,3:3056119-3056368_(?)_Athal_WRKYc1-5_dCIS-var.0,0.3,170,2,9,340,251,-0.3789075200054288
Dark,3:3056405-3056654_igr(-)_Athal_bZIPc1-5_dCIS-ctrl.0,0.435294,170,2,6,271,84,-1.2792307895588992
Dark,3:3056405-3056654_igr(-)_Athal_bZIPc1-5_dCIS-var.0,0.429412,170,2,11,416,146,-1.118834632032026
Dark,3:3058730-3058979_igr(-)_Athal_WRKYc1-5_dCIS-ctrl.0,0.288235,170,2,16,650,654,-0.0968088485284904
Dark,3:3058730-3058979_igr(-)_Athal_WRKYc1-5_dCIS-var.0,0.294118,170,2,20,1140,891,-0.3837427004457701
Dark,3:3303427-3303676_iur(+)_Athal_bZIPc1-5_dCIS-ctrl.0,0.523529,170,2,14,812,485,-0.8184122039999775
Dark,3:3303427-3303676_iur(+)_Athal_bZIPc1-5_dCIS-var.0,0.523529,170,2,15,699,219,-1.703212218410692
Dark,3:4230160-4230409_iur(-)_Athal_MYBc1-5_dCIS-ctrl.0,0.388235,170,2,6,257,143,-0.8272800242153668
Dark,3:4230160-4230409_iur(-)_Athal_MYBc1-5_dCIS-var.0,0.394118,170,2,10,547,351,-0.5070874674311309
Dark,3:4230230-4230479_iur(-)_Athal_MYBc1-5_dCIS-ctrl.0,0.388235,170,2,5,219,101,-0.9396591300801077
Dark,3:4230230-4230479_iur(-)_Athal_MYBc1-5_dCIS-var.0,0.394118,170,2,4,291,95,-1.452848752819138
Dark,3:4230290-4230539_iur(-)_Athal_MYBc1-5_dCIS-ctrl.0,0.405882,170,2,9,391,148,-1.2859449383573716
Dark,3:4230290-4230539_iur(-)_Athal_MYBc1-5_dCIS-var.0,0.411765,170,2,6,295,129,-1.2584245957173121
Dark,3:4310255-4310504_(?)_Athal_MYBc1-5_dCIS-ctrl.0,0.241176,170,2,2,50,18,-1.2146873040214459
Dark,3:4310255-4310504_(?)_Athal_MYBc1-5_dCIS-var.0,0.247059,170,1,1,8,13,0.7913670718654899
Dark,3:4310307-4310556_(?)_Athal_MYBc1-5_dCIS-ctrl.0,0.252941,170,2,12,460,628,0.3660985708207276
Dark,3:4310307-4310556_(?)_Athal_MYBc1-5_dCIS-var.0,0.258824,170,2,13,711,877,0.39101374862713423
Dark,3:4361608-4361857_igr(-)_Athal_bHLHc1-5_dCIS-ctrl.0,0.335294,170,2,7,413,457,0.17154614679036811
Dark,3:4361608-4361857_igr(-)_Athal_bHLHc1-5_dCIS-var.0,0.329412,170,2,3,155,248,0.7449120051848945
Dark,3:4379315-4379564_iur(+)_Athal_MYBc1-5_dCIS-ctrl.0,0.311765,170,2,9,476,428,-0.1267001069458785
Dark,3:4379315-4379564_iur(+)_Athal_MYBc1-5_dCIS-var.0,0.311765,170,2,14,698,590,-0.2521264070358147
Dark,3:4379357-4379606_iur(+)_Athal_MYBc1-5_dCIS-ctrl.0,0.264706,170,2,2,68,96,0.569187269126332
Dark,3:4379357-4379606_iur(+)_Athal_MYBc1-5_dCIS-var.0,0.264706,170,2,2,29,41,0.3525597332261682
Dark,3:6032698-6032947_iur(+)_Athal_WRKYc1-5_dCIS-ctrl.0,0.441176,170,2,6,254,330,0.3144056882235381
Dark,3:6032698-6032947_iur(+)_Athal_WRKYc1-5_dCIS-var.0,0.435294,170,2,3,95,89,0.0557131397986374
Dark,3:6055498-6055747_iur(+)_Athal_MYBc1-5_dCIS-ctrl.0,0.464706,170,2,6,297,116,-1.2632858618819145
Dark,3:6055498-6055747_iur(+)_Athal_MYBc1-5_dCIS-var.0,0.458824,170,2,2,130,71,-0.6522510785886196
Dark,3:6055544-6055793_iur(+)_Athal_MYBc1-5_dCIS-ctrl.0,0.529412,170,2,9,339,141,-0.9389751769970351
Dark,3:6055544-6055793_iur(+)_Athal_MYBc1-5_dCIS-var.0,0.523529,170,2,7,347,248,-0.6062516186447289
Dark,3:6673897-6674146_igr(-)_Athal_MYBc1-5_dCIS-ctrl.0,0.288235,170,2,2,140,201,0.5664779662361907
Dark,3:6673897-6674146_igr(-)_Athal_MYBc1-5_dCIS-var.0,0.294118,170,2,3,198,293,0.59424261495355
Dark,3:7093695-7093944_iur(-)_Athal_bZIPc1-5_dCIS-ctrl.0,0.305882,170,2,4,154,68,-0.8905650822701705
Dark,3:7093695-7093944_iur(-)_Athal_bZIPc1-5_dCIS-var.0,0.305882,170,2,11,321,238,-0.43174659373391333
Dark,3:7093746-7093995_iur(-)_Athal_bZIPc1-5_dCIS-ctrl.0,0.335294,170,2,12,495,253,-0.8758857827449169
Dark,3:7093746-7093995_iur(-)_Athal_bZIPc1-5_dCIS-var.0,0.335294,170,2,10,238,196,-0.35599469142310114
Dark,3:7299663-7299912_iur(+)_Athal_bZIPc1-5_dCIS-ctrl.0,0.247059,170,2,13,540,614,0.19293335349859972
Dark,3:7299663-7299912_iur(+)_Athal_bZIPc1-5_dCIS-var.0,0.247059,170,2,5,197,261,0.3183072890015366
Dark,3:7326660-7326909_igr(+)_Athal_MYBc1-5_dCIS-ctrl.0,0.329412,170,2,12,540,506,-0.15729843611002736
Dark,3:7326660-7326909_igr(+)_Athal_MYBc1-5_dCIS-var.0,0.329412,170,2,8,246,195,-0.37136091813167427
Dark,3:7350270-7350519_(?)_Athal_WRKYc1-5_dCIS-var.0,0.335294,170,1,1,7,22,1.743004050304091
Dark,3:7350311-7350560_(?)_Athal_WRKYc1-5_dCIS-ctrl.0,0.364706,170,2,4,149,137,-0.028276401266205814
Dark,3:7350311-7350560_(?)_Athal_WRKYc1-5_dCIS-var.0,0.370588,170,2,3,112,82,-0.465935069130602
Dark,3:7350366-7350615_(?)_Athal_WRKYc1-5_dCIS-ctrl.0,0.4,170,2,9,349,109,-1.498784877319101
Dark,3:7350366-7350615_(?)_Athal_WRKYc1-5_dCIS-var.0,0.405882,170,2,4,268,69,-1.7031797901347083
Dark,3:7413328-7413577_iur(-)_Athal_MYBc1-5_dCIS-ctrl.0,0.423529,170,2,10,533,117,-2.0804961654417564
Dark,3:7413328-7413577_iur(-)_Athal_MYBc1-5_dCIS-var.0,0.423529,170,2,14,718,169,-2.063695691116553
Dark,3:7413403-7413652_iur(-)_Athal_MYBc1-5_dCIS-ctrl.0,0.382353,170,2,14,768,452,-0.7040845535765734
Dark,3:7413403-7413652_iur(-)_Athal_MYBc1-5_dCIS-var.0,0.382353,170,2,13,390,336,-0.18484452432924298
Dark,3:7931732-7931981_(?)_Athal_MYBc1-5_dCIS-ctrl.0,0.305882,170,2,6,168,202,0.010819799747669528
Dark,3:7931732-7931981_(?)_Athal_MYBc1-5_dCIS-var.0,0.311765,170,2,7,236,209,-0.17948936975397245
Dark,3:7932650-7932899_(?)_Athal_WRKYc1-5_dCIS-ctrl.0,0.317647,170,2,11,435,1520,1.7794845496263623
Dark,3:7932650-7932899_(?)_Athal_WRKYc1-5_dCIS-var.0,0.311765,170,2,11,391,1069,1.2565391018927154
Dark,4:1192866-1193115_igr(+)_Athal_bZIPc1-5_dCIS-ctrl.0,0.394118,170,2,3,56,49,-0.30978866281206463
Dark,4:1192866-1193115_igr(+)_Athal_bZIPc1-5_dCIS-var.0,0.388235,170,2,2,97,47,-0.7034982259407772
Dark,4:1192937-1193186_igr(+)_Athal_bZIPc1-5_dCIS-ctrl.0,0.341176,170,2,6,361,237,-0.5103689159675551
Dark,4:1192937-1193186_igr(+)_Athal_bZIPc1-5_dCIS-var.0,0.335294,170,2,13,506,433,-0.23866406208824506
Dark,4:1257820-1258069_iur(+)_Athal_bHLHc1-5_dCIS-ctrl.0,0.329412,170,2,19,744,793,0.12041321758911248
Dark,4:1257820-1258069_iur(+)_Athal_bHLHc1-5_dCIS-var.0,0.323529,170,2,12,639,806,0.3960685658302232
Dark,4:1263940-1264189_iur(+)_Athal_bZIPc1-5_dCIS-ctrl.0,0.288235,170,2,14,518,290,-0.8212229696712183
Dark,4:1263940-1264189_iur(+)_Athal_bZIPc1-5_dCIS-var.0,0.288235,170,2,3,169,42,-2.1914789912480654
Dark,4:1264141-1264390_iur(+)_Athal_bZIPc1-5_dCIS-ctrl.0,0.3,170,2,13,370,453,0.1728404039857267
Dark,4:1264141-1264390_iur(+)_Athal_bZIPc1-5_dCIS-var.0,0.305882,170,2,11,403,403,0.040302187870597986
Dark,4:1266904-1267153_igr(-)_Athal_bZIPc1-5_dCIS-ctrl.0,0.429412,170,2,5,277,86,-1.1811076994483605
Dark,4:1266904-1267153_igr(-)_Athal_bZIPc1-5_dCIS-var.0,0.423529,170,2,4,226,143,-0.5450807039716413
Dark,4:1266947-1267196_igr(-)_Athal_bZIPc1-5_dCIS-ctrl.0,0.376471,170,2,13,589,421,-0.5324083475987762
Dark,4:1266947-1267196_igr(-)_Athal_bZIPc1-5_dCIS-var.0,0.370588,170,2,16,698,499,-0.5583601008002171
Dark,4:1271053-1271302_iur(-)_Athal_bZIPc1-5_dCIS-ctrl.0,0.205882,170,2,2,56,149,1.6778283550025543
Dark,4:13351055-13351304_iur(-)_Athal_bHLHc1-5_dCIS-ctrl.0,0.423529,170,2,5,208,156,-0.306226854647644
Dark,4:13351055-13351304_iur(-)_Athal_bHLHc1-5_dCIS-var.0,0.429412,170,2,9,380,451,0.5775675112164889
Dark,4:13706150-13706399_iur(-)_Athal_bZIPc1-5_dCIS-ctrl.0,0.411765,170,2,12,507,488,-0.01666855727255101
Dark,4:13706150-13706399_iur(-)_Athal_bZIPc1-5_dCIS-var.0,0.405882,170,2,10,398,403,-0.15143646498081376
Dark,4:1441098-1441347_iur(+)_Athal_bZIPc1-5_dCIS-ctrl.0,0.470588,170,2,14,452,203,-1.0638455528889754
Dark,4:1441098-1441347_iur(+)_Athal_bZIPc1-5_dCIS-var.0,0.476471,170,2,23,1012,505,-0.9534556321905028
Dark,4:14699848-14700097_igr(-)_Athal_bZIPc1-5_dCIS-ctrl.0,0.476471,170,2,12,629,369,-0.6841026057973106
Dark,4:14699848-14700097_igr(-)_Athal_bZIPc1-5_dCIS-var.0,0.470588,170,2,16,729,453,-0.6491884241123899
Dark,4:14699849-14700098_igr(-)_Athal_BZRc1-5_dCIS-ctrl.0,0.476471,170,2,15,826,552,-0.6085844804163139
Dark,4:14699849-14700098_igr(-)_Athal_BZRc1-5_dCIS-var.0,0.470588,170,2,12,417,243,-0.6557380669885912
Dark,4:14699894-14700143_igr(-)_Athal_bHLHc1-5_dCIS-ctrl.0,0.541176,170,2,11,471,335,-0.6680855306808564
Dark,4:14699894-14700143_igr(-)_Athal_bHLHc1-5_dCIS-var.0,0.535294,170,2,9,311,144,-1.0595124359678927
Dark,4:14699910-14700159_igr(-)_Athal_bZIPc1-5_dCIS-ctrl.0,0.535294,170,2,11,465,352,-0.3442548466509537
Dark,4:14699910-14700159_igr(-)_Athal_bZIPc1-5_dCIS-var.0,0.529412,170,2,6,140,122,-0.07562965316849377
Dark,4:14699937-14700186_igr(-)_Athal_bHLHc1-5_dCIS-ctrl.0,0.511765,170,2,14,700,694,0.0964179984021098
Dark,4:14699937-14700186_igr(-)_Athal_bHLHc1-5_dCIS-var.0,0.505882,170,2,11,330,552,0.5726640364894023
Dark,4:14699951-14700200_igr(-)_Athal_bZIPc1-5_dCIS-ctrl.0,0.511765,170,2,14,525,902,0.6927877247300829
Dark,4:14699951-14700200_igr(-)_Athal_bZIPc1-5_dCIS-var.0,0.505882,170,2,19,822,1905,1.3217677643802883
Dark,4:14699978-14700227_igr(-)_Athal_bHLHc1-5_dCIS-ctrl.0,0.447059,170,2,14,662,513,-0.3671670893253265
Dark,4:14699978-14700227_igr(-)_Athal_bHLHc1-5_dCIS-var.0,0.441176,170,2,12,336,388,0.18982706564516177
Dark,4:14981796-14982045_iur(+)_Athal_bZIPc1-5_dCIS-ctrl.0,0.388235,170,2,7,327,156,-0.9608249999421258
Dark,4:14981796-14982045_iur(+)_Athal_bZIPc1-5_dCIS-var.0,0.382353,170,2,15,463,284,-0.45137172032831036
Dark,4:15525522-15525771_iur(-)_Athal_WRKYc1-5_dCIS-ctrl.0,0.288235,170,2,8,392,475,0.21814049948381636
Dark,4:15525522-15525771_iur(-)_Athal_WRKYc1-5_dCIS-var.0,0.282353,170,2,9,324,474,0.47625013855211
Dark,4:17044909-17045158_iur(-)_Athal_bZIPc1-5_dCIS-ctrl.0,0.294118,170,2,12,386,1257,1.6486419303942608
Dark,4:17044909-17045158_iur(-)_Athal_bZIPc1-5_dCIS-var.0,0.294118,170,2,16,551,1503,1.5895188330131176
Dark,4:17488554-17488803_iur(+)_Athal_WRKYc1-5_dCIS-ctrl.0,0.358824,170,2,10,274,263,0.09478344990832221
Dark,4:17488554-17488803_iur(+)_Athal_WRKYc1-5_dCIS-var.0,0.364706,170,2,11,339,392,0.14516760661533196
Dark,4:18207202-18207451_iur(-)_Athal_bZIPc1-5_dCIS-ctrl.0,0.294118,170,2,1,60,63,0.37271153407722146
Dark,4:18207202-18207451_iur(-)_Athal_bZIPc1-5_dCIS-var.0,0.3,170,2,1,30,44,0.46498799888310105
Dark,4:6015024-6015273_(?)_Athal_WRKYc1-5_dCIS-ctrl.0,0.388235,170,2,11,425,690,0.6837231725198006
Dark,4:6015024-6015273_(?)_Athal_WRKYc1-5_dCIS-var.0,0.382353,170,2,12,590,1044,0.7652295707916954
Dark,4:6583137-6583386_iur(+)_Athal_bZIPc1-5_dCIS-ctrl.0,0.423529,170,2,8,399,205,-1.013094490768292
Dark,4:6583137-6583386_iur(+)_Athal_bZIPc1-5_dCIS-var.0,0.423529,170,2,15,673,394,-0.8685965919787105
Dark,4:7409835-7410084_iur(+)_Athal_bZIPc1-5_dCIS-ctrl.0,0.488235,170,2,24,1019,1115,0.05202445158169734
Dark,4:7409835-7410084_iur(+)_Athal_bZIPc1-5_dCIS-var.0,0.494118,170,2,7,305,232,-0.16248918487043285
Dark,4:7409879-7410128_iur(+)_Athal_bZIPc1-5_dCIS-ctrl.0,0.505882,170,2,20,917,992,0.12589646252224243
Dark,4:7409879-7410128_iur(+)_Athal_bZIPc1-5_dCIS-var.0,0.511765,170,2,21,1005,836,-0.3202105112158038
Dark,4:7419985-7420234_(?)_Athal_bZIPc1-5_dCIS-ctrl.0,0.441176,170,2,12,448,354,-0.31448280338117984
Dark,4:7419985-7420234_(?)_Athal_bZIPc1-5_dCIS-var.0,0.435294,170,2,8,333,187,-0.907373819924052
Dark,4:7486937-7487186_iur(-)_Athal_bZIPc1-5_dCIS-ctrl.0,0.382353,170,2,12,549,533,0.0019553997604939005
Dark,4:7486937-7487186_iur(-)_Athal_bZIPc1-5_dCIS-var.0,0.376471,170,2,7,298,307,0.08501085463250233
Dark,4:7517234-7517483_igr(-)_Athal_bZIPc1-5_dCIS-ctrl.0,0.376471,170,2,19,952,2242,1.2234884638225696
Dark,4:7517234-7517483_igr(-)_Athal_bZIPc1-5_dCIS-var.0,0.370588,170,2,10,499,1256,1.3551129473280359
Dark,4:7517286-7517535_igr(-)_Athal_bZIPc1-5_dCIS-ctrl.0,0.376471,170,2,1,7,5,-0.31988715764740006
Dark,4:7517286-7517535_igr(-)_Athal_bZIPc1-5_dCIS-var.0,0.370588,170,2,2,17,20,0.10881064463120016
Dark,4:7676122-7676371_iur(-)_Athal_WRKYc1-5_dCIS-ctrl.0,0.205882,170,2,9,328,195,-0.5185774093054202
Dark,4:7676122-7676371_iur(-)_Athal_WRKYc1-5_dCIS-var.0,0.205882,170,2,7,249,138,-0.6982489571470569
Dark,4:7861092-7861341_(?)_Athal_WRKYc1-5_dCIS-ctrl.0,0.217647,170,2,10,401,537,0.6278965760012152
Dark,4:7861092-7861341_(?)_Athal_WRKYc1-5_dCIS-var.0,0.223529,170,2,10,323,542,0.710896213461496
Dark,4:8301155-8301404_igr(+)_Athal_bZIPc1-5_dCIS-ctrl.0,0.417647,170,2,12,673,298,-1.0900157678330624
Dark,4:8301155-8301404_igr(+)_Athal_bZIPc1-5_dCIS-var.0,0.423529,170,2,8,430,151,-1.2305218665057138
Dark,4:8301217-8301466_igr(+)_Athal_bZIPc1-5_dCIS-ctrl.0,0.441176,170,2,9,365,169,-0.6413265045413387
Dark,4:8301217-8301466_igr(+)_Athal_bZIPc1-5_dCIS-var.0,0.447059,170,2,11,648,357,-1.0375699067179216
Dark,4:8391168-8391417_iur(-)_Athal_bZIPc1-5_dCIS-ctrl.0,0.335294,170,2,7,243,305,0.36680984172674463
Dark,4:8391168-8391417_iur(-)_Athal_bZIPc1-5_dCIS-var.0,0.341176,170,2,11,412,715,0.7648076613564507
Dark,5:10029907-10030156_iur(-)_Athal_bZIPc1-5_dCIS-var.0,0.5,170,2,5,144,130,-0.3227639212625486
Dark,5:10029948-10030197_iur(-)_Athal_bZIPc1-5_dCIS-ctrl.0,0.464706,170,2,12,393,399,-0.1443117904334113
Dark,5:10029948-10030197_iur(-)_Athal_bZIPc1-5_dCIS-var.0,0.464706,170,2,8,572,508,-0.10667085145501709
Dark,5:10805344-10805593_(?)_Athal_WRKYc1-5_dCIS-ctrl.0,0.352941,170,2,19,503,511,-0.021586811385349264
Dark,5:10805344-10805593_(?)_Athal_WRKYc1-5_dCIS-var.0,0.352941,170,2,13,578,728,0.3649492797343012
Dark,5:10806507-10806756_(?)_Athal_MYBc1-5_dCIS-ctrl.0,0.364706,170,2,2,100,49,-0.7398217437401653
Dark,5:10806507-10806756_(?)_Athal_MYBc1-5_dCIS-var.0,0.358824,170,2,4,239,89,-1.287112569843707
Dark,5:10806578-10806827_(?)_Athal_MYBc1-5_dCIS-ctrl.0,0.4,170,2,20,1116,1758,0.6400849239949649
Dark,5:10806578-10806827_(?)_Athal_MYBc1-5_dCIS-var.0,0.394118,170,2,16,781,1416,0.9534986800212505
Dark,5:10831575-10831824_iur(+)_Athal_MYBc1-5_dCIS-ctrl.0,0.382353,170,2,8,345,346,0.03127547854608133
Dark,5:10831575-10831824_iur(+)_Athal_MYBc1-5_dCIS-var.0,0.376471,170,2,12,565,674,0.2175750244777951
Dark,5:11116987-11117236_iur(-)_Athal_MYBc1-5_dCIS-ctrl.0,0.405882,170,2,7,223,393,0.8579722366941986
Dark,5:11116987-11117236_iur(-)_Athal_MYBc1-5_dCIS-var.0,0.4,170,2,12,675,897,0.6410795200039476
Dark,5:11117094-11117343_iur(-)_Athal_MYBc1-5_dCIS-ctrl.0,0.4,170,2,9,427,570,0.41213327829754354
Dark,5:11117094-11117343_iur(-)_Athal_MYBc1-5_dCIS-var.0,0.394118,170,2,10,398,541,0.5510841749289077
Dark,5:11117511-11117760_iur(-)_Athal_MYBc1-5_dCIS-ctrl.0,0.329412,170,2,14,258,190,-0.3596508727556008
Dark,5:11117511-11117760_iur(-)_Athal_MYBc1-5_dCIS-var.0,0.335294,170,2,10,243,172,-0.5490980529160268
Dark,5:11117561-11117810_iur(-)_Athal_MYBc1-5_dCIS-ctrl.0,0.411765,170,1,1,8,8,0.09092735372439784
Dark,5:11117572-11117821_iur(-)_Athal_bHLHc1-5_dCIS-ctrl.0,0.411765,170,2,6,274,100,-1.5279911791407905
Dark,5:11117572-11117821_iur(-)_Athal_bHLHc1-5_dCIS-var.0,0.417647,170,2,8,290,80,-1.914510634944535
Dark,5:11281812-11282061_(?)_Athal_MYBc1-5_dCIS-ctrl.0,0.323529,170,2,5,208,241,0.6245224563378533
Dark,5:11281812-11282061_(?)_Athal_MYBc1-5_dCIS-var.0,0.329412,170,2,12,425,592,0.5497082021337077
Dark,5:11552072-11552321_(?)_Athal_MYBc1-5_dCIS-ctrl.0,0.394118,170,2,11,487,249,-1.0627725620543222
Dark,5:11552072-11552321_(?)_Athal_MYBc1-5_dCIS-var.0,0.394118,170,2,25,1308,428,-1.554006802816974
Dark,5:11552228-11552477_(?)_Athal_MYBc1-5_dCIS-ctrl.0,0.358824,170,2,12,621,277,-1.2034372483236597
Dark,5:11552228-11552477_(?)_Athal_MYBc1-5_dCIS-var.0,0.364706,170,2,7,325,117,-1.2278995072320305
Dark,5:11637347-11637596_iur(-)_Athal_bZIPc1-5_dCIS-ctrl.0,0.405882,170,2,32,1299,968,-0.28782588736746484
Dark,5:11637347-11637596_iur(-)_Athal_bZIPc1-5_dCIS-var.0,0.4,170,2,13,432,442,0.12182456463904406
Dark,5:12076560-12076809_iur(+)_Athal_WRKYc1-5_dCIS-ctrl.0,0.294118,170,2,15,671,1286,0.9201437209093866
Dark,5:12076560-12076809_iur(+)_Athal_WRKYc1-5_dCIS-var.0,0.288235,170,2,8,225,565,1.2657783700769691
Dark,5:12220773-12221022_(?)_Athal_bHLHc1-5_dCIS-ctrl.0,0.588235,170,2,16,1116,280,-1.9969171289629595
Dark,5:12220773-12221022_(?)_Athal_bHLHc1-5_dCIS-var.0,0.582353,170,2,12,655,204,-1.7645197086569926
Dark,5:12224150-12224399_igr(-)_Athal_bZIPc1-5_dCIS-ctrl.0,0.435294,170,2,9,236,334,0.8345370266528581
Dark,5:12224150-12224399_igr(-)_Athal_bZIPc1-5_dCIS-var.0,0.429412,170,2,5,224,517,1.1960052172479871
Dark,5:12263086-12263335_iur(+)_Athal_bZIPc1-5_dCIS-ctrl.0,0.488235,170,2,5,168,59,-1.5883861493822087
Dark,5:12263086-12263335_iur(+)_Athal_bZIPc1-5_dCIS-var.0,0.494118,170,2,4,178,73,-1.217717659832413
Dark,5:12263162-12263411_igr(+)_Athal_bZIPc1-5_dCIS-ctrl.0,0.588235,170,2,4,208,117,-0.9420587904432801
Dark,5:12263162-12263411_igr(+)_Athal_bZIPc1-5_dCIS-var.0,0.594118,170,2,6,438,176,-1.325493896347647
Dark,5:12263240-12263489_igr(+)_Athal_bZIPc1-5_dCIS-ctrl.0,0.523529,170,2,3,75,59,-0.3094292549691262
Dark,5:12263240-12263489_igr(+)_Athal_bZIPc1-5_dCIS-var.0,0.529412,170,2,6,166,71,-1.1360967550365229
Dark,5:12738767-12739016_(?)_Athal_BZRc1-5_dCIS-var.0,0.582353,170,2,2,34,12,-0.6874771977843157
Dark,5:12738843-12739092_(?)_Athal_BZRc1-5_dCIS-ctrl.0,0.588235,170,2,4,188,78,-0.7789951164016449
Dark,5:12738843-12739092_(?)_Athal_BZRc1-5_dCIS-var.0,0.576471,170,2,9,469,283,-0.7265543318619714
Dark,5:12738886-12739135_(?)_Athal_BZRc1-5_dCIS-ctrl.0,0.564706,170,2,4,243,102,-1.1894278085917032
Dark,5:12738886-12739135_(?)_Athal_BZRc1-5_dCIS-var.0,0.552941,170,2,6,263,325,0.08403271711847407
Dark,5:12738959-12739208_(?)_Athal_BZRc1-5_dCIS-ctrl.0,0.611765,170,2,7,330,113,-1.5144012258167012
Dark,5:12738959-12739208_(?)_Athal_BZRc1-5_dCIS-var.0,0.605882,170,2,6,232,116,-1.0793383293937913
Dark,5:12739000-12739249_(?)_Athal_BZRc1-5_dCIS-ctrl.0,0.552941,170,2,22,1202,543,-0.8679779191683873
Dark,5:12739000-12739249_(?)_Athal_BZRc1-5_dCIS-var.0,0.564706,170,2,25,1200,602,-0.7712788474047909
Dark,5:12982567-12982816_igr(-)_Athal_bHLHc1-5_dCIS-ctrl.0,0.341176,170,2,5,223,194,-0.2044636564773548
Dark,5:12982567-12982816_igr(-)_Athal_bHLHc1-5_dCIS-var.0,0.335294,170,2,9,367,301,-0.477855400040483
Dark,5:12982623-12982872_igr(-)_Athal_bHLHc1-5_dCIS-ctrl.0,0.411765,170,2,11,682,202,-1.652944541442147
Dark,5:12982623-12982872_igr(-)_Athal_bHLHc1-5_dCIS-var.0,0.405882,170,2,8,198,86,-1.0565103129178113
Dark,5:13195402-13195651_iur(+)_Athal_MYBc1-5_dCIS-ctrl.0,0.188235,170,2,10,404,775,0.9175332286668714
Dark,5:13195402-13195651_iur(+)_Athal_MYBc1-5_dCIS-var.0,0.188235,170,2,5,194,259,0.6766674911088862
Dark,5:13195443-13195692_iur(+)_Athal_MYBc1-5_dCIS-ctrl.0,0.176471,170,2,3,105,170,0.5958553468965391
Dark,5:13195443-13195692_iur(+)_Athal_MYBc1-5_dCIS-var.0,0.176471,170,2,3,186,254,0.6835467848309673
Dark,5:13235373-13235622_igr(+)_Athal_WRKYc1-5_dCIS-ctrl.0,0.364706,170,2,5,258,180,-0.44133426874481685
Dark,5:13235373-13235622_igr(+)_Athal_WRKYc1-5_dCIS-var.0,0.370588,170,2,1,59,13,-1.4482422627874705
Dark,5:13671420-13671669_iur(+)_Athal_MYBc1-5_dCIS-ctrl.0,0.388235,170,2,9,204,169,-0.34682317427509635
Dark,5:13671420-13671669_iur(+)_Athal_MYBc1-5_dCIS-var.0,0.382353,170,2,21,573,568,-0.023237763823709096
Dark,5:13671463-13671712_iur(+)_Athal_MYBc1-5_dCIS-ctrl.0,0.323529,170,2,7,301,257,-0.051939084643491035
Dark,5:13671463-13671712_iur(+)_Athal_MYBc1-5_dCIS-var.0,0.317647,170,2,8,185,317,0.6820924644586666
Dark,5:13683710-13683959_(?)_Athal_MYBc1-5_dCIS-ctrl.0,0.329412,170,2,12,559,544,-0.038167139905639635
Dark,5:13683710-13683959_(?)_Athal_MYBc1-5_dCIS-var.0,0.323529,170,2,8,274,568,0.8014939507263825
Dark,5:13710238-13710487_igr(-)_Athal_bZIPc1-5_dCIS-ctrl.0,0.423529,170,2,15,581,357,-0.6917779624137121
Dark,5:13710238-13710487_igr(-)_Athal_bZIPc1-5_dCIS-var.0,0.423529,170,2,11,580,303,-0.8648142475781088
Dark,5:13878835-13879084_(?)_Athal_MYBc1-5_dCIS-ctrl.0,0.294118,170,2,6,203,316,0.7827834158514877
Dark,5:13878835-13879084_(?)_Athal_MYBc1-5_dCIS-var.0,0.288235,170,2,4,104,186,0.6557653346088723
Dark,5:13925864-13926113_iur(-)_Athal_bZIPc1-5_dCIS-ctrl.0,0.335294,170,2,2,45,125,1.3121909846777149
Dark,5:13925864-13926113_iur(-)_Athal_bZIPc1-5_dCIS-var.0,0.329412,170,2,3,129,363,1.51426830658494
Dark,5:13925951-13926200_iur(-)_Athal_bZIPc1-5_dCIS-ctrl.0,0.376471,170,2,15,695,743,0.052919708183282815
Dark,5:13925951-13926200_iur(-)_Athal_bZIPc1-5_dCIS-var.0,0.370588,170,2,25,978,1170,0.10081504121930018
Dark,5:14027080-14027329_iur(-)_Athal_MYBc1-5_dCIS-ctrl.0,0.329412,170,2,10,272,408,0.4565387999446182
Dark,5:14027080-14027329_iur(-)_Athal_MYBc1-5_dCIS-var.0,0.335294,170,2,14,583,668,0.3268577653478793
Dark,5:14118701-14118950_igr(-)_Athal_bHLHc1-5_dCIS-ctrl.0,0.317647,170,2,3,74,65,0.045487702072848635
Dark,5:14118701-14118950_igr(-)_Athal_bHLHc1-5_dCIS-var.0,0.317647,170,2,4,95,96,0.045260717933786984
Dark,5:14184462-14184711_igr(+)_Athal_bZIPc1-5_dCIS-ctrl.0,0.341176,170,2,8,470,240,-0.8697147160373668
Dark,5:14184462-14184711_igr(+)_Athal_bZIPc1-5_dCIS-var.0,0.335294,170,2,9,267,360,0.37122131716158835
Dark,5:14184506-14184755_igr(+)_Athal_bZIPc1-5_dCIS-ctrl.0,0.311765,170,2,19,827,802,-0.07508733435200399
Dark,5:14184506-14184755_igr(+)_Athal_bZIPc1-5_dCIS-var.0,0.305882,170,2,11,536,808,0.7227998905729016
Dark,5:14301885-14302134_iur(+)_Athal_MYBc1-5_dCIS-ctrl.0,0.376471,170,2,9,262,329,0.6652328299812147
Dark,5:14301885-14302134_iur(+)_Athal_MYBc1-5_dCIS-var.0,0.370588,170,2,6,276,234,0.14736515542039344
Dark,5:14301932-14302181_iur(+)_Athal_MYBc1-5_dCIS-ctrl.0,0.352941,170,2,18,457,1210,1.3140277759371464
Dark,5:14301932-14302181_iur(+)_Athal_MYBc1-5_dCIS-var.0,0.347059,170,2,13,506,745,0.9037550973989636
Dark,5:150428-150677_iur(-)_Athal_MYBc1-5_dCIS-ctrl.0,0.352941,170,2,13,564,619,0.06943467741563
Dark,5:150428-150677_iur(-)_Athal_MYBc1-5_dCIS-var.0,0.352941,170,2,6,256,106,-1.1999774111000838
Dark,5:15590465-15590714_iur(+)_Athal_WRKYc1-5_dCIS-ctrl.0,0.364706,170,2,16,747,457,-0.5478146126682497
Dark,5:15590465-15590714_iur(+)_Athal_WRKYc1-5_dCIS-var.0,0.358824,170,2,9,463,313,-0.6705401947881213
Dark,5:15656719-15656968_(?)_Athal_MYBc1-5_dCIS-ctrl.0,0.364706,170,2,20,652,768,0.3092275954615354
Dark,5:15656719-15656968_(?)_Athal_MYBc1-5_dCIS-var.0,0.370588,170,2,7,253,225,-0.08318027325548835
Dark,5:15790610-15790859_iur(-)_Athal_MYBc1-5_dCIS-ctrl.0,0.323529,170,2,7,170,332,0.8410565506963585
Dark,5:15790610-15790859_iur(-)_Athal_MYBc1-5_dCIS-var.0,0.317647,170,2,4,128,209,0.7473314558100189
Dark,5:16616915-16617164_iur(-)_Athal_MYBc1-5_dCIS-ctrl.0,0.347059,170,2,7,248,291,0.4345535519431428
Dark,5:16616915-16617164_iur(-)_Athal_MYBc1-5_dCIS-var.0,0.352941,170,2,11,479,1095,1.1657116716115281
Dark,5:16616980-16617229_iur(-)_Athal_MYBc1-5_dCIS-ctrl.0,0.417647,170,2,14,681,660,-0.04426868644705967
Dark,5:16616980-16617229_iur(-)_Athal_MYBc1-5_dCIS-var.0,0.423529,170,2,12,583,370,-0.3999318715857878
Dark,5:16638467-16638716_igr(-)_Athal_bZIPc1-5_dCIS-var.0,0.476471,170,2,2,107,59,-0.29308064210947193
Dark,5:16638516-16638765_igr(-)_Athal_bZIPc1-5_dCIS-ctrl.0,0.488235,170,2,8,425,239,-0.7188878465538303
Dark,5:16638516-16638765_igr(-)_Athal_bZIPc1-5_dCIS-var.0,0.482353,170,2,8,261,159,-0.5520710926540967
Dark,5:16638557-16638806_igr(-)_Athal_bZIPc1-5_dCIS-ctrl.0,0.505882,170,2,18,869,342,-1.30964038342026
Dark,5:16638557-16638806_igr(-)_Athal_bZIPc1-5_dCIS-var.0,0.5,170,2,17,791,271,-1.6273598862595722
Dark,5:16835697-16835946_iur(-)_Athal_bZIPc1-5_dCIS-ctrl.0,0.488235,170,2,16,710,367,-0.8836245323769021
Dark,5:16835697-16835946_iur(-)_Athal_bZIPc1-5_dCIS-var.0,0.494118,170,2,10,598,299,-0.982692182509038
Dark,5:16835756-16836005_iur(-)_Athal_bZIPc1-5_dCIS-ctrl.0,0.494118,170,2,9,327,359,0.2716217680131826
Dark,5:16835756-16836005_iur(-)_Athal_bZIPc1-5_dCIS-var.0,0.5,170,2,7,343,324,-0.1970327616174422
Dark,5:16835798-16836047_iur(-)_Athal_bZIPc1-5_dCIS-ctrl.0,0.488235,170,2,16,850,771,-0.19508026621253524
Dark,5:16835798-16836047_iur(-)_Athal_bZIPc1-5_dCIS-var.0,0.494118,170,2,23,1474,1331,-0.06796151908490386
Dark,5:17144500-17144749_igr(-)_Athal_MYBc1-5_dCIS-ctrl.0,0.311765,170,2,7,464,249,-0.9291197495338733
Dark,5:17144500-17144749_igr(-)_Athal_MYBc1-5_dCIS-var.0,0.311765,170,2,3,194,93,-1.0021406589053992
Dark,5:17144862-17145111_iur(-)_Athal_bHLHc1-5_dCIS-ctrl.0,0.364706,170,2,4,160,38,-1.8724243454846037
Dark,5:17144862-17145111_iur(-)_Athal_bHLHc1-5_dCIS-var.0,0.370588,170,2,12,585,202,-1.24922893809973
Dark,5:17549758-17550007_iur(+)_Athal_bZIPc1-5_dCIS-ctrl.0,0.352941,170,2,13,561,4018,2.957923914073956
Dark,5:17549758-17550007_iur(+)_Athal_bZIPc1-5_dCIS-var.0,0.358824,170,2,17,867,4672,2.46553244846283
Dark,5:17800462-17800711_igr(+)_Athal_MYBc1-5_dCIS-ctrl.0,0.476471,170,2,18,603,496,-0.12776267125491708
Dark,5:17800462-17800711_igr(+)_Athal_MYBc1-5_dCIS-var.0,0.470588,170,2,13,603,494,-0.31209027369069664
Dark,5:17826437-17826686_iur(-)_Athal_MYBc1-5_dCIS-ctrl.0,0.241176,170,2,13,483,998,1.122191544952097
Dark,5:17826437-17826686_iur(-)_Athal_MYBc1-5_dCIS-var.0,0.235294,170,2,13,411,842,0.9830321126430195
Dark,5:17826488-17826737_iur(-)_Athal_MYBc1-5_dCIS-ctrl.0,0.282353,170,2,14,505,1283,1.2357535332828968
Dark,5:17826488-17826737_iur(-)_Athal_MYBc1-5_dCIS-var.0,0.276471,170,2,24,990,2122,1.1942252574617664
Dark,5:17940596-17940845_igr(+)_Athal_MYBc1-5_dCIS-ctrl.0,0.323529,170,2,14,558,553,0.047530820929352485
Dark,5:17940596-17940845_igr(+)_Athal_MYBc1-5_dCIS-var.0,0.317647,170,2,6,259,186,-0.43103210069811015
Dark,5:17940691-17940940_igr(+)_Athal_MYBc1-5_dCIS-ctrl.0,0.388235,170,2,18,582,1009,0.8839730061102216
Dark,5:17940691-17940940_igr(+)_Athal_MYBc1-5_dCIS-var.0,0.382353,170,2,24,617,1201,0.9251984487343945
Dark,5:18022132-18022381_iur(-)_Athal_bHLHc1-5_dCIS-ctrl.0,0.358824,170,2,1,8,5,-0.6864938872999489
Dark,5:18022132-18022381_iur(-)_Athal_bHLHc1-5_dCIS-var.0,0.352941,170,2,6,69,89,0.48104721004877365
Dark,5:18022171-18022420_iur(-)_Athal_BZRc1-5_dCIS-ctrl.0,0.388235,170,2,11,280,537,0.9417403496925727
Dark,5:18022171-18022420_iur(-)_Athal_BZRc1-5_dCIS-var.0,0.376471,170,2,4,158,192,0.32930836364073834
Dark,5:18022181-18022430_iur(-)_Athal_bHLHc1-5_dCIS-ctrl.0,0.376471,170,2,22,911,1311,0.5557276302213109
Dark,5:18022181-18022430_iur(-)_Athal_bHLHc1-5_dCIS-var.0,0.370588,170,2,7,190,408,1.0413065786992943
Dark,5:18022218-18022467_iur(-)_Athal_BZRc1-5_dCIS-ctrl.0,0.382353,170,2,10,300,514,0.5892830043112051
Dark,5:18022218-18022467_iur(-)_Athal_BZRc1-5_dCIS-var.0,0.370588,170,2,6,213,204,0.016430596840345563
Dark,5:18037879-18038128_iur(-)_Athal_MYBc1-5_dCIS-ctrl.0,0.323529,170,2,4,128,105,-0.10822090147939306
Dark,5:18037879-18038128_iur(-)_Athal_MYBc1-5_dCIS-var.0,0.317647,170,2,4,172,217,0.39453616930495977
Dark,5:18037949-18038198_iur(-)_Athal_MYBc1-5_dCIS-ctrl.0,0.335294,170,2,1,7,7,0.21783412016144177
Dark,5:18037949-18038198_iur(-)_Athal_MYBc1-5_dCIS-var.0,0.329412,170,2,5,147,142,-0.06968646933157249
Dark,5:18037990-18038239_iur(-)_Athal_MYBc1-5_dCIS-ctrl.0,0.258824,170,2,15,544,489,-0.26206565116869485
Dark,5:18037990-18038239_iur(-)_Athal_MYBc1-5_dCIS-var.0,0.252941,170,2,16,755,699,-0.1471732075866035
Dark,5:18110970-18111219_igr(-)_Athal_MYBc1-5_dCIS-ctrl.0,0.429412,170,2,9,374,115,-1.5208276985655802
Dark,5:18111016-18111265_igr(-)_Athal_MYBc1-5_dCIS-ctrl.0,0.411765,170,2,9,275,188,-0.5341854431328333
Dark,5:18111058-18111307_igr(-)_Athal_MYBc1-5_dCIS-ctrl.0,0.388235,170,2,8,414,185,-1.1727996653835437
Dark,5:18138235-18138484_iur(+)_Athal_bZIPc1-5_dCIS-ctrl.0,0.447059,170,2,8,159,500,1.5956126317319559
Dark,5:18138235-18138484_iur(+)_Athal_bZIPc1-5_dCIS-var.0,0.441176,170,2,3,61,209,1.4963775010604938
Dark,5:18138288-18138537_iur(+)_Athal_bZIPc1-5_dCIS-ctrl.0,0.429412,170,2,11,450,744,0.6645007920264724
Dark,5:18138288-18138537_iur(+)_Athal_bZIPc1-5_dCIS-var.0,0.423529,170,2,5,173,459,1.3617267452446655
Dark,5:18321479-18321728_(?)_Athal_bZIPc1-5_dCIS-ctrl.0,0.394118,170,2,7,230,207,-0.108605039690536
Dark,5:18321479-18321728_(?)_Athal_bZIPc1-5_dCIS-var.0,0.4,170,2,19,800,855,0.07565617866247558
Dark,5:18348737-18348986_igr(+)_Athal_MYBc1-5_dCIS-ctrl.0,0.352941,170,2,16,643,475,-0.25088137968927793
Dark,5:18348737-18348986_igr(+)_Athal_MYBc1-5_dCIS-var.0,0.358824,170,2,11,352,607,0.6226628090490711
Dark,5:18612997-18613246_iur(-)_Athal_MYBc1-5_dCIS-ctrl.0,0.329412,170,2,1,21,10,-0.5951633926150623
Dark,5:18612997-18613246_iur(-)_Athal_MYBc1-5_dCIS-var.0,0.329412,170,2,1,14,6,-1.0539959262164094
Dark,5:18613087-18613336_iur(+)_Athal_MYBc1-5_dCIS-ctrl.0,0.3,170,2,14,450,1540,1.6620749904685348
Dark,5:18613087-18613336_iur(+)_Athal_MYBc1-5_dCIS-var.0,0.3,170,2,11,346,907,1.3285404094996842
Dark,5:18696573-18696822_iur(-)_Athal_WRKYc1-5_dCIS-ctrl.0,0.264706,170,2,14,366,1298,1.84437206716422
Dark,5:18696573-18696822_iur(-)_Athal_WRKYc1-5_dCIS-var.0,0.258824,170,2,17,480,1042,1.0113039975100384
Dark,5:18883304-18883553_iur(-)_Athal_bZIPc1-5_dCIS-ctrl.0,0.252941,170,2,11,433,457,0.054196268171573456
Dark,5:18883304-18883553_iur(-)_Athal_bZIPc1-5_dCIS-var.0,0.247059,170,2,19,486,589,0.13023367792502838
Dark,5:18883353-18883602_iur(-)_Athal_bZIPc1-5_dCIS-ctrl.0,0.258824,170,2,12,407,441,0.2501693993194064
Dark,5:18883353-18883602_iur(-)_Athal_bZIPc1-5_dCIS-var.0,0.252941,170,2,15,538,498,-0.2597126938422877
Dark,5:18926921-18927170_(?)_Athal_bZIPc1-5_dCIS-ctrl.0,0.288235,170,2,3,100,151,0.630964358634982
Dark,5:18926921-18927170_(?)_Athal_bZIPc1-5_dCIS-var.0,0.294118,170,2,2,107,66,-0.6641315694597836
Dark,5:18978397-18978646_iur(+)_Athal_MYBc1-5_dCIS-ctrl.0,0.317647,170,2,13,392,3072,2.8366246236477966
Dark,5:18978397-18978646_iur(+)_Athal_MYBc1-5_dCIS-var.0,0.311765,170,2,15,478,3880,2.9935390599383225
Dark,5:19157893-19158142_igr(+)_Athal_MYBc1-5_dCIS-ctrl.0,0.335294,170,2,23,897,1914,1.1141312124776364
Dark,5:19157893-19158142_igr(+)_Athal_MYBc1-5_dCIS-var.0,0.341176,170,2,25,868,2320,1.3527414483724423
Dark,5:19157941-19158190_igr(+)_Athal_MYBc1-5_dCIS-ctrl.0,0.347059,170,2,16,730,386,-0.9228010172301598
Dark,5:19157941-19158190_igr(+)_Athal_MYBc1-5_dCIS-var.0,0.352941,170,2,8,375,183,-0.9553880670857547
Dark,5:19310462-19310711_igr(-)_Athal_MYBc1-5_dCIS-ctrl.0,0.388235,170,2,10,444,175,-1.4356134752467904
Dark,5:19310462-19310711_igr(-)_Athal_MYBc1-5_dCIS-var.0,0.382353,170,2,10,388,138,-0.6794834094536811
Dark,5:19310507-19310756_igr(-)_Athal_MYBc1-5_dCIS-ctrl.0,0.447059,170,2,12,382,223,-1.1505837663443819
Dark,5:19310507-19310756_igr(-)_Athal_MYBc1-5_dCIS-var.0,0.441176,170,2,7,370,104,-1.543211729138085
Dark,5:19327615-19327864_iur(+)_Athal_MYBc1-5_dCIS-ctrl.0,0.370588,170,2,7,282,126,-1.1129043143607709
Dark,5:19327615-19327864_iur(+)_Athal_MYBc1-5_dCIS-var.0,0.364706,170,2,3,105,41,-1.3784330584870839
Dark,5:1933779-1934028_igr(-)_Athal_MYBc1-5_dCIS-ctrl.0,0.305882,170,1,1,8,23,1.6144893097814108
Dark,5:1933779-1934028_igr(-)_Athal_MYBc1-5_dCIS-var.0,0.3,170,2,3,21,26,8.858568963620861e-4
Dark,5:1933847-1934096_igr(-)_Athal_MYBc1-5_dCIS-ctrl.0,0.341176,170,2,5,112,63,-0.6836963686008766
Dark,5:1933847-1934096_igr(-)_Athal_MYBc1-5_dCIS-var.0,0.335294,170,2,6,170,60,-1.2268779816381148
Dark,5:20048199-20048448_iur(-)_Athal_bZIPc1-5_dCIS-ctrl.0,0.223529,170,2,5,136,168,0.3077926375911513
Dark,5:20048199-20048448_iur(-)_Athal_bZIPc1-5_dCIS-var.0,0.217647,170,2,5,209,270,0.4623591543051875
Dark,5:24401866-24402115_igr(+)_Athal_MYBc1-5_dCIS-ctrl.0,0.288235,170,2,5,253,130,-0.7294542255209162
Dark,5:24401866-24402115_igr(+)_Athal_MYBc1-5_dCIS-var.0,0.288235,170,2,5,174,106,-0.7369652337330186
Dark,5:24401920-24402169_igr(+)_Athal_MYBc1-5_dCIS-ctrl.0,0.282353,170,2,7,410,203,-0.9838509509804586
Dark,5:24401920-24402169_igr(+)_Athal_MYBc1-5_dCIS-var.0,0.282353,170,2,5,201,121,-0.9182476297646481
Dark,5:26387220-26387469_igr(+)_Athal_bZIPc1-5_dCIS-ctrl.0,0.364706,170,2,9,436,1033,1.235576640524
Dark,5:26387220-26387469_igr(+)_Athal_bZIPc1-5_dCIS-var.0,0.364706,170,2,13,563,1173,1.0834167716493741
Dark,5:26387296-26387545_igr(+)_Athal_bZIPc1-5_dCIS-ctrl.0,0.370588,170,2,13,676,574,-0.35556903549438146
Dark,5:26387296-26387545_igr(+)_Athal_bZIPc1-5_dCIS-var.0,0.370588,170,2,7,372,222,-0.7270221210796232
Dark,5:26492033-26492282_iur(-)_Athal_MYBc1-5_dCIS-ctrl.0,0.294118,170,2,1,21,15,-0.39886333753551817
Dark,5:26492033-26492282_iur(-)_Athal_MYBc1-5_dCIS-var.0,0.294118,170,2,4,137,236,0.8656205630007887
Dark,5:26681541-26681790_igr(+)_Athal_bZIPc1-5_dCIS-ctrl.0,0.464706,170,2,8,223,133,-0.7129059140998053
Dark,5:26681541-26681790_igr(+)_Athal_bZIPc1-5_dCIS-var.0,0.458824,170,2,1,29,25,-0.06892968266799449
Dark,5:26681602-26681851_igr(+)_Athal_bZIPc1-5_dCIS-ctrl.0,0.464706,170,1,1,10,8,-0.23100074116296454
Dark,5:26681602-26681851_igr(+)_Athal_bZIPc1-5_dCIS-var.0,0.458824,170,2,1,11,15,0.45802091988342003
Dark,5:26681647-26681896_igr(+)_Athal_bZIPc1-5_dCIS-ctrl.0,0.388235,170,2,7,287,92,-1.3728258881218187
Dark,5:26681647-26681896_igr(+)_Athal_bZIPc1-5_dCIS-var.0,0.382353,170,2,4,128,74,-1.1620523992472787
Dark,5:26896902-26897151_igr(-)_Athal_MYBc1-5_dCIS-ctrl.0,0.4,170,2,2,23,18,0.07517562215605861
Dark,5:26896902-26897151_igr(-)_Athal_MYBc1-5_dCIS-var.0,0.394118,170,2,6,286,385,0.477657068895958
Dark,5:26916629-26916878_iur(-)_Athal_MYBc1-5_dCIS-ctrl.0,0.323529,170,2,5,143,133,-0.0033062318249822975
Dark,5:26916629-26916878_iur(-)_Athal_MYBc1-5_dCIS-var.0,0.317647,170,2,9,244,328,0.4966726032492694
Dark,5:26929886-26930135_igr(+)_Athal_MYBc1-5_dCIS-ctrl.0,0.423529,170,2,6,350,199,-0.8582189666866857
Dark,5:26929886-26930135_igr(+)_Athal_MYBc1-5_dCIS-var.0,0.417647,170,2,10,353,172,-0.9268300672204511
Dark,5:26930012-26930261_igr(+)_Athal_MYBc1-5_dCIS-ctrl.0,0.441176,170,2,1,25,18,-0.269842376593991
Dark,5:26930012-26930261_igr(+)_Athal_MYBc1-5_dCIS-var.0,0.435294,170,2,1,37,8,-2.1891502117243116
Dark,5:463064-463313_igr(+)_Athal_MYBc1-5_dCIS-ctrl.0,0.435294,170,1,2,84,21,-1.9090726462756022
Dark,5:463064-463313_igr(+)_Athal_MYBc1-5_dCIS-var.0,0.435294,170,2,12,423,215,-0.9765437642648885
Dark,5:463127-463376_igr(+)_Athal_MYBc1-5_dCIS-ctrl.0,0.470588,170,2,3,173,33,-2.300424908024787
Dark,5:463127-463376_igr(+)_Athal_MYBc1-5_dCIS-var.0,0.470588,170,2,2,86,28,-1.4194228311983141
Dark,5:463183-463432_igr(+)_Athal_MYBc1-5_dCIS-ctrl.0,0.517647,170,2,7,307,102,-1.570645105663123
Dark,5:463183-463432_igr(+)_Athal_MYBc1-5_dCIS-var.0,0.517647,170,2,20,914,257,-1.7475340043193386
Dark,5:7553576-7553825_iur(-)_Athal_bZIPc1-5_dCIS-ctrl.0,0.364706,170,2,5,341,557,0.7557082162821133
Dark,5:7553576-7553825_iur(-)_Athal_bZIPc1-5_dCIS-var.0,0.370588,170,2,4,135,130,0.0025801560204368607
Dark,5:7553978-7554227_iur(-)_Athal_MYBc1-5_dCIS-ctrl.0,0.358824,170,2,30,1276,1579,0.4159372230208213
Dark,5:7553978-7554227_iur(-)_Athal_MYBc1-5_dCIS-var.0,0.352941,170,2,32,1223,1437,0.32835574501943077
Dark,5:7554060-7554309_iur(-)_Athal_MYBc1-5_dCIS-ctrl.0,0.435294,170,2,5,215,127,-0.9382897874652858
Dark,5:7554060-7554309_iur(-)_Athal_MYBc1-5_dCIS-var.0,0.429412,170,2,6,266,149,-0.8558559769889497
Dark,5:7582085-7582334_igr(-)_Athal_bZIPc1-5_dCIS-ctrl.0,0.476471,170,2,7,362,146,-1.0694377876867533
Dark,5:7582085-7582334_igr(-)_Athal_bZIPc1-5_dCIS-var.0,0.482353,170,2,14,674,358,-0.7896880751731843
Dark,5:7612040-7612289_iur(+)_Athal_MYBc1-5_dCIS-ctrl.0,0.341176,170,2,15,634,459,-0.5344036071629001
Dark,5:7612040-7612289_iur(+)_Athal_MYBc1-5_dCIS-var.0,0.347059,170,2,4,180,80,-0.9607651445282057
Dark,5:7729148-7729397_iur(-)_Athal_bZIPc1-5_dCIS-ctrl.0,0.341176,170,2,4,83,88,0.23937182795009962
Dark,5:7729148-7729397_iur(-)_Athal_bZIPc1-5_dCIS-var.0,0.335294,170,2,5,264,181,-0.5024106482924696
Dark,5:7729199-7729448_iur(-)_Athal_bZIPc1-5_dCIS-ctrl.0,0.329412,170,2,3,133,95,-0.35436083450614564
Dark,5:7729199-7729448_iur(-)_Athal_bZIPc1-5_dCIS-var.0,0.323529,170,2,11,462,311,-0.5939746861870598
Dark,5:9234814-9235063_igr(+)_Athal_bHLHc1-5_dCIS-ctrl.0,0.535294,170,2,23,932,5934,2.6258931006158055
Dark,5:9234814-9235063_igr(+)_Athal_bHLHc1-5_dCIS-var.0,0.535294,170,2,22,926,5318,2.599211840510751
Dark,5:9720779-9721028_iur(+)_Athal_MYBc1-5_dCIS-ctrl.0,0.4,170,2,9,212,135,-0.5807776867699725
Dark,5:9720779-9721028_iur(+)_Athal_MYBc1-5_dCIS-var.0,0.394118,170,2,7,131,145,0.1116506156585531
Dark,5:9720854-9721103_iur(+)_Athal_MYBc1-5_dCIS-ctrl.0,0.464706,170,2,6,292,300,0.17396016421149857
Dark,5:9720854-9721103_iur(+)_Athal_MYBc1-5_dCIS-var.0,0.458824,170,2,9,360,460,0.4215094101781579
Dark,5:9720900-9721149_iur(+)_Athal_MYBc1-5_dCIS-ctrl.0,0.441176,170,2,1,29,224,2.584364091708444
Dark,5:9720900-9721149_iur(+)_Athal_MYBc1-5_dCIS-var.0,0.435294,170,2,1,40,79,1.7860834678752349
Dark,5:9747495-9747744_(?)_Athal_bZIPc1-5_dCIS-ctrl.0,0.188235,170,2,7,263,557,1.1186909708716528
Dark,5:9747495-9747744_(?)_Athal_bZIPc1-5_dCIS-var.0,0.182353,170,2,9,398,741,0.9435104694802141
Dark,5:9761501-9761750_igr(+)_Athal_WRKYc1-5_dCIS-ctrl.0,0.376471,170,2,5,122,59,-0.7222158174984223
Dark,5:9761501-9761750_igr(+)_Athal_WRKYc1-5_dCIS-var.0,0.382353,170,2,3,78,88,0.3236181445480575
Dark,5:9770635-9770884_iur(+)_Athal_MYBc1-5_dCIS-ctrl.0,0.394118,170,2,14,679,437,-0.5928130686778508
Dark,5:9770635-9770884_iur(+)_Athal_MYBc1-5_dCIS-var.0,0.394118,170,2,12,393,234,-0.8960688385999646
Dark,5:9770695-9770944_iur(+)_Athal_MYBc1-5_dCIS-ctrl.0,0.329412,170,2,3,120,81,-0.6751972134393691
Dark,5:9770695-9770944_iur(+)_Athal_MYBc1-5_dCIS-var.0,0.329412,170,2,3,138,95,-0.5910272086472002
Dark,5:9792906-9793155_iur(-)_Athal_MYBc1-5_dCIS-ctrl.0,0.376471,170,2,12,596,314,-0.8693224136205749
Dark,5:9792906-9793155_iur(-)_Athal_MYBc1-5_dCIS-var.0,0.370588,170,2,7,464,291,-0.6951946673675018
Dark,5:9805997-9806246_(?)_Athal_bZIPc1-5_dCIS-ctrl.0,0.282353,170,2,9,291,223,-0.3533438256769327
Dark,5:9805997-9806246_(?)_Athal_bZIPc1-5_dCIS-var.0,0.282353,170,2,7,296,223,-0.3833684157084259
Dark,WRKY_1:10023437-10023686_binding_1080,0.335294,170,2,16,825,617,-0.4676076252288634
Dark,WRKY_1:10023437-10023686_non_binding_710,0.335294,170,2,20,921,537,-0.7841760853167619
Dark,WRKY_1:10023437-10023686_reference_binding_2114,0.329412,170,2,17,789,726,0.04351497004125761
Dark,WRKY_1:10079324-10079573_non_binding_1711,0.429412,170,2,2,112,46,-1.1810187375196788
Dark,WRKY_1:10079324-10079573_non_binding_1828,0.429412,170,2,3,108,48,-1.2205951206730106
Dark,WRKY_1:10079324-10079573_reference_binding_2351,0.423529,170,2,5,236,93,-1.4955471964813567
Dark,WRKY_1:10102436-10102685_non_binding_537,0.370588,170,2,9,403,351,-0.1875881468604261
Dark,WRKY_1:10102436-10102685_non_binding_843,0.382353,170,2,9,338,414,0.26757509283058367
Dark,WRKY_1:10102436-10102685_reference_binding_1989,0.370588,170,2,4,174,313,0.9893383303705638
Dark,WRKY_1:10146600-10146849_binding_1026,0.270588,170,2,6,230,654,1.7228624603252733
Dark,WRKY_1:10146600-10146849_binding_1045,0.264706,170,2,16,591,2203,1.832380172281882
Dark,WRKY_1:10146600-10146849_binding_1116,0.270588,170,2,11,370,1357,1.7575459335024552
Dark,WRKY_1:10146600-10146849_binding_1124,0.258824,170,2,8,244,802,1.6552327164570309
Dark,WRKY_1:10146600-10146849_binding_1187,0.270588,170,2,12,401,1186,1.5685825162539933
Dark,WRKY_1:10146600-10146849_binding_1192,0.264706,170,2,9,311,734,1.3764383068598463
Dark,WRKY_1:10146600-10146849_binding_1343,0.264706,170,2,19,574,1731,1.5718414132898197
Dark,WRKY_1:10146600-10146849_binding_202,0.264706,170,2,5,131,241,0.9421587207086035
Dark,WRKY_1:10146600-10146849_binding_259,0.282353,170,2,4,202,315,0.7703146078492887
Dark,WRKY_1:10146600-10146849_binding_324,0.282353,170,2,9,371,1362,1.974423657105064
Dark,WRKY_1:10146600-10146849_binding_354,0.270588,170,2,4,107,105,0.2704485338057544
Dark,WRKY_1:10146600-10146849_binding_363,0.264706,170,2,7,291,517,0.6493442531218339
Dark,WRKY_1:10146600-10146849_binding_378,0.270588,170,2,6,215,265,0.5520128707061993
Dark,WRKY_1:10146600-10146849_binding_399,0.270588,170,2,6,212,491,1.1817071996763078
Dark,WRKY_1:10146600-10146849_binding_465,0.276471,170,2,10,355,455,0.5419834975118552
Dark,WRKY_1:10146600-10146849_binding_475,0.270588,170,2,9,570,714,0.5727489948916469
Dark,WRKY_1:10146600-10146849_binding_495,0.276471,170,2,7,252,495,0.9294540597124958
Dark,WRKY_1:10146600-10146849_binding_497,0.276471,170,2,3,83,145,0.8410785295932818
Dark,WRKY_1:10146600-10146849_binding_89,0.264706,170,2,2,136,120,0.21098989388429318
Dark,WRKY_1:10146600-10146849_reference_binding_1927,0.264706,170,2,5,227,485,1.0323081061146913
Dark,WRKY_1:10264180-10264429_binding_1271,0.317647,170,2,10,446,2411,2.488981772221596
Dark,WRKY_1:10264180-10264429_non_binding_769,0.311765,170,2,7,209,1246,2.5060558628395424
Dark,WRKY_1:10264180-10264429_non_binding_861,0.323529,170,2,10,572,3221,2.5114195755797137
Dark,WRKY_1:10264180-10264429_reference_binding_2148,0.323529,170,2,11,399,1724,2.2729434475156864
Dark,WRKY_1:10333638-10333887_non_binding_1604,0.423529,170,2,2,154,140,0.08974134790954802
Dark,WRKY_1:10333638-10333887_non_binding_1644,0.441176,170,2,7,261,164,-0.6650640276594022
Dark,WRKY_1:10333638-10333887_non_binding_1812,0.452941,170,2,15,544,331,-0.6087478872122933
Dark,WRKY_1:10333638-10333887_non_binding_1837,0.452941,170,2,8,305,159,-0.6448475470165397
Dark,WRKY_1:10333638-10333887_non_binding_962,0.417647,170,2,13,785,411,-0.8988850232553246
Dark,WRKY_1:10333638-10333887_reference_binding_2239,0.429412,170,2,10,402,304,-0.252849008067925
Dark,WRKY_1:10361942-10362191_binding_189,0.411765,170,2,7,262,261,-0.2132550762391483
Dark,WRKY_1:10361942-10362191_binding_219,0.4,170,2,7,288,274,-0.0419679482962938
Dark,WRKY_1:10361942-10362191_binding_294,0.411765,170,2,1,52,25,-0.5873554142890861
Dark,WRKY_1:10361942-10362191_binding_435,0.4,170,2,8,311,316,-0.1459879141755598
Dark,WRKY_1:10361942-10362191_non_binding_1392,0.394118,170,2,10,520,176,-1.4508541268265711
Dark,WRKY_1:10361942-10362191_non_binding_1475,0.405882,170,2,13,526,280,-1.036582834665536
Dark,WRKY_1:10361942-10362191_reference_binding_1942,0.4,170,2,8,376,170,-0.9747486222672288
Dark,WRKY_1:10378611-10378860_non_binding_848,0.488235,170,2,4,229,34,-2.3911953553731293
Dark,WRKY_1:10378611-10378860_reference_binding_2193,0.488235,170,2,4,155,57,-1.1236745157491956
Dark,WRKY_1:10441436-10441685_non_binding_1791,0.358824,170,2,7,259,221,-0.08236750214834289
Dark,WRKY_1:10441436-10441685_non_binding_555,0.335294,170,2,5,255,142,-0.9710078815162337
Dark,WRKY_1:10441436-10441685_reference_binding_2002,0.335294,170,2,5,172,180,-0.2645468445174104
Dark,WRKY_1:10455473-10455722_non_binding_1660,0.411765,170,2,11,429,338,-0.2677098808495265
Dark,WRKY_1:10455473-10455722_non_binding_1716,0.429412,170,2,14,690,680,-0.026879765551644952
Dark,WRKY_1:10455473-10455722_non_binding_1866,0.417647,170,2,8,444,320,-0.3640314469942812
Dark,WRKY_1:10480476-10480725_non_binding_800,0.411765,170,2,9,300,223,-0.4278001328498787
Dark,WRKY_1:10480476-10480725_reference_binding_2165,0.411765,170,2,7,145,276,0.7816040904988912
Dark,WRKY_1:10496963-10497212_non_binding_1876,0.464706,170,2,7,438,146,-1.4145031359449203
Dark,WRKY_1:10496963-10497212_reference_binding_2378,0.447059,170,2,13,464,178,-1.3022803234178886
Dark,WRKY_1:10783479-10783728_non_binding_1499,0.4,170,2,6,453,120,-1.8891729744179995
Dark,WRKY_1:10783479-10783728_reference_binding_2306,0.4,170,2,10,364,135,-1.4459614862018975
Dark,WRKY_1:10824313-10824562_non_binding_1672,0.329412,170,2,3,127,126,-0.06255513344973081
Dark,WRKY_1:10824313-10824562_reference_binding_2341,0.305882,170,2,2,72,66,-0.17374463818154712
Dark,WRKY_1:10854384-10854633_binding_1076,0.305882,170,2,15,673,1060,0.6493459437904984
Dark,WRKY_1:10854384-10854633_reference_binding_2262,0.3,170,2,5,283,843,1.5076432766713581
Dark,WRKY_1:1087187-1087436_non_binding_548,0.382353,170,2,7,393,108,-1.6093582063605463
Dark,WRKY_1:1087187-1087436_non_binding_644,0.376471,170,2,3,156,40,-1.350105084578387
Dark,WRKY_1:1087187-1087436_reference_binding_1996,0.376471,170,2,18,741,442,-0.7844056037825374
Dark,WRKY_1:10927293-10927542_binding_1010,0.411765,170,2,13,488,535,0.1392911090005146
Dark,WRKY_1:10927293-10927542_binding_1094,0.4,170,2,15,627,1389,1.129761647080133
Dark,WRKY_1:10927293-10927542_binding_1132,0.405882,170,2,19,715,1083,0.6439660634933354
Dark,WRKY_1:10927293-10927542_binding_1170,0.405882,170,2,18,781,603,-0.3523364550539584
Dark,WRKY_1:10927293-10927542_binding_1218,0.4,170,2,4,299,262,-0.23909634582433842
Dark,WRKY_1:10927293-10927542_binding_1239,0.4,170,2,16,763,876,0.3953328989759157
Dark,WRKY_1:10927293-10927542_binding_1253,0.405882,170,2,18,582,495,-0.3887848205973622
Dark,WRKY_1:10927293-10927542_binding_1305,0.405882,170,2,19,684,1122,0.7836071543882095
Dark,WRKY_1:10927293-10927542_binding_1340,0.405882,170,2,20,1025,1265,0.24204296799074865
Dark,WRKY_1:10927293-10927542_binding_1354,0.411765,170,2,10,444,368,-0.2534331975649389
Dark,WRKY_1:10927293-10927542_binding_1359,0.411765,170,2,18,847,707,-0.17783539587770808
Dark,WRKY_1:10927293-10927542_binding_1367,0.405882,170,2,14,574,476,-0.2659774550052709
Dark,WRKY_1:10927293-10927542_binding_1368,0.417647,170,2,16,957,918,-0.027715782392274416
Dark,WRKY_1:10927293-10927542_binding_254,0.4,170,2,24,1033,996,-0.042353224615947246
Dark,WRKY_1:10927293-10927542_binding_278,0.4,170,2,16,733,1238,0.7828226417652591
Dark,WRKY_1:10927293-10927542_binding_402,0.405882,170,2,13,517,489,-0.02041789779375605
Dark,WRKY_1:10927293-10927542_binding_64,0.394118,170,2,17,629,594,-0.08054379994967448
Dark,WRKY_1:10927293-10927542_binding_91,0.405882,170,2,18,720,686,-0.003754542186761467
Dark,WRKY_1:10927293-10927542_binding_93,0.4,170,2,14,588,1182,1.1355689486816378
Dark,WRKY_1:10927293-10927542_binding_99,0.4,170,2,23,938,1110,0.2633704120634672
Dark,WRKY_1:10927293-10927542_non_binding_994,0.417647,170,2,12,539,493,-0.1980838464073044
Dark,WRKY_1:10927293-10927542_reference_binding_1917,0.405882,170,2,8,299,360,0.021765514206732506
Dark,WRKY_1:1101396-1101645_non_binding_1479,0.317647,170,2,12,572,994,0.6431249364073586
Dark,WRKY_1:1101396-1101645_non_binding_829,0.317647,170,2,10,386,250,-0.44514136683483085
Dark,WRKY_1:1101396-1101645_reference_binding_2183,0.317647,170,2,3,112,193,0.8461546488012774
Dark,WRKY_1:11229331-11229580_binding_143,0.335294,170,2,17,805,525,-0.4909391589511004
Dark,WRKY_1:11229331-11229580_binding_395,0.329412,170,2,10,400,370,-0.22880659515220494
Dark,WRKY_1:11229331-11229580_non_binding_1503,0.317647,170,2,14,565,405,-0.4900865068404438
Dark,WRKY_1:11229331-11229580_non_binding_966,0.317647,170,2,4,168,96,-0.7536128367438149
Dark,WRKY_1:11229331-11229580_non_binding_993,0.317647,170,2,6,265,171,-0.5362711796726289
Dark,WRKY_1:11229331-11229580_reference_binding_1939,0.311765,170,2,3,124,92,-0.3688874022713684
Dark,WRKY_1:11236693-11236942_non_binding_1726,0.364706,170,2,14,808,560,-0.4416768946901496
Dark,WRKY_1:11236693-11236942_reference_binding_2354,0.347059,170,2,14,396,762,0.7304394015600817
Dark,WRKY_1:11301507-11301756_non_binding_1875,0.394118,170,2,18,529,2914,2.288076894670464
Dark,WRKY_1:11301507-11301756_non_binding_579,0.394118,170,2,4,88,429,2.3144375892896485
Dark,WRKY_1:11301507-11301756_reference_binding_2022,0.4,170,2,3,55,235,2.2435594071165235
Dark,WRKY_1:11389357-11389606_non_binding_1736,0.276471,170,2,11,491,439,-0.1870586140415366
Dark,WRKY_1:11389357-11389606_reference_binding_2357,0.276471,170,2,3,135,114,-0.1734630955052134
Dark,WRKY_1:11405748-11405997_non_binding_845,0.305882,170,2,1,8,5,-0.40519654345359823
Dark,WRKY_1:11405748-11405997_reference_binding_2191,0.305882,170,2,6,261,308,0.17452092824285698
Dark,WRKY_1:11426718-11426967_binding_1006,0.317647,170,2,7,219,311,0.4411423197924038
Dark,WRKY_1:11426718-11426967_reference_binding_2253,0.311765,170,2,1,14,9,-0.7583851806199898
Dark,WRKY_1:11460914-11461163_non_binding_1814,0.394118,170,2,15,622,595,-0.05259226843089543
Dark,WRKY_1:11460914-11461163_non_binding_647,0.364706,170,2,5,277,107,-1.1329436890141968
Dark,WRKY_1:11460914-11461163_non_binding_654,0.358824,170,2,5,234,167,-0.7126502421044953
Dark,WRKY_1:11460914-11461163_non_binding_835,0.358824,170,2,12,445,330,-0.4774961578525484
Dark,WRKY_1:11460914-11461163_reference_binding_2070,0.364706,170,2,11,527,576,0.1778395421168202
Dark,WRKY_1:11478980-11479229_non_binding_1527,0.335294,170,2,3,87,53,-0.7161533619006221
Dark,WRKY_1:11478980-11479229_reference_binding_2312,0.329412,170,2,7,423,217,-0.7531761997729638
Dark,WRKY_1:11523657-11523906_non_binding_855,0.4,170,2,9,410,370,-0.26147775418843255
Dark,WRKY_1:11523657-11523906_reference_binding_2195,0.4,170,2,7,146,426,1.4740535827215608
Dark,WRKY_1:11598355-11598604_non_binding_1720,0.4,170,2,17,557,998,0.8247337528474741
Dark,WRKY_1:11598355-11598604_non_binding_744,0.4,170,2,14,601,1173,0.8404916463264951
Dark,WRKY_1:11598355-11598604_reference_binding_2132,0.394118,170,2,10,325,730,1.2262364130917414
Dark,WRKY_1:11755178-11755427_non_binding_864,0.352941,170,2,14,697,322,-1.0819126469711062
Dark,WRKY_1:11755178-11755427_reference_binding_2201,0.341176,170,2,4,236,171,-0.5278129408753598
Dark,WRKY_1:11775900-11776149_non_binding_1748,0.305882,170,2,4,154,62,-1.5299135674626845
Dark,WRKY_1:11775900-11776149_reference_binding_2359,0.288235,170,2,12,333,279,-0.3951687032685204
Dark,WRKY_1:11786829-11787078_non_binding_1574,0.323529,170,2,10,221,206,-0.07490803779185287
Dark,WRKY_1:11786829-11787078_non_binding_1591,0.335294,170,2,7,270,274,0.033105887676467646
Dark,WRKY_1:11786829-11787078_non_binding_927,0.335294,170,2,15,410,333,-0.30825298933385736
Dark,WRKY_1:11786829-11787078_reference_binding_2225,0.329412,170,2,6,178,98,-0.5897616255434569
Dark,WRKY_1:11787887-11788136_binding_1293,0.488235,170,1,1,36,5,-2.955768224653971
Dark,WRKY_1:11787887-11788136_binding_1365,0.482353,170,2,1,100,28,-1.9797723179618345
Dark,WRKY_1:11787887-11788136_non_binding_958,0.488235,170,2,2,101,24,-1.782012067368837
Dark,WRKY_1:11787887-11788136_reference_binding_2237,0.488235,170,1,1,53,9,-2.6657667712199076
Dark,WRKY_1:11808656-11808905_binding_1054,0.217647,170,2,12,374,752,1.018866019204271
Dark,WRKY_1:11808656-11808905_binding_467,0.235294,170,2,12,412,617,0.8655022850343002
Dark,WRKY_1:11808656-11808905_non_binding_886,0.211765,170,2,11,555,1247,1.0991081287934532
Dark,WRKY_1:11808656-11808905_reference_binding_1955,0.211765,170,2,17,784,1441,0.7986521442078693
Dark,WRKY_1:11874732-11874981_non_binding_807,0.270588,170,2,11,532,2283,2.1032024382220635
Dark,WRKY_1:11874732-11874981_non_binding_822,0.288235,170,2,6,290,1210,1.9634147581201562
Dark,WRKY_1:11874732-11874981_non_binding_921,0.288235,170,2,6,204,572,1.6251059810034854
Dark,WRKY_1:11874732-11874981_reference_binding_2169,0.282353,170,2,10,393,1862,2.2503363210302805
Dark,WRKY_1:11880170-11880419_non_binding_605,0.370588,170,2,10,517,226,-1.2056092298235392
Dark,WRKY_1:11880170-11880419_reference_binding_2041,0.364706,170,2,11,484,281,-0.7475888768513058
Dark,WRKY_1:11979335-11979584_binding_1051,0.364706,170,2,6,318,93,-1.5512560574328436
Dark,WRKY_1:11979335-11979584_binding_112,0.376471,170,2,9,398,258,-0.44969958449607117
Dark,WRKY_1:11979335-11979584_binding_1160,0.370588,170,2,4,230,61,-1.943937650163397
Dark,WRKY_1:11979335-11979584_binding_12,0.376471,170,2,7,261,129,-1.2270491941707637
Dark,WRKY_1:11979335-11979584_binding_1206,0.364706,170,2,2,26,24,-0.8769047792704148
Dark,WRKY_1:11979335-11979584_binding_1226,0.370588,170,2,4,281,73,-2.0418369925632738
Dark,WRKY_1:11979335-11979584_binding_1260,0.370588,170,2,4,190,49,-2.0839549692828094
Dark,WRKY_1:11979335-11979584_binding_144,0.370588,170,2,7,298,109,-1.3246160849727335
Dark,WRKY_1:11979335-11979584_binding_248,0.394118,170,2,6,326,92,-1.5457227285233301
Dark,WRKY_1:11979335-11979584_binding_277,0.376471,170,2,6,381,141,-1.5437163004151948
Dark,WRKY_1:11979335-11979584_binding_326,0.4,170,2,5,253,73,-1.4355884214336558
Dark,WRKY_1:11979335-11979584_binding_401,0.370588,170,2,11,890,347,-1.2789889731406303
Dark,WRKY_1:11979335-11979584_binding_426,0.388235,170,2,5,268,78,-1.7041976500670302
Dark,WRKY_1:11979335-11979584_binding_45,0.376471,170,2,5,191,60,-1.5883835187703892
Dark,WRKY_1:11979335-11979584_binding_476,0.388235,170,2,7,349,118,-1.4637613217579872
Dark,WRKY_1:11979335-11979584_binding_494,0.388235,170,2,8,392,136,-1.4135695813345817
Dark,WRKY_1:11979335-11979584_non_binding_782,0.370588,170,2,5,171,58,-1.539607912331066
Dark,WRKY_1:11979335-11979584_non_binding_976,0.382353,170,2,10,566,169,-1.4709315427972336
Dark,WRKY_1:11979335-11979584_non_binding_998,0.370588,170,2,5,283,82,-1.7087006301346368
Dark,WRKY_1:11979335-11979584_reference_binding_1891,0.364706,170,2,6,311,80,-1.9857433255442887
Dark,WRKY_1:1199576-1199825_non_binding_1559,0.364706,170,2,4,174,212,0.1400280808578337
Dark,WRKY_1:1199576-1199825_non_binding_1784,0.370588,170,2,13,787,501,-0.6373787671602164
Dark,WRKY_1:1199576-1199825_non_binding_1872,0.376471,170,2,10,489,433,-0.1718502273025084
Dark,WRKY_1:1199576-1199825_non_binding_693,0.358824,170,2,9,381,149,-1.501795423452648
Dark,WRKY_1:1199576-1199825_reference_binding_2101,0.358824,170,2,8,279,183,-0.653976985551388
Dark,WRKY_1:1200570-1200819_non_binding_997,0.4,170,2,3,181,86,-0.8550765078187815
Dark,WRKY_1:1200570-1200819_reference_binding_2251,0.4,170,2,10,331,309,-0.22952234674390282
Dark,WRKY_1:12015524-12015773_binding_1048,0.264706,170,2,15,534,2746,2.400310742763976
Dark,WRKY_1:12015524-12015773_non_binding_1780,0.276471,170,2,16,658,607,0.057922995858964196
Dark,WRKY_1:12015524-12015773_non_binding_549,0.252941,170,2,6,343,1098,1.6578611821893325
Dark,WRKY_1:12015524-12015773_reference_binding_1997,0.258824,170,2,9,359,2529,2.7886374510645577
Dark,WRKY_1:12287262-12287511_binding_1055,0.323529,170,2,4,107,215,0.880029636000877
Dark,WRKY_1:12287262-12287511_binding_267,0.352941,170,2,8,261,367,0.5228695966022128
Dark,WRKY_1:12287262-12287511_binding_333,0.335294,170,2,6,160,315,1.0057701500366498
Dark,WRKY_1:12287262-12287511_binding_416,0.341176,170,2,2,48,87,0.9205685153764747
Dark,WRKY_1:12287262-12287511_binding_48,0.335294,170,2,6,162,166,0.035406441990906395
Dark,WRKY_1:12287262-12287511_binding_498,0.335294,170,2,9,370,331,-0.06122017107245509
Dark,WRKY_1:12287262-12287511_non_binding_771,0.329412,170,2,4,140,123,-0.01631313958386338
Dark,WRKY_1:12287262-12287511_non_binding_996,0.329412,170,2,4,86,68,-0.04509236729902388
Dark,WRKY_1:12287262-12287511_reference_binding_1910,0.329412,170,2,3,59,64,0.5228255256145087
Dark,WRKY_1:12293187-12293436_non_binding_908,0.376471,170,2,5,246,130,-0.7509477525326554
Dark,WRKY_1:12293187-12293436_reference_binding_2220,0.370588,170,2,12,351,462,0.6722137007995544
Dark,WRKY_1:12305277-12305526_non_binding_903,0.335294,170,2,3,74,78,0.056108112659118844
Dark,WRKY_1:12305277-12305526_reference_binding_2217,0.329412,170,2,1,19,44,1.034564629367615
Dark,WRKY_1:12350220-12350469_binding_1193,0.388235,170,2,3,69,117,1.1297847356301853
Dark,WRKY_1:12350220-12350469_non_binding_599,0.388235,170,2,4,159,99,-0.6757375785458685
Dark,WRKY_1:12350220-12350469_non_binding_839,0.388235,170,2,6,178,100,-0.7366060352370448
Dark,WRKY_1:12350220-12350469_reference_binding_2036,0.394118,170,2,4,92,145,0.6356760289676453
Dark,WRKY_1:12352095-12352344_binding_428,0.388235,170,2,10,406,606,0.6785994497270168
Dark,WRKY_1:12352095-12352344_non_binding_652,0.358824,170,2,12,719,276,-1.4923581098244298
Dark,WRKY_1:12352095-12352344_reference_binding_1954,0.352941,170,2,11,508,264,-1.0978669293300263
Dark,WRKY_1:12356279-12356528_binding_1225,0.317647,170,2,10,232,158,-0.47881263227735404
Dark,WRKY_1:12356279-12356528_non_binding_1428,0.323529,170,2,10,219,216,-0.04064498038279496
Dark,WRKY_1:12356279-12356528_non_binding_1460,0.323529,170,2,4,119,104,-0.22782036860396074
Dark,WRKY_1:12356279-12356528_non_binding_611,0.323529,170,2,14,324,217,-0.6012498787363824
Dark,WRKY_1:12356279-12356528_reference_binding_2045,0.323529,170,2,8,224,110,-0.8816896095803313
Dark,WRKY_1:12370715-12370964_non_binding_1406,0.382353,170,2,3,113,52,-0.9481600552367915
Dark,WRKY_1:12370715-12370964_non_binding_1670,0.394118,170,2,5,190,159,-0.11245350847013447
Dark,WRKY_1:12370715-12370964_non_binding_1707,0.411765,170,2,7,239,161,-0.4633649691394398
Dark,WRKY_1:12370715-12370964_non_binding_1727,0.4,170,2,2,123,222,0.8762976182221351
Dark,WRKY_1:12370715-12370964_non_binding_1749,0.4,170,2,4,95,117,0.15375594441610077
Dark,WRKY_1:12370715-12370964_reference_binding_2283,0.376471,170,2,2,78,77,-0.2986692650750426
Dark,WRKY_1:12465974-12466223_non_binding_1623,0.370588,170,2,9,385,589,0.6983668026689545
Dark,WRKY_1:12465974-12466223_non_binding_1811,0.394118,170,2,10,475,652,0.47174320257334795
Dark,WRKY_1:12465974-12466223_reference_binding_2330,0.364706,170,2,17,645,926,0.4910806126626478
Dark,WRKY_1:12473730-12473979_non_binding_1614,0.370588,170,2,12,571,1354,1.1628696335566553
Dark,WRKY_1:12473730-12473979_non_binding_1794,0.388235,170,2,10,257,487,1.1862749951809513
Dark,WRKY_1:12473730-12473979_reference_binding_2328,0.364706,170,2,20,670,1658,1.1176127437917658
Dark,WRKY_1:12548357-12548606_non_binding_1779,0.335294,170,2,3,156,112,-0.19341575766090727
Dark,WRKY_1:12548357-12548606_reference_binding_2367,0.317647,170,2,5,254,137,-0.8340791273979125
Dark,WRKY_1:12555942-12556191_non_binding_1758,0.352941,170,2,5,300,123,-1.3490838776165752
Dark,WRKY_1:12555942-12556191_non_binding_1841,0.347059,170,2,10,454,183,-1.252952793074697
Dark,WRKY_1:12555942-12556191_non_binding_892,0.311765,170,2,8,363,178,-0.8920472058235158
Dark,WRKY_1:12555942-12556191_reference_binding_2212,0.311765,170,2,7,398,223,-0.9178801986557065
Dark,WRKY_1:12577659-12577908_non_binding_1725,0.352941,170,2,13,513,319,-0.7867565260473024
Dark,WRKY_1:12577659-12577908_non_binding_690,0.311765,170,2,16,741,381,-0.9448928300540811
Dark,WRKY_1:12577659-12577908_non_binding_706,0.311765,170,2,13,935,496,-0.8201825186711423
Dark,WRKY_1:12577659-12577908_non_binding_866,0.305882,170,2,10,447,222,-0.9914383401952189
Dark,WRKY_1:12577659-12577908_reference_binding_2100,0.305882,170,2,20,871,747,-0.2960628536897659
Dark,WRKY_1:12722721-12722970_binding_1031,0.488235,170,2,15,633,717,0.2182443641124518
Dark,WRKY_1:12722721-12722970_binding_1174,0.482353,170,2,19,1051,1277,0.26643181361195434
Dark,WRKY_1:12722721-12722970_non_binding_1466,0.488235,170,2,15,764,624,-0.20893796669622203
Dark,WRKY_1:12722721-12722970_non_binding_1514,0.494118,170,2,16,727,765,0.18228254858708373
Dark,WRKY_1:12722721-12722970_non_binding_681,0.482353,170,2,20,757,857,0.11538087687558432
Dark,WRKY_1:12722721-12722970_non_binding_733,0.482353,170,2,16,725,653,-0.18767870234571915
Dark,WRKY_1:12722721-12722970_reference_binding_2094,0.488235,170,2,12,431,376,-0.3265893157184444
Dark,WRKY_1:12906139-12906388_binding_1200,0.276471,170,2,12,463,2305,2.3743138622224857
Dark,WRKY_1:12906139-12906388_non_binding_1397,0.276471,170,2,8,227,1363,2.573626755137794
Dark,WRKY_1:12906139-12906388_non_binding_1547,0.276471,170,2,12,401,2092,2.327524774134474
Dark,WRKY_1:12906139-12906388_non_binding_603,0.276471,170,2,10,478,1909,2.123010936039118
Dark,WRKY_1:12906139-12906388_reference_binding_2039,0.270588,170,2,10,377,2283,2.467751382262208
Dark,WRKY_1:12910299-12910548_non_binding_745,0.347059,170,2,7,328,354,0.20243467026191303
Dark,WRKY_1:12910299-12910548_reference_binding_2133,0.347059,170,2,4,93,133,0.6058961052301011
Dark,WRKY_1:12964688-12964937_non_binding_1504,0.341176,170,2,1,19,9,-0.9559912096130428
Dark,WRKY_1:12964688-12964937_non_binding_566,0.335294,170,2,1,64,59,-0.04811653240688067
Dark,WRKY_1:12964688-12964937_non_binding_629,0.335294,170,2,5,139,97,-0.47263156552435226
Dark,WRKY_1:12982928-12983177_binding_1279,0.311765,170,2,17,873,950,0.25199598595824685
Dark,WRKY_1:12982928-12983177_binding_26,0.352941,170,2,21,823,973,0.2017970963423622
Dark,WRKY_1:12982928-12983177_binding_300,0.358824,170,2,14,815,957,0.19932027841140032
Dark,WRKY_1:12982928-12983177_binding_377,0.347059,170,2,12,627,552,-0.19305728146931714
Dark,WRKY_1:12982928-12983177_binding_420,0.341176,170,2,12,520,662,0.5400636648857161
Dark,WRKY_1:12982928-12983177_non_binding_1515,0.311765,170,2,13,483,855,0.7579505286254103
Dark,WRKY_1:12982928-12983177_non_binding_876,0.317647,170,2,18,708,892,0.36725778871954806
Dark,WRKY_1:12982928-12983177_non_binding_937,0.311765,170,2,17,547,787,0.5993808976012492
Dark,WRKY_1:12982928-12983177_reference_binding_1899,0.317647,170,2,15,555,975,0.7308744962778961
Dark,WRKY_1:12996271-12996520_non_binding_814,0.370588,170,2,10,502,600,0.288149229007861
Dark,WRKY_1:12996271-12996520_reference_binding_2174,0.382353,170,2,10,445,4744,3.4028834086822624
Dark,WRKY_1:13042774-13043023_non_binding_1685,0.423529,170,2,8,340,217,-0.727080549697597
Dark,WRKY_1:13042774-13043023_non_binding_1712,0.435294,170,2,17,923,538,-0.7072913943596907
Dark,WRKY_1:13042774-13043023_reference_binding_2346,0.423529,170,2,16,543,1787,1.770319753808165
Dark,WRKY_1:13085643-13085892_non_binding_1861,0.382353,170,2,1,40,35,-0.0740442488264377
Dark,WRKY_1:13319354-13319603_binding_1242,0.276471,170,2,11,333,800,1.4574956107570507
Dark,WRKY_1:13319354-13319603_non_binding_1440,0.276471,170,2,9,213,587,1.3238934661700257
Dark,WRKY_1:13319354-13319603_non_binding_1481,0.276471,170,2,6,68,292,1.9535902559982712
Dark,WRKY_1:13319354-13319603_non_binding_1790,0.282353,170,2,6,106,218,1.1644164569717246
Dark,WRKY_1:13319354-13319603_non_binding_642,0.264706,170,2,13,346,783,1.1658863919078126
Dark,WRKY_1:13319354-13319603_non_binding_723,0.270588,170,2,11,275,675,1.228669052813998
Dark,WRKY_1:13319354-13319603_reference_binding_2068,0.270588,170,2,8,228,458,1.0135420506786788
Dark,WRKY_1:13381418-13381667_non_binding_965,0.370588,170,2,13,577,639,0.1348722372896642
Dark,WRKY_1:13381418-13381667_reference_binding_2241,0.370588,170,2,18,832,2640,1.6115645634438431
Dark,WRKY_1:13384923-13385172_non_binding_1389,0.352941,170,2,10,331,159,-1.0892996899681968
Dark,WRKY_1:13384923-13385172_non_binding_1509,0.341176,170,2,7,376,131,-1.2616815192752044
Dark,WRKY_1:13384923-13385172_non_binding_1668,0.352941,170,2,15,541,395,-0.331458735662548
Dark,WRKY_1:13384923-13385172_non_binding_1698,0.358824,170,2,19,654,466,-0.5987012433038554
Dark,WRKY_1:13384923-13385172_non_binding_700,0.341176,170,2,9,391,100,-1.770296635629292
Dark,WRKY_1:13384923-13385172_reference_binding_2106,0.347059,170,2,15,465,294,-0.7396982068070277
Dark,WRKY_1:13440603-13440852_non_binding_883,0.405882,170,2,10,521,232,-1.0264353082076711
Dark,WRKY_1:13440603-13440852_reference_binding_2209,0.411765,170,2,11,576,342,-0.7536101761406186
Dark,WRKY_1:13463232-13463481_non_binding_1628,0.364706,170,2,3,81,106,0.8563473842934796
Dark,WRKY_1:13463232-13463481_non_binding_602,0.364706,170,2,2,123,87,-0.2858487046831619
Dark,WRKY_1:13463232-13463481_non_binding_672,0.358824,170,2,6,177,236,0.36609723104607905
Dark,WRKY_1:13463232-13463481_reference_binding_2038,0.358824,170,2,6,170,443,1.208951226453871
Dark,WRKY_1:13498411-13498660_non_binding_778,0.341176,170,2,6,260,80,-1.382123580743151
Dark,WRKY_1:13498411-13498660_non_binding_874,0.347059,170,2,8,345,181,-0.9327175272245264
Dark,WRKY_1:13498411-13498660_reference_binding_2154,0.341176,170,2,6,243,134,-0.9939575016940644
Dark,WRKY_1:13509554-13509803_non_binding_596,0.329412,170,2,17,579,1478,1.2715061137871078
Dark,WRKY_1:13509554-13509803_non_binding_972,0.329412,170,2,13,649,1535,1.2332988229641204
Dark,WRKY_1:13509554-13509803_reference_binding_2033,0.329412,170,2,10,380,857,1.2356277409304548
Dark,WRKY_1:13541724-13541973_non_binding_504,0.452941,170,2,8,466,725,0.6237049830021648
Dark,WRKY_1:13541724-13541973_non_binding_580,0.458824,170,2,6,229,349,0.4347110709660933
Dark,WRKY_1:13541724-13541973_reference_binding_1959,0.458824,170,2,11,410,1942,2.366144612289425
Dark,WRKY_1:13568910-13569159_non_binding_834,0.341176,170,2,4,154,183,0.1265144759250821
Dark,WRKY_1:13568910-13569159_non_binding_977,0.335294,170,2,4,155,154,-0.025492609977266115
Dark,WRKY_1:13568910-13569159_reference_binding_2187,0.347059,170,2,6,236,306,0.20660929867543865
Dark,WRKY_1:13669619-13669868_non_binding_1652,0.341176,170,2,4,241,67,-1.4833688015554578
Dark,WRKY_1:13669619-13669868_reference_binding_2334,0.329412,170,2,4,210,32,-2.2730287941041123
Dark,WRKY_1:13700955-13701204_non_binding_1806,0.417647,170,2,3,203,61,-1.385403934431922
Dark,WRKY_1:13700955-13701204_non_binding_625,0.382353,170,2,3,85,25,-1.3094399892273603
Dark,WRKY_1:13700955-13701204_reference_binding_2054,0.382353,170,2,2,42,20,-1.2511353957724323
Dark,WRKY_1:13713037-13713286_non_binding_1844,0.423529,170,2,6,401,140,-1.4284737343859697
Dark,WRKY_1:13713037-13713286_reference_binding_2373,0.423529,170,2,4,155,88,-0.9568535498477733
Dark,WRKY_1:13831601-13831850_non_binding_588,0.311765,170,2,11,424,421,0.11062948331741451
Dark,WRKY_1:13831601-13831850_reference_binding_2029,0.305882,170,2,8,244,346,0.4662675037496566
Dark,WRKY_1:13888927-13889176_non_binding_524,0.311765,170,2,16,681,464,-0.42259276543463486
Dark,WRKY_1:13888927-13889176_reference_binding_1977,0.317647,170,2,11,396,290,-0.5809185806127618
Dark,WRKY_1:14189352-14189601_binding_1027,0.411765,170,2,12,381,464,0.3136572729527589
Dark,WRKY_1:14189352-14189601_non_binding_1594,0.417647,170,2,9,327,250,-0.37449590419618417
Dark,WRKY_1:14189352-14189601_non_binding_899,0.423529,170,2,8,552,367,-0.47097546037366755
Dark,WRKY_1:14189352-14189601_reference_binding_2215,0.417647,170,2,11,536,566,0.13976511992014146
Dark,WRKY_1:14434586-14434835_binding_1108,0.447059,170,1,1,35,10,-1.716427568333206
Dark,WRKY_1:14434586-14434835_non_binding_837,0.458824,170,2,10,614,130,-2.1318302107513336
Dark,WRKY_1:14434586-14434835_reference_binding_2189,0.452941,170,2,11,607,160,-1.7459001492914095
Dark,WRKY_1:14438375-14438624_non_binding_586,0.511765,170,2,13,759,271,-1.4136450387996624
Dark,WRKY_1:14438375-14438624_reference_binding_2027,0.517647,170,2,18,485,277,-1.0013466503070214
Dark,WRKY_1:1464374-1464623_binding_1153,0.388235,170,2,6,143,105,-0.6043565956205534
Dark,WRKY_1:1464374-1464623_binding_1188,0.388235,170,2,8,321,203,-0.5046942016588094
Dark,WRKY_1:1464374-1464623_non_binding_1564,0.394118,170,2,7,365,213,-0.8190755927973923
Dark,WRKY_1:1464374-1464623_non_binding_1772,0.4,170,2,3,117,95,-0.44613095584215656
Dark,WRKY_1:1464374-1464623_non_binding_1847,0.405882,170,2,8,316,226,-0.5398013145882443
Dark,WRKY_1:1464374-1464623_non_binding_669,0.4,170,2,15,591,468,-0.36419583669719024
Dark,WRKY_1:1464374-1464623_reference_binding_2087,0.394118,170,2,7,259,108,-1.2905441434227796
Dark,WRKY_1:14657743-14657992_binding_1145,0.323529,170,2,11,454,855,0.8086325404749394
Dark,WRKY_1:14657743-14657992_non_binding_808,0.323529,170,2,9,301,349,0.18415252219103861
Dark,WRKY_1:14657743-14657992_reference_binding_2170,0.317647,170,2,18,859,1431,0.7749622372065601
Dark,WRKY_1:1473365-1473614_non_binding_1494,0.364706,170,2,3,29,27,-0.21239601943357383
Dark,WRKY_1:1473365-1473614_non_binding_1620,0.358824,170,1,3,41,44,-0.0058917040798074916
Dark,WRKY_1:1473365-1473614_non_binding_1864,0.4,170,2,9,181,107,-0.8108741921974816
Dark,WRKY_1:1473365-1473614_non_binding_823,0.352941,170,2,2,42,34,-0.056555962045813285
Dark,WRKY_1:1473365-1473614_reference_binding_2179,0.358824,170,2,2,21,27,0.3375168701315226
Dark,WRKY_1:1475442-1475691_binding_1078,0.394118,170,2,8,362,142,-1.2146696345455066
Dark,WRKY_1:1475442-1475691_reference_binding_1961,0.4,170,2,11,535,299,-0.8633753231868924
Dark,WRKY_1:14818736-14818985_non_binding_1601,0.429412,170,2,8,250,178,-0.641270440200289
Dark,WRKY_1:14818736-14818985_reference_binding_2325,0.429412,170,2,16,718,539,-0.20608200306515714
Dark,WRKY_1:14853236-14853485_non_binding_676,0.464706,170,2,5,108,77,-0.3764362196433879
Dark,WRKY_1:14853236-14853485_non_binding_722,0.452941,170,2,8,260,202,-0.21682088719625625
Dark,WRKY_1:14853236-14853485_non_binding_956,0.458824,170,2,1,68,74,0.10385814682226752
Dark,WRKY_1:14853236-14853485_reference_binding_2091,0.458824,170,2,11,304,304,0.08819420527987906
Dark,WRKY_1:15001579-15001828_non_binding_626,0.294118,170,2,7,357,530,0.35171706633441907
Dark,WRKY_1:15001579-15001828_reference_binding_2055,0.288235,170,2,6,257,429,1.0486068665470947
Dark,WRKY_1:15006264-15006513_non_binding_1657,0.352941,170,2,15,646,931,0.6701069882279186
Dark,WRKY_1:15006264-15006513_non_binding_659,0.323529,170,2,9,282,433,0.5369911840152564
Dark,WRKY_1:15006264-15006513_non_binding_851,0.329412,170,2,7,296,264,-0.06035152710419095
Dark,WRKY_1:15006264-15006513_non_binding_917,0.323529,170,2,6,246,287,0.24130621134983843
Dark,WRKY_1:15006264-15006513_reference_binding_2079,0.329412,170,2,8,209,291,0.6359553014988051
Dark,WRKY_1:1509751-1510000_non_binding_1512,0.317647,170,2,10,407,443,0.23270811240485034
Dark,WRKY_1:1509751-1510000_reference_binding_2309,0.311765,170,2,13,465,519,0.17315123451492645
Dark,WRKY_1:15218559-15218808_binding_226,0.4,170,2,16,584,1354,1.0876255459303983
Dark,WRKY_1:15218559-15218808_binding_355,0.405882,170,2,6,199,608,1.771916427727673
Dark,WRKY_1:15218559-15218808_binding_360,0.405882,170,2,14,450,1057,1.1241965628682218
Dark,WRKY_1:15218559-15218808_binding_70,0.394118,170,2,13,382,601,0.8737456627735658
Dark,WRKY_1:15218559-15218808_non_binding_840,0.4,170,2,14,482,527,0.3228600834362511
Dark,WRKY_1:15292705-15292954_non_binding_533,0.388235,170,2,8,358,121,-1.6383183114289073
Dark,WRKY_1:15292705-15292954_reference_binding_1986,0.382353,170,2,8,519,251,-0.9816254384529471
Dark,WRKY_1:15295037-15295286_binding_1198,0.435294,170,2,9,447,335,-0.5505749372993922
Dark,WRKY_1:15295037-15295286_binding_1267,0.429412,170,2,6,287,208,-0.5431696483422402
Dark,WRKY_1:15295037-15295286_binding_1345,0.429412,170,2,7,260,213,-0.24820698602946267
Dark,WRKY_1:15295037-15295286_non_binding_689,0.429412,170,2,7,340,232,-0.4366786888153782
Dark,WRKY_1:15295037-15295286_reference_binding_2099,0.429412,170,2,7,185,124,-0.48925457340346723
Dark,WRKY_1:15314714-15314963_binding_0,0.388235,170,2,21,515,1046,0.9277895077972256
Dark,WRKY_1:15314714-15314963_binding_1220,0.394118,170,2,17,587,1807,1.5328717497618596
Dark,WRKY_1:15314714-15314963_binding_1331,0.4,170,2,16,524,915,0.803662969086089
Dark,WRKY_1:15314714-15314963_binding_239,0.394118,170,2,10,333,663,0.9467507466832282
Dark,WRKY_1:15314714-15314963_binding_357,0.388235,170,2,22,549,1259,1.2919242779724696
Dark,WRKY_1:15314714-15314963_binding_496,0.394118,170,2,17,682,1559,1.1892741663282158
Dark,WRKY_1:15314714-15314963_non_binding_1452,0.382353,170,2,14,538,924,0.8189559162004757
Dark,WRKY_1:15314714-15314963_non_binding_558,0.394118,170,2,14,501,852,0.9293250025360019
Dark,WRKY_1:15314714-15314963_non_binding_634,0.394118,170,2,11,408,671,0.6835588201857908
Dark,WRKY_1:15314714-15314963_non_binding_968,0.388235,170,2,14,400,978,1.1771268311731296
Dark,WRKY_1:15314714-15314963_reference_binding_1880,0.388235,170,2,19,759,1495,1.101278010740133
Dark,WRKY_1:15390808-15391057_binding_1077,0.388235,170,2,8,300,162,-1.0774922022189637
Dark,WRKY_1:15393140-15393389_binding_1033,0.435294,170,2,3,174,113,-0.6419460447322589
Dark,WRKY_1:15393140-15393389_non_binding_818,0.429412,170,2,7,339,215,-0.519960238359702
Dark,WRKY_1:15621473-15621722_binding_1000,0.435294,170,2,5,235,119,-0.9002320918193275
Dark,WRKY_1:15621473-15621722_binding_1079,0.447059,170,2,8,328,345,8.727313975004092e-4
Dark,WRKY_1:15621473-15621722_binding_1107,0.447059,170,2,3,153,154,-0.12861178775195026
Dark,WRKY_1:15621473-15621722_non_binding_906,0.441176,170,2,3,104,62,-0.5073130695624022
Dark,WRKY_1:15621473-15621722_reference_binding_2219,0.441176,170,2,5,178,268,0.6508913438652758
Dark,WRKY_1:1576141-1576390_non_binding_686,0.323529,170,2,17,450,493,0.17583263739192279
Dark,WRKY_1:1576141-1576390_non_binding_873,0.329412,170,2,10,409,331,-0.36961720214424365
Dark,WRKY_1:1576141-1576390_reference_binding_2096,0.329412,170,2,19,642,557,-0.06661488216861407
Dark,WRKY_1:15963313-15963562_binding_1111,0.435294,170,2,10,405,184,-0.8968302852064133
Dark,WRKY_1:15963313-15963562_non_binding_1441,0.435294,170,2,5,262,99,-1.3419723758331288
Dark,WRKY_1:15963313-15963562_reference_binding_2267,0.441176,170,2,6,380,273,-0.5126206109477925
Dark,WRKY_1:16013778-16014027_non_binding_651,0.470588,170,2,16,459,432,-0.23007633586928813
Dark,WRKY_1:16013778-16014027_reference_binding_2073,0.476471,170,2,22,1043,856,-0.25973125118356977
Dark,WRKY_1:16052861-16053110_binding_1209,0.364706,170,2,12,384,480,0.27426908368850844
Dark,WRKY_1:16052861-16053110_binding_1255,0.364706,170,2,12,588,575,0.0471634200425034
Dark,WRKY_1:16052861-16053110_binding_1290,0.370588,170,2,12,433,551,0.19200599424557374
Dark,WRKY_1:16052861-16053110_binding_1332,0.358824,170,2,12,600,744,0.4406720240011295
Dark,WRKY_1:16052861-16053110_binding_1377,0.370588,170,2,13,500,648,0.33755434175670657
Dark,WRKY_1:16052861-16053110_binding_256,0.347059,170,2,8,205,266,0.17192573961545604
Dark,WRKY_1:16052861-16053110_binding_270,0.341176,170,2,10,404,361,0.2545993115176429
Dark,WRKY_1:16052861-16053110_binding_310,0.347059,170,2,9,338,425,0.3677668157765555
Dark,WRKY_1:16052861-16053110_binding_314,0.341176,170,2,15,665,604,-0.2513114898858928
Dark,WRKY_1:16052861-16053110_binding_327,0.352941,170,2,8,345,393,0.1446534196002326
Dark,WRKY_1:16052861-16053110_binding_348,0.341176,170,2,9,407,480,0.25366627579968853
Dark,WRKY_1:16052861-16053110_binding_383,0.341176,170,2,15,503,683,0.38807932619567725
Dark,WRKY_1:16052861-16053110_binding_39,0.358824,170,2,9,340,335,0.08742557053237202
Dark,WRKY_1:16052861-16053110_binding_442,0.347059,170,2,10,307,417,0.29560705349938776
Dark,WRKY_1:16052861-16053110_binding_453,0.347059,170,2,11,511,537,0.11611889719587443
Dark,WRKY_1:16052861-16053110_binding_454,0.341176,170,2,11,379,694,0.8757122917382585
Dark,WRKY_1:16052861-16053110_reference_binding_1904,0.358824,170,2,6,173,191,0.0774346639698198
Dark,WRKY_1:16068252-16068501_non_binding_735,0.252941,170,2,8,344,381,0.45355011846430093
Dark,WRKY_1:16068252-16068501_non_binding_936,0.258824,170,2,14,639,829,0.4631200567796342
Dark,WRKY_1:16068252-16068501_reference_binding_2126,0.247059,170,2,12,543,578,0.3996694280691404
Dark,WRKY_1:16105048-16105297_non_binding_1688,0.394118,170,2,10,258,222,-0.09475412488169449
Dark,WRKY_1:16105048-16105297_non_binding_1770,0.388235,170,2,7,388,398,0.17253924642928098
Dark,WRKY_1:16105048-16105297_non_binding_519,0.4,170,2,7,338,146,-1.1868349907551625
Dark,WRKY_1:16105048-16105297_non_binding_854,0.4,170,2,7,380,157,-0.9660695002369538
Dark,WRKY_1:16105048-16105297_reference_binding_1972,0.4,170,2,9,494,287,-0.6865115871250109
Dark,WRKY_1:16108814-16109063_non_binding_1690,0.405882,170,2,12,491,720,0.5601962091807573
Dark,WRKY_1:16108814-16109063_reference_binding_2348,0.394118,170,2,13,573,785,0.5360356590863362
Dark,WRKY_1:1613221-1613470_binding_6,0.370588,170,2,11,340,295,-0.0966276705386837
Dark,WRKY_1:1613221-1613470_reference_binding_1885,0.358824,170,2,11,255,771,1.6280841183863353
Dark,WRKY_1:16147487-16147736_non_binding_617,0.335294,170,2,1,44,36,0.14815696044250357
Dark,WRKY_1:16147487-16147736_reference_binding_2050,0.335294,170,2,2,82,305,1.6066268555851755
Dark,WRKY_1:16285824-16286073_non_binding_1577,0.341176,170,2,3,148,68,-1.0597345819431512
Dark,WRKY_1:16297806-16298055_non_binding_1694,0.376471,170,2,1,61,5,-2.29191651567776
Dark,WRKY_1:16297806-16298055_non_binding_655,0.329412,170,2,1,15,14,0.23429143139780925
Dark,WRKY_1:16297806-16298055_non_binding_720,0.335294,170,1,2,36,27,-0.32411014555444595
Dark,WRKY_1:16297806-16298055_non_binding_987,0.341176,170,2,2,102,27,-1.6969067114099738
Dark,WRKY_1:16297806-16298055_reference_binding_2075,0.335294,170,1,1,18,6,-1.692733818820177
Dark,WRKY_1:16322885-16323134_non_binding_1412,0.358824,170,2,16,523,3893,2.8306878775503344
Dark,WRKY_1:16322885-16323134_non_binding_1450,0.370588,170,2,29,995,6433,2.6159161726804046
Dark,WRKY_1:16322885-16323134_non_binding_1735,0.376471,170,2,21,627,5263,3.0469666153788992
Dark,WRKY_1:16322885-16323134_reference_binding_2286,0.364706,170,2,14,590,4792,3.0837523070223942
Dark,WRKY_1:16381393-16381642_non_binding_542,0.452941,170,2,2,59,51,-0.45454579522314487
Dark,WRKY_1:16381393-16381642_non_binding_727,0.458824,170,2,4,162,161,-0.12176530783877904
Dark,WRKY_1:16381393-16381642_non_binding_895,0.452941,170,2,3,144,80,-0.9895059454244419
Dark,WRKY_1:16381393-16381642_reference_binding_1992,0.452941,170,2,6,321,221,-0.5584198450798572
Dark,WRKY_1:16492611-16492860_non_binding_871,0.341176,170,2,5,176,289,0.7041287890172514
Dark,WRKY_1:16492611-16492860_reference_binding_2204,0.352941,170,2,8,234,439,0.8089716451109447
Dark,WRKY_1:16512417-16512666_non_binding_1548,0.3,170,2,5,231,149,-0.6158638197995927
Dark,WRKY_1:16512417-16512666_non_binding_1738,0.329412,170,2,14,552,376,-0.5190557880981059
Dark,WRKY_1:16512417-16512666_non_binding_1822,0.329412,170,2,8,257,120,-0.9019590792632235
Dark,WRKY_1:16512859-16513108_binding_1039,0.317647,170,2,1,96,56,-0.6047445211585094
Dark,WRKY_1:16512859-16513108_non_binding_1824,0.335294,170,2,2,33,31,0.3615166126057432
Dark,WRKY_1:16512859-16513108_non_binding_668,0.317647,170,2,2,105,74,-0.5023595015568695
Dark,WRKY_1:16512859-16513108_non_binding_713,0.305882,170,2,4,124,56,-0.906389095422383
Dark,WRKY_1:16512859-16513108_non_binding_973,0.311765,170,2,1,53,22,-1.3174586190453763
Dark,WRKY_1:16512859-16513108_reference_binding_2086,0.311765,170,2,4,95,121,0.2731442349609356
Dark,WRKY_1:16521553-16521802_non_binding_1709,0.341176,170,2,7,156,191,0.26782155348442216
Dark,WRKY_1:16521553-16521802_non_binding_578,0.288235,170,2,8,310,148,-0.9752564362524583
Dark,WRKY_1:16521553-16521802_non_binding_684,0.3,170,2,8,451,217,-0.9656014109493669
Dark,WRKY_1:16521553-16521802_reference_binding_2021,0.294118,170,2,3,79,68,-0.3993795235778057
Dark,WRKY_1:16550934-16551183_non_binding_1501,0.276471,170,2,8,249,307,0.35942991643220495
Dark,WRKY_1:16550934-16551183_non_binding_1563,0.282353,170,2,7,189,350,0.6487152789846521
Dark,WRKY_1:16550934-16551183_non_binding_705,0.282353,170,2,5,176,277,0.5135407427181026
Dark,WRKY_1:16550934-16551183_non_binding_793,0.282353,170,2,6,343,382,0.3248864560132302
Dark,WRKY_1:16550934-16551183_reference_binding_2111,0.276471,170,2,12,566,868,0.6660947739400996
Dark,WRKY_1:16557330-16557579_non_binding_1865,0.435294,170,2,11,417,1033,1.4141333782859975
Dark,WRKY_1:16557330-16557579_reference_binding_2377,0.441176,170,2,13,422,1299,1.656926001993127
Dark,WRKY_1:16673765-16674014_non_binding_953,0.305882,170,2,1,21,54,1.1380085715993404
Dark,WRKY_1:16747321-16747570_non_binding_541,0.388235,170,2,5,295,82,-1.8498718621223178
Dark,WRKY_1:16747321-16747570_reference_binding_1991,0.394118,170,2,6,245,130,-0.8255030855780019
Dark,WRKY_1:1680021-1680270_binding_1230,0.376471,170,2,5,169,308,1.334843331625605
Dark,WRKY_1:1680021-1680270_binding_244,0.4,170,2,11,336,1590,2.2887803120607053
Dark,WRKY_1:1680021-1680270_binding_245,0.394118,170,2,9,316,914,1.543586261861668
Dark,WRKY_1:1680021-1680270_binding_293,0.388235,170,2,9,380,1718,2.2044672038440294
Dark,WRKY_1:1680021-1680270_binding_364,0.388235,170,2,10,413,1719,2.011142399104145
Dark,WRKY_1:1680021-1680270_binding_4,0.394118,170,2,7,255,729,1.3935611797174157
Dark,WRKY_1:1680021-1680270_binding_473,0.388235,170,2,7,177,599,1.6625001510639148
Dark,WRKY_1:1680021-1680270_binding_92,0.388235,170,2,5,248,867,1.8937164038836463
Dark,WRKY_1:1680021-1680270_non_binding_1632,0.4,170,2,6,178,668,1.946492421676807
Dark,WRKY_1:1680021-1680270_non_binding_1868,0.388235,170,2,5,108,432,2.098318701527214
Dark,WRKY_1:1680021-1680270_non_binding_609,0.382353,170,2,15,620,1176,0.9119387720289416
Dark,WRKY_1:1680021-1680270_reference_binding_1883,0.382353,170,2,7,230,841,1.7850256444155768
Dark,WRKY_1:16806154-16806403_non_binding_1482,0.182353,170,2,9,332,545,0.5667932538005902
Dark,WRKY_1:16806154-16806403_non_binding_1493,0.176471,170,2,9,439,906,0.8988329696535434
Dark,WRKY_1:16806154-16806403_non_binding_1708,0.211765,170,2,12,379,649,0.7124114142589562
Dark,WRKY_1:16806154-16806403_non_binding_1739,0.211765,170,2,7,187,273,0.5450390154261312
Dark,WRKY_1:16806154-16806403_non_binding_1860,0.217647,170,2,10,548,963,0.8443461478159047
Dark,WRKY_1:16806154-16806403_non_binding_683,0.182353,170,2,2,33,111,1.4143777212996302
Dark,WRKY_1:16806154-16806403_reference_binding_2095,0.176471,170,2,4,142,236,0.5982216013777396
Dark,WRKY_1:16896291-16896540_binding_1215,0.270588,170,2,5,153,668,2.3669816751572856
Dark,WRKY_1:16896291-16896540_non_binding_801,0.270588,170,2,11,243,776,1.7346500559906155
Dark,WRKY_1:16896291-16896540_non_binding_925,0.276471,170,2,7,419,1322,1.6351860565925231
Dark,WRKY_1:16896291-16896540_reference_binding_2166,0.264706,170,2,9,408,2187,2.4459013333477078
Dark,WRKY_1:16929062-16929311_non_binding_1678,0.323529,170,2,3,68,41,-0.9885262102143365
Dark,WRKY_1:16929062-16929311_non_binding_1722,0.335294,170,2,1,120,50,-1.1649017977700495
Dark,WRKY_1:16929062-16929311_non_binding_1869,0.335294,170,2,2,264,229,-0.07494225494014849
Dark,WRKY_1:16929062-16929311_reference_binding_2343,0.305882,170,2,3,86,44,-0.7111250570895284
Dark,WRKY_1:16934871-16935120_non_binding_1519,0.3,170,2,5,136,182,0.6159138908803369
Dark,WRKY_1:16934871-16935120_non_binding_1560,0.294118,170,2,9,237,277,0.5889543329540929
Dark,WRKY_1:16934871-16935120_non_binding_560,0.294118,170,2,10,442,351,-0.44772105745815227
Dark,WRKY_1:16934871-16935120_reference_binding_2004,0.294118,170,2,14,464,630,0.3433058574422676
Dark,WRKY_1:17108019-17108268_binding_1232,0.223529,170,2,7,232,462,0.853417459273059
Dark,WRKY_1:17108019-17108268_reference_binding_2277,0.217647,170,2,6,200,338,0.8323445412742865
Dark,WRKY_1:17199688-17199937_binding_1118,0.411765,170,2,10,446,315,-0.4377351953114622
Dark,WRKY_1:17199688-17199937_binding_1265,0.411765,170,2,6,262,252,0.01753635172264796
Dark,WRKY_1:17199688-17199937_reference_binding_2268,0.417647,170,2,8,285,182,-0.8240067410135968
Dark,WRKY_1:17248348-17248597_non_binding_1848,0.488235,170,2,9,358,250,-0.5684833781304467
Dark,WRKY_1:17248348-17248597_non_binding_707,0.5,170,2,10,355,128,-1.4094297567351148
Dark,WRKY_1:17248348-17248597_non_binding_933,0.505882,170,2,13,697,262,-1.4176407627667267
Dark,WRKY_1:17248348-17248597_reference_binding_2112,0.5,170,2,11,647,318,-1.0017150440617977
Dark,WRKY_1:17291279-17291528_non_binding_1728,0.305882,170,2,5,100,130,0.3443244907463773
Dark,WRKY_1:17291279-17291528_non_binding_950,0.282353,170,2,5,78,69,-0.1091918903464858
Dark,WRKY_1:17291279-17291528_reference_binding_2235,0.276471,170,2,6,223,200,-0.16400540991981125
Dark,WRKY_1:17320948-17321197_non_binding_1431,0.370588,170,2,9,459,261,-0.6767408822627905
Dark,WRKY_1:17320948-17321197_non_binding_1472,0.370588,170,2,10,449,312,-0.5379813575276776
Dark,WRKY_1:17320948-17321197_non_binding_893,0.376471,170,2,12,554,396,-0.5180827186469052
Dark,WRKY_1:17320948-17321197_non_binding_913,0.388235,170,2,5,160,72,-0.7593947644383161
Dark,WRKY_1:17320948-17321197_non_binding_929,0.376471,170,2,7,291,105,-1.2500369131982088
Dark,WRKY_1:17320948-17321197_reference_binding_2213,0.370588,170,2,8,268,146,-0.6011063252410784
Dark,WRKY_1:17474254-17474503_binding_1044,0.394118,170,2,22,1026,327,-1.370801535532482
Dark,WRKY_1:17474254-17474503_binding_43,0.388235,170,2,11,414,149,-1.3390202680676482
Dark,WRKY_1:17474254-17474503_non_binding_1476,0.405882,170,2,17,947,264,-1.671852026177465
Dark,WRKY_1:17474254-17474503_non_binding_1673,0.405882,170,2,12,744,200,-1.7954727362320062
Dark,WRKY_1:17474254-17474503_non_binding_923,0.405882,170,2,16,722,260,-1.450948242802689
Dark,WRKY_1:17474254-17474503_reference_binding_1908,0.4,170,2,25,1084,374,-1.5893715628349354
Dark,WRKY_1:17508337-17508586_non_binding_1742,0.423529,170,2,17,818,1004,0.21332838100578572
Dark,WRKY_1:17508337-17508586_non_binding_1764,0.429412,170,2,6,379,259,-0.5772174274874846
Dark,WRKY_1:17508337-17508586_non_binding_702,0.405882,170,2,14,527,235,-1.0177795651867294
Dark,WRKY_1:17508337-17508586_non_binding_928,0.4,170,2,17,799,290,-1.4551106470471553
Dark,WRKY_1:17508337-17508586_reference_binding_2108,0.4,170,2,19,640,681,0.1318680769054997
Dark,WRKY_1:17516532-17516781_non_binding_1729,0.458824,170,2,23,954,815,-0.3154806823050166
Dark,WRKY_1:17516532-17516781_non_binding_1807,0.441176,170,2,10,294,213,-0.24316817373283162
Dark,WRKY_1:17516532-17516781_non_binding_641,0.417647,170,2,13,600,333,-0.6706369732476333
Dark,WRKY_1:17516532-17516781_reference_binding_2067,0.423529,170,2,14,721,887,0.44830312085317925
Dark,WRKY_1:17523015-17523264_binding_1171,0.4,170,2,7,360,140,-1.5189527899512263
Dark,WRKY_1:17523015-17523264_non_binding_1386,0.405882,170,2,5,196,53,-1.9083779516233328
Dark,WRKY_1:17523015-17523264_non_binding_551,0.405882,170,2,7,371,87,-1.777620120023083
Dark,WRKY_1:17523015-17523264_non_binding_804,0.394118,170,2,6,419,92,-1.924902486908607
Dark,WRKY_1:17523015-17523264_reference_binding_1999,0.405882,170,2,10,757,215,-1.8921801248565706
Dark,WRKY_1:17606693-17606942_non_binding_1732,0.382353,170,2,2,75,36,-1.0468297807127267
Dark,WRKY_1:17606693-17606942_reference_binding_2344,0.341176,170,2,2,37,36,-0.06790339802783263
Dark,WRKY_1:17663270-17663519_non_binding_1710,0.394118,170,2,21,907,2775,1.553261202201779
Dark,WRKY_1:17663270-17663519_reference_binding_2350,0.364706,170,2,14,607,1648,1.507428706942149
Dark,WRKY_1:17688133-17688382_non_binding_1699,0.358824,170,2,5,188,129,-0.5775417651076227
Dark,WRKY_1:17688133-17688382_non_binding_1705,0.352941,170,2,6,264,115,-1.5236752505464914
Dark,WRKY_1:17688133-17688382_non_binding_1867,0.358824,170,2,6,247,88,-1.5041399589255933
Dark,WRKY_1:17688133-17688382_non_binding_862,0.358824,170,2,8,368,168,-1.113603607385239
Dark,WRKY_1:17688133-17688382_reference_binding_2199,0.358824,170,2,5,223,123,-0.9537048823524187
Dark,WRKY_1:1777611-1777860_non_binding_657,0.358824,170,2,8,316,206,-0.8139189612605382
Dark,WRKY_1:1777611-1777860_non_binding_709,0.352941,170,2,9,463,314,-0.46502329462560954
Dark,WRKY_1:1777611-1777860_reference_binding_2077,0.358824,170,2,4,106,96,-0.27549633777057103
Dark,WRKY_1:17827374-17827623_non_binding_1500,0.411765,170,2,6,218,92,-1.3744561639507153
Dark,WRKY_1:17827374-17827623_reference_binding_2307,0.417647,170,1,1,5,8,0.5703005870136167
Dark,WRKY_1:1793949-1794198_binding_332,0.364706,170,2,14,338,869,1.2622159841073775
Dark,WRKY_1:1793949-1794198_binding_393,0.370588,170,2,16,544,1774,1.613919325805174
Dark,WRKY_1:1793949-1794198_non_binding_742,0.358824,170,2,10,359,402,0.18664133650419804
Dark,WRKY_1:1793949-1794198_non_binding_954,0.370588,170,2,13,462,897,0.93584738474988
Dark,WRKY_1:1793949-1794198_reference_binding_1949,0.364706,170,2,14,403,961,1.3122673347848017
Dark,WRKY_1:18034927-18035176_non_binding_635,0.323529,170,2,8,317,308,-0.10943056300618767
Dark,WRKY_1:18034927-18035176_non_binding_783,0.323529,170,2,7,246,121,-0.8421757111069965
Dark,WRKY_1:18034927-18035176_reference_binding_2061,0.317647,170,2,9,323,355,-0.03197508685962852
Dark,WRKY_1:18081554-18081803_non_binding_1751,0.417647,170,2,11,452,450,-0.014494766091546263
Dark,WRKY_1:18081554-18081803_non_binding_711,0.411765,170,2,11,509,467,-0.2298724913988932
Dark,WRKY_1:18081554-18081803_reference_binding_2115,0.405882,170,2,4,160,116,-0.2403955320672066
Dark,WRKY_1:18161703-18161952_binding_1022,0.435294,170,2,7,375,279,-0.23747383470092326
Dark,WRKY_1:18161703-18161952_reference_binding_2256,0.429412,170,2,3,168,95,-0.7698727484817638
Dark,WRKY_1:18166097-18166346_binding_1101,0.476471,170,2,5,178,146,-0.4582371650817918
Dark,WRKY_1:18166097-18166346_binding_1146,0.470588,170,2,3,142,67,-1.1525961565122609
Dark,WRKY_1:18166097-18166346_binding_214,0.494118,170,2,8,279,262,-0.11798610739541657
Dark,WRKY_1:18166097-18166346_binding_74,0.494118,170,2,4,143,130,-0.19767779381417652
Dark,WRKY_1:18166097-18166346_reference_binding_1921,0.476471,170,2,4,152,146,-0.04694424129582565
Dark,WRKY_1:18246962-18247211_binding_153,0.376471,170,2,11,595,2852,2.3509798520650005
Dark,WRKY_1:18246962-18247211_binding_365,0.364706,170,2,12,656,2389,1.8028797473540656
Dark,WRKY_1:18246962-18247211_binding_60,0.388235,170,2,5,245,1137,2.3816814846397474
Dark,WRKY_1:18246962-18247211_binding_71,0.382353,170,2,6,287,1043,1.9313472297333585
Dark,WRKY_1:18246962-18247211_non_binding_1511,0.358824,170,2,8,386,360,-0.19088550355769757
Dark,WRKY_1:18246962-18247211_reference_binding_1915,0.358824,170,2,5,343,416,0.3795153235322367
Dark,WRKY_1:18349020-18349269_non_binding_1766,0.264706,170,2,9,306,452,0.4404657015303607
Dark,WRKY_1:18349020-18349269_reference_binding_2363,0.235294,170,2,7,272,451,0.5807174673766317
Dark,WRKY_1:1860873-1861122_non_binding_1470,0.247059,170,2,11,342,1314,1.8929996454330014
Dark,WRKY_1:1860873-1861122_non_binding_1796,0.288235,170,2,15,403,955,1.3669980761719318
Dark,WRKY_1:1860873-1861122_reference_binding_2300,0.252941,170,2,13,445,1387,1.584365515726333
Dark,WRKY_1:18612383-18612632_non_binding_1390,0.447059,170,2,9,417,133,-1.5246539899966733
Dark,WRKY_1:18612383-18612632_non_binding_653,0.441176,170,2,5,118,36,-1.4697986135553083
Dark,WRKY_1:18612383-18612632_reference_binding_2074,0.447059,170,2,7,375,114,-1.722257361749682
Dark,WRKY_1:18651215-18651464_non_binding_607,0.341176,170,2,4,258,103,-1.2671078852785271
Dark,WRKY_1:18651215-18651464_reference_binding_2043,0.341176,170,2,8,235,144,-0.6438940652715901
Dark,WRKY_1:18659075-18659324_non_binding_1463,0.364706,170,2,19,716,1141,0.6611544233324201
Dark,WRKY_1:18659075-18659324_non_binding_1538,0.358824,170,2,19,668,612,-0.18544604261707218
Dark,WRKY_1:18659075-18659324_non_binding_737,0.364706,170,2,15,629,522,-0.40599733742140853
Dark,WRKY_1:18659075-18659324_reference_binding_2128,0.358824,170,2,14,667,958,0.5533796216136144
Dark,WRKY_1:18673424-18673673_binding_1115,0.435294,170,2,22,756,2128,1.4565518103541626
Dark,WRKY_1:18673424-18673673_non_binding_882,0.447059,170,2,18,597,470,-0.44903219522132043
Dark,WRKY_1:18673424-18673673_reference_binding_2208,0.429412,170,2,21,797,5648,2.6927629094138315
Dark,WRKY_1:18729839-18730088_non_binding_1831,0.358824,170,2,10,842,345,-1.260810850087777
Dark,WRKY_1:18729839-18730088_non_binding_738,0.335294,170,2,7,273,71,-1.6199809524912645
Dark,WRKY_1:18729839-18730088_non_binding_885,0.341176,170,2,13,626,303,-1.1771163417910175
Dark,WRKY_1:18729839-18730088_non_binding_985,0.329412,170,2,4,144,45,-1.6068945898753222
Dark,WRKY_1:18729839-18730088_reference_binding_2129,0.341176,170,2,3,127,86,-0.6638625647243632
Dark,WRKY_1:18757525-18757774_non_binding_532,0.435294,170,2,19,877,1223,0.4594629326048661
Dark,WRKY_1:18757525-18757774_reference_binding_1985,0.435294,170,2,6,454,973,1.2546947482784507
Dark,WRKY_1:18779338-18779587_non_binding_1483,0.241176,170,2,20,752,1936,1.228694643345785
Dark,WRKY_1:18779338-18779587_reference_binding_2303,0.241176,170,2,15,619,1393,1.2210357373043217
Dark,WRKY_1:18784710-18784959_non_binding_1387,0.358824,170,2,7,344,166,-1.1536284758046111
Dark,WRKY_1:18784710-18784959_non_binding_1686,0.370588,170,2,6,261,62,-1.6430522298377195
Dark,WRKY_1:18784710-18784959_non_binding_708,0.352941,170,2,5,144,46,-1.4986378337597486
Dark,WRKY_1:18784710-18784959_reference_binding_2113,0.352941,170,2,7,239,93,-1.4865502553988472
Dark,WRKY_1:18888890-18889139_binding_1024,0.335294,170,2,12,480,468,-0.07956873383108323
Dark,WRKY_1:18888890-18889139_binding_1258,0.335294,170,2,13,641,632,-0.10968615696949088
Dark,WRKY_1:18888890-18889139_binding_1280,0.335294,170,2,8,367,478,0.3435082781375539
Dark,WRKY_1:18888890-18889139_binding_1289,0.341176,170,2,12,479,402,-0.2873477189121758
Dark,WRKY_1:18888890-18889139_non_binding_1401,0.341176,170,2,17,631,784,0.3219126067527446
Dark,WRKY_1:18888890-18889139_non_binding_1629,0.347059,170,2,6,216,201,-0.0956671644614743
Dark,WRKY_1:18888890-18889139_non_binding_1765,0.347059,170,2,6,321,197,-0.7708759714229436
Dark,WRKY_1:18888890-18889139_non_binding_1789,0.341176,170,2,10,314,224,-0.4655204845343716
Dark,WRKY_1:18888890-18889139_non_binding_697,0.335294,170,2,10,444,319,-0.4933902895943351
Dark,WRKY_1:18888890-18889139_non_binding_788,0.329412,170,2,4,143,105,-0.6340157118607218
Dark,WRKY_1:18888890-18889139_reference_binding_2104,0.341176,170,2,9,403,407,0.04320499871120079
Dark,WRKY_1:18917435-18917684_non_binding_1550,0.305882,170,2,17,648,414,-0.5586610155107286
Dark,WRKY_1:18917435-18917684_reference_binding_2316,0.311765,170,2,17,960,809,-0.27953130567173157
Dark,WRKY_1:19102590-19102839_binding_1008,0.288235,170,2,2,70,21,-0.8993318971625448
Dark,WRKY_1:19102590-19102839_binding_1041,0.282353,170,2,2,71,31,-1.4115601851393338
Dark,WRKY_1:19102590-19102839_binding_1113,0.282353,170,2,2,38,46,0.23262067785311527
Dark,WRKY_1:19102590-19102839_binding_1156,0.288235,170,2,6,247,194,-0.4051873397162
Dark,WRKY_1:19102590-19102839_binding_1210,0.288235,170,2,2,35,47,0.6133117736861174
Dark,WRKY_1:19102590-19102839_binding_1266,0.276471,170,2,5,151,92,-0.559077547362381
Dark,WRKY_1:19102590-19102839_binding_1298,0.288235,170,2,2,54,15,-1.7511353957724323
Dark,WRKY_1:19102590-19102839_binding_1309,0.282353,170,2,5,160,144,-0.3800207561261718
Dark,WRKY_1:19102590-19102839_binding_1319,0.282353,170,2,1,18,19,0.4712570255640156
Dark,WRKY_1:19102590-19102839_binding_29,0.317647,170,2,2,41,25,-0.7918491954443554
Dark,WRKY_1:19102590-19102839_binding_307,0.317647,170,2,3,50,41,-0.2855406773889485
Dark,WRKY_1:19102590-19102839_binding_311,0.311765,170,2,6,214,61,-1.3030079216776245
Dark,WRKY_1:19102590-19102839_binding_493,0.323529,170,2,3,113,81,-0.4334647719415818
Dark,WRKY_1:19102590-19102839_binding_56,0.323529,170,2,3,166,64,-0.8923625744430977
Dark,WRKY_1:19102590-19102839_reference_binding_1901,0.282353,170,2,4,80,53,-0.27993383798999055
Dark,WRKY_1:1910489-1910738_non_binding_1469,0.323529,170,2,1,74,72,-0.06270698649545589
Dark,WRKY_1:1910489-1910738_non_binding_667,0.323529,170,2,1,26,22,-0.30417465548127554
Dark,WRKY_1:1910489-1910738_non_binding_942,0.323529,170,2,1,26,7,-1.371959404509591
Dark,WRKY_1:19111190-19111439_non_binding_1734,0.447059,170,2,4,200,73,-1.5541527579423111
Dark,WRKY_1:19111190-19111439_non_binding_1805,0.441176,170,2,4,218,130,-0.7517088247258377
Dark,WRKY_1:19111190-19111439_reference_binding_2102,0.405882,170,2,1,98,49,-1.0289356163173387
Dark,WRKY_1:19166223-19166472_non_binding_961,0.411765,170,2,9,526,262,-0.9755243289718424
Dark,WRKY_1:19166223-19166472_reference_binding_2238,0.417647,170,2,15,558,351,-0.49553552289549596
Dark,WRKY_1:19225576-19225825_binding_173,0.305882,170,2,5,87,105,0.3699424423065065
Dark,WRKY_1:19225576-19225825_non_binding_1593,0.288235,170,2,6,128,109,0.17498889901026807
Dark,WRKY_1:19225576-19225825_non_binding_1721,0.282353,170,2,6,186,235,0.33040140154552355
Dark,WRKY_1:19225576-19225825_non_binding_592,0.282353,170,2,1,18,22,0.5113421999060073
Dark,WRKY_1:19225576-19225825_reference_binding_1941,0.282353,170,2,3,67,61,0.2892071409284368
Dark,WRKY_1:1923602-1923851_non_binding_1451,0.4,170,2,6,182,217,0.26141074997877034
Dark,WRKY_1:1923602-1923851_reference_binding_2296,0.4,170,2,10,365,384,0.3071806678500201
Dark,WRKY_1:19349432-19349681_non_binding_664,0.458824,170,2,8,333,444,0.3217629695022778
Dark,WRKY_1:19349432-19349681_reference_binding_2083,0.452941,170,2,8,335,742,1.0446757351395797
Dark,WRKY_1:19358007-19358256_non_binding_1454,0.3,170,2,13,515,244,-1.1873215840375264
Dark,WRKY_1:19358007-19358256_reference_binding_2297,0.294118,170,2,6,180,85,-0.6851666605769602
Dark,WRKY_1:19363161-19363410_non_binding_1775,0.352941,170,2,12,657,234,-1.253114402556774
Dark,WRKY_1:19363161-19363410_reference_binding_2366,0.311765,170,2,10,412,284,-0.3407054999655691
Dark,WRKY_1:19395005-19395254_non_binding_1411,0.258824,170,2,9,407,177,-1.3259400475916525
Dark,WRKY_1:19395005-19395254_non_binding_1534,0.252941,170,2,9,410,239,-0.823603148657689
Dark,WRKY_1:19395005-19395254_non_binding_1843,0.217647,170,2,9,597,529,-0.193088458291156
Dark,WRKY_1:19395005-19395254_non_binding_827,0.270588,170,2,19,757,374,-1.0014372928687352
Dark,WRKY_1:19395005-19395254_reference_binding_2181,0.258824,170,2,15,601,324,-0.8417762736199542
Dark,WRKY_1:1945055-1945304_non_binding_1731,0.494118,170,2,9,471,162,-1.3980215728990855
Dark,WRKY_1:1945055-1945304_reference_binding_2355,0.517647,170,2,9,458,140,-1.550310311228912
Dark,WRKY_1:19455411-19455660_binding_1081,0.376471,170,2,3,84,22,-1.3734564427581994
Dark,WRKY_1:19455411-19455660_non_binding_1674,0.423529,170,2,4,143,120,-0.3479166613221705
Dark,WRKY_1:19455411-19455660_non_binding_731,0.376471,170,2,10,513,300,-0.6476564361732923
Dark,WRKY_1:19455411-19455660_non_binding_975,0.382353,170,2,9,271,114,-1.179012740502396
Dark,WRKY_1:19455411-19455660_non_binding_992,0.388235,170,2,10,367,202,-0.8738094408785843
Dark,WRKY_1:19455411-19455660_reference_binding_2124,0.382353,170,2,9,538,255,-1.1474327919991927
Dark,WRKY_1:19468872-19469121_non_binding_810,0.311765,170,2,9,374,181,-1.0245477676254868
Dark,WRKY_1:19468872-19469121_non_binding_859,0.305882,170,2,9,378,180,-1.0512098480403484
Dark,WRKY_1:19468872-19469121_non_binding_880,0.294118,170,2,9,299,157,-0.9057876814931594
Dark,WRKY_1:19468872-19469121_non_binding_931,0.317647,170,2,8,361,184,-0.8920541164032764
Dark,WRKY_1:19468872-19469121_reference_binding_2171,0.305882,170,2,7,199,353,0.7891738583565102
Dark,WRKY_1:19489477-19489726_non_binding_1391,0.252941,170,2,6,298,196,-0.36990855599048333
Dark,WRKY_1:19489477-19489726_non_binding_1497,0.258824,170,2,11,307,582,0.8880591463382619
Dark,WRKY_1:19489477-19489726_non_binding_1658,0.288235,170,2,9,313,224,-0.36925751221849074
Dark,WRKY_1:19489477-19489726_non_binding_868,0.258824,170,2,10,532,277,-1.0685225411666595
Dark,WRKY_1:19489477-19489726_reference_binding_2203,0.252941,170,2,16,569,771,0.5091781207653592
Dark,WRKY_1:19505284-19505533_non_binding_911,0.411765,170,2,13,606,1802,1.647564787742422
Dark,WRKY_1:19505284-19505533_reference_binding_2221,0.423529,170,2,14,378,2056,2.320074025818334
Dark,WRKY_1:1954548-1954797_non_binding_687,0.294118,170,2,3,70,149,1.0054425315400013
Dark,WRKY_1:1954548-1954797_non_binding_691,0.294118,170,2,4,59,124,1.0648356771658165
Dark,WRKY_1:1954548-1954797_non_binding_692,0.294118,170,2,6,184,302,0.6361174565107703
Dark,WRKY_1:1954548-1954797_non_binding_753,0.294118,170,2,5,84,122,0.41437872996383945
Dark,WRKY_1:1954548-1954797_reference_binding_2097,0.288235,170,2,6,186,256,0.5093999295091399
Dark,WRKY_1:1962661-1962910_non_binding_1425,0.329412,170,2,3,124,101,-0.4378824932004304
Dark,WRKY_1:1962661-1962910_non_binding_825,0.317647,170,2,5,219,150,-0.5203163332698764
Dark,WRKY_1:1962661-1962910_reference_binding_2180,0.323529,170,2,4,89,61,-0.35692157561159227
Dark,WRKY_1:19725943-19726192_non_binding_1453,0.282353,170,2,9,480,430,-0.12856996479040111
Dark,WRKY_1:19725943-19726192_non_binding_1793,0.317647,170,2,11,632,648,0.06253172711429306
Dark,WRKY_1:19725943-19726192_non_binding_1873,0.329412,170,2,5,252,161,-0.6415879801544959
Dark,WRKY_1:19725943-19726192_non_binding_964,0.282353,170,2,8,328,174,-0.6473091691120395
Dark,WRKY_1:19725943-19726192_reference_binding_2240,0.282353,170,2,8,294,325,0.12872510557480618
Dark,WRKY_1:19733615-19733864_binding_192,0.376471,170,2,8,241,589,1.2342557978601016
Dark,WRKY_1:19733615-19733864_binding_222,0.394118,170,2,9,264,563,1.1713302216640766
Dark,WRKY_1:19733615-19733864_binding_328,0.376471,170,2,12,368,1295,1.820274105501177
Dark,WRKY_1:19733615-19733864_binding_36,0.382353,170,2,21,528,1099,1.2787511904597018
Dark,WRKY_1:19733615-19733864_binding_369,0.382353,170,2,11,290,774,1.4387419992797486
Dark,WRKY_1:19733615-19733864_binding_390,0.376471,170,2,6,243,783,1.722791044434092
Dark,WRKY_1:19733615-19733864_binding_76,0.382353,170,2,12,371,1240,1.6693903871766966
Dark,WRKY_1:19733615-19733864_binding_8,0.376471,170,2,24,932,2435,1.4272978756906531
Dark,WRKY_1:19733615-19733864_non_binding_784,0.358824,170,2,11,419,298,-0.5064394485146503
Dark,WRKY_1:19733615-19733864_non_binding_833,0.376471,170,2,18,783,449,-0.6965757147429511
Dark,WRKY_1:19733615-19733864_reference_binding_1887,0.370588,170,2,12,435,419,-0.07668564080166748
Dark,WRKY_1:19820881-19821130_binding_1214,0.370588,170,2,4,101,327,1.511670273746823
Dark,WRKY_1:19820881-19821130_reference_binding_2275,0.364706,170,2,2,34,45,1.051194536986389
Dark,WRKY_1:19910204-19910453_non_binding_1400,0.341176,170,1,1,27,50,0.9798960413356539
Dark,WRKY_1:19910204-19910453_non_binding_604,0.347059,170,2,9,284,385,0.415647021974903
Dark,WRKY_1:19910204-19910453_reference_binding_2040,0.341176,170,2,2,75,77,0.6729529888834563
Dark,WRKY_1:19958068-19958317_non_binding_1606,0.317647,170,2,5,186,184,-0.22087097457767058
Dark,WRKY_1:19958068-19958317_non_binding_1692,0.341176,170,2,8,373,558,0.5073369431836783
Dark,WRKY_1:19958068-19958317_non_binding_543,0.317647,170,2,9,563,444,-0.313830953470651
Dark,WRKY_1:19958068-19958317_reference_binding_1993,0.311765,170,2,9,371,448,0.2979454420092226
Dark,WRKY_1:20009403-20009652_non_binding_521,0.282353,170,2,12,527,918,0.8173647625002478
Dark,WRKY_1:20009403-20009652_reference_binding_1974,0.276471,170,2,6,308,415,0.42948142013851476
Dark,WRKY_1:20019831-20020080_binding_1119,0.335294,170,2,13,382,390,0.16679551707742432
Dark,WRKY_1:20019831-20020080_binding_1148,0.335294,170,2,11,424,537,0.3529040331453108
Dark,WRKY_1:20019831-20020080_binding_1269,0.335294,170,2,8,447,510,0.18532920582549842
Dark,WRKY_1:20019831-20020080_non_binding_830,0.335294,170,2,6,198,167,-0.12775493083203682
Dark,WRKY_1:20019831-20020080_reference_binding_2184,0.329412,170,2,10,324,384,0.35952881965036376
Dark,WRKY_1:20076603-20076852_non_binding_1650,0.488235,170,2,5,176,304,0.8989247236910541
Dark,WRKY_1:20076603-20076852_reference_binding_2332,0.464706,170,2,13,597,812,0.5226425334829172
Dark,WRKY_1:20119500-20119749_non_binding_746,0.311765,170,2,4,201,137,-0.4639099883323006
Dark,WRKY_1:20119500-20119749_reference_binding_2134,0.305882,170,2,3,130,58,-1.086962990826136
Dark,WRKY_1:20132065-20132314_non_binding_1544,0.311765,170,2,6,260,139,-0.775098546732251
Dark,WRKY_1:20222795-20223044_non_binding_564,0.376471,170,2,5,232,84,-1.4564601309445975
Dark,WRKY_1:20222795-20223044_reference_binding_2008,0.376471,170,2,13,535,384,-0.716094004645634
Dark,WRKY_1:20280683-20280932_non_binding_572,0.482353,170,2,9,589,283,-1.0470138899938535
Dark,WRKY_1:20280683-20280932_non_binding_616,0.488235,170,2,7,345,141,-1.0314466458863196
Dark,WRKY_1:20280683-20280932_non_binding_794,0.494118,170,2,7,302,159,-1.017737576403414
Dark,WRKY_1:20280683-20280932_reference_binding_2015,0.488235,170,2,9,311,196,-0.6439294331493199
Dark,WRKY_1:2031885-2032134_non_binding_1458,0.258824,170,2,11,460,861,1.0200515253224531
Dark,WRKY_1:2031885-2032134_non_binding_1687,0.276471,170,2,12,609,1089,0.8797667487320331
Dark,WRKY_1:2031885-2032134_non_binding_531,0.258824,170,2,15,683,965,0.5545702512412187
Dark,WRKY_1:2031885-2032134_reference_binding_1984,0.252941,170,2,10,330,695,1.1934638372593458
Dark,WRKY_1:20420589-20420838_non_binding_1426,0.376471,170,2,9,343,138,-1.487504847894381
Dark,WRKY_1:20420589-20420838_non_binding_570,0.388235,170,2,11,584,163,-1.7614671018409647
Dark,WRKY_1:20420589-20420838_non_binding_907,0.394118,170,2,8,354,116,-1.3994415363990294
Dark,WRKY_1:20420589-20420838_reference_binding_2013,0.382353,170,2,6,280,64,-1.9459048962934522
Dark,WRKY_1:20464401-20464650_non_binding_696,0.294118,170,2,12,368,826,1.2053474765895642
Dark,WRKY_1:20464401-20464650_non_binding_842,0.294118,170,2,6,161,234,0.5724512645441467
Dark,WRKY_1:20464401-20464650_reference_binding_2103,0.288235,170,2,12,365,845,1.3404965099048984
Dark,WRKY_1:20472304-20472553_non_binding_1767,0.335294,170,2,1,8,6,-0.14718896995176603
Dark,WRKY_1:20472304-20472553_non_binding_924,0.311765,170,2,11,407,433,0.024705326486406817
Dark,WRKY_1:20472304-20472553_reference_binding_2223,0.317647,170,2,8,212,260,0.04280831505927035
Dark,WRKY_1:20551039-20551288_binding_1082,0.364706,170,2,9,342,310,-0.30669353227660523
Dark,WRKY_1:20551039-20551288_non_binding_1528,0.364706,170,2,8,305,304,0.07309636503141373
Dark,WRKY_1:20551039-20551288_non_binding_520,0.364706,170,2,4,262,224,-0.1357879010533065
Dark,WRKY_1:20551039-20551288_reference_binding_1973,0.358824,170,2,10,425,441,0.12000262212148269
Dark,WRKY_1:20578531-20578780_non_binding_1832,0.382353,170,2,11,427,704,0.7728595363008537
Dark,WRKY_1:20578531-20578780_reference_binding_2371,0.352941,170,2,4,151,212,1.0579396963103034
Dark,WRKY_1:20636700-20636949_non_binding_838,0.3,170,2,25,1002,850,-0.2687369467663231
Dark,WRKY_1:20636700-20636949_non_binding_875,0.3,170,2,15,552,515,-0.14070105462694946
Dark,WRKY_1:20636700-20636949_non_binding_967,0.294118,170,2,13,308,332,-0.04547040970981944
Dark,WRKY_1:20636700-20636949_non_binding_995,0.294118,170,2,11,359,365,-0.05892038849653472
Dark,WRKY_1:20636700-20636949_reference_binding_2190,0.294118,170,2,16,725,1390,0.9174663422306492
Dark,WRKY_1:20843909-20844158_non_binding_1667,0.423529,170,2,6,260,211,-0.28302005106973893
Dark,WRKY_1:20843909-20844158_non_binding_512,0.394118,170,2,13,729,347,-1.0057717654302252
Dark,WRKY_1:20843909-20844158_non_binding_547,0.4,170,2,13,678,242,-1.1801607949186743
Dark,WRKY_1:20843909-20844158_non_binding_601,0.4,170,2,12,442,296,-0.6616451442907123
Dark,WRKY_1:20843909-20844158_non_binding_622,0.394118,170,2,14,753,420,-0.9991701493758003
Dark,WRKY_1:20843909-20844158_reference_binding_1967,0.394118,170,2,12,514,319,-0.4094685446792522
Dark,WRKY_1:20845202-20845451_non_binding_945,0.4,170,2,19,1004,790,-0.406735443787266
Dark,WRKY_1:20845202-20845451_reference_binding_2233,0.388235,170,2,8,168,138,0.030966574504747102
Dark,WRKY_1:20861272-20861521_non_binding_1603,0.364706,170,2,5,209,100,-1.0233318902122464
Dark,WRKY_1:20861272-20861521_non_binding_1786,0.4,170,2,4,249,94,-1.4440834369212299
Dark,WRKY_1:20861272-20861521_non_binding_658,0.376471,170,2,5,273,128,-0.8052015791758165
Dark,WRKY_1:20861272-20861521_reference_binding_2078,0.370588,170,2,6,274,142,-0.9758123317403602
Dark,WRKY_1:20997310-20997559_binding_1114,0.405882,170,2,5,285,436,0.8063597394390001
Dark,WRKY_1:20997310-20997559_non_binding_1583,0.417647,170,2,3,181,113,-0.36312911621834615
Dark,WRKY_1:20997310-20997559_non_binding_577,0.417647,170,2,9,372,215,-0.5922505567612777
Dark,WRKY_1:20997310-20997559_non_binding_673,0.405882,170,2,10,325,152,-1.2129998999388738
Dark,WRKY_1:20997310-20997559_reference_binding_2020,0.411765,170,2,3,150,88,-0.21476876159258396
Dark,WRKY_1:21257204-21257453_non_binding_1643,0.423529,170,2,13,575,332,-0.6761825019429824
Dark,WRKY_1:21257204-21257453_non_binding_1745,0.423529,170,2,16,613,436,-0.34307673425129814
Dark,WRKY_1:21257204-21257453_non_binding_575,0.4,170,2,12,438,478,0.018473461599036345
Dark,WRKY_1:21257204-21257453_reference_binding_2018,0.394118,170,2,12,487,393,-0.10138204236687817
Dark,WRKY_1:21364227-21364476_non_binding_1615,0.294118,170,2,11,396,1306,1.778319979051532
Dark,WRKY_1:21364227-21364476_non_binding_865,0.3,170,2,6,281,344,0.38874740531786606
Dark,WRKY_1:21364227-21364476_reference_binding_2202,0.294118,170,2,5,123,327,1.639273890763715
Dark,WRKY_1:21385167-21385416_non_binding_1540,0.405882,170,2,6,244,492,1.1133852352613138
Dark,WRKY_1:21385167-21385416_non_binding_1546,0.4,170,2,5,159,192,0.2598676979502351
Dark,WRKY_1:21385167-21385416_non_binding_1636,0.405882,170,2,7,258,426,0.6153051356299846
Dark,WRKY_1:21385167-21385416_non_binding_612,0.394118,170,2,5,207,353,0.6144924908775862
Dark,WRKY_1:21385167-21385416_non_binding_740,0.4,170,2,3,166,153,0.1908140356821311
Dark,WRKY_1:21385167-21385416_non_binding_774,0.4,170,2,5,181,251,0.578826346753979
Dark,WRKY_1:21385167-21385416_reference_binding_2046,0.4,170,2,7,273,427,0.7040059340934467
Dark,WRKY_1:21392496-21392745_non_binding_1402,0.335294,170,1,1,8,39,2.3763295725866467
Dark,WRKY_1:21392496-21392745_non_binding_1719,0.382353,170,2,2,24,26,0.0012089688930049802
Dark,WRKY_1:21585216-21585465_binding_1325,0.423529,170,2,4,82,45,-0.4776496075491732
Dark,WRKY_1:21585216-21585465_reference_binding_2280,0.423529,170,2,11,453,334,-0.3979658273418266
Dark,WRKY_1:21650847-21651096_non_binding_643,0.4,170,2,5,207,159,-0.6468683085337426
Dark,WRKY_1:21650847-21651096_non_binding_914,0.4,170,2,11,455,177,-1.3001950841568988
Dark,WRKY_1:21650847-21651096_reference_binding_2069,0.405882,170,2,9,304,157,-0.8207639907326054
Dark,WRKY_1:21665312-21665561_binding_1066,0.4,170,2,9,284,179,-0.26603045456928565
Dark,WRKY_1:21665312-21665561_binding_1117,0.394118,170,2,8,256,238,-0.08140590795658989
Dark,WRKY_1:21665312-21665561_non_binding_614,0.405882,170,2,10,437,126,-1.1266203789116906
Dark,WRKY_1:21665312-21665561_reference_binding_2048,0.4,170,2,11,365,314,-0.29566882881616124
Dark,WRKY_1:21746306-21746555_binding_1017,0.388235,170,2,8,207,136,-0.9433744450715494
Dark,WRKY_1:21746306-21746555_binding_1030,0.394118,170,2,7,284,80,-1.7195120938576742
Dark,WRKY_1:21746306-21746555_binding_1065,0.4,170,2,5,177,95,-1.0626522612077425
Dark,WRKY_1:21746306-21746555_binding_115,0.423529,170,2,6,194,70,-1.5518662104137395
Dark,WRKY_1:21746306-21746555_binding_1157,0.4,170,2,13,645,258,-1.2057642008486498
Dark,WRKY_1:21746306-21746555_binding_1203,0.4,170,2,3,139,84,-0.9194739615867993
Dark,WRKY_1:21746306-21746555_binding_1329,0.4,170,2,7,475,140,-1.5981978406822295
Dark,WRKY_1:21746306-21746555_binding_14,0.417647,170,2,6,238,97,-1.298751683914658
Dark,WRKY_1:21746306-21746555_binding_141,0.429412,170,2,5,180,88,-1.089732082596851
Dark,WRKY_1:21746306-21746555_binding_157,0.405882,170,2,4,182,71,-1.1099584125461481
Dark,WRKY_1:21746306-21746555_binding_168,0.411765,170,2,8,216,94,-1.235930876241122
Dark,WRKY_1:21746306-21746555_binding_169,0.405882,170,2,5,302,106,-1.3672430783888951
Dark,WRKY_1:21746306-21746555_binding_179,0.417647,170,2,11,314,114,-1.4612224402940324
Dark,WRKY_1:21746306-21746555_binding_18,0.429412,170,2,2,36,10,-1.1875178016243786
Dark,WRKY_1:21746306-21746555_binding_194,0.423529,170,2,5,115,73,-0.8954914631594182
Dark,WRKY_1:21746306-21746555_binding_20,0.423529,170,2,10,373,181,-1.1722416435076775
Dark,WRKY_1:21746306-21746555_binding_208,0.435294,170,2,5,161,51,-1.1559141509394912
Dark,WRKY_1:21746306-21746555_binding_238,0.417647,170,1,1,52,7,-2.80215744235909
Dark,WRKY_1:21746306-21746555_binding_260,0.417647,170,2,9,316,101,-1.504170321991035
Dark,WRKY_1:21746306-21746555_binding_284,0.423529,170,2,6,270,120,-0.8846802810376725
Dark,WRKY_1:21746306-21746555_binding_329,0.411765,170,2,8,230,80,-1.6400455079757172
Dark,WRKY_1:21746306-21746555_binding_341,0.411765,170,2,9,460,191,-1.351315887044867
Dark,WRKY_1:21746306-21746555_binding_38,0.423529,170,2,6,147,50,-1.2583518567311236
Dark,WRKY_1:21746306-21746555_binding_389,0.405882,170,2,9,379,138,-1.1522242721626168
Dark,WRKY_1:21746306-21746555_binding_44,0.429412,170,2,8,404,113,-1.88126815628226
Dark,WRKY_1:21746306-21746555_binding_441,0.429412,170,2,6,230,120,-0.9208933189574563
Dark,WRKY_1:21746306-21746555_binding_447,0.411765,170,2,4,183,92,-0.643791254912457
Dark,WRKY_1:21746306-21746555_binding_456,0.435294,170,2,7,284,117,-1.2675965050839322
Dark,WRKY_1:21746306-21746555_binding_460,0.411765,170,2,5,136,56,-0.9558308638412832
Dark,WRKY_1:21746306-21746555_binding_461,0.423529,170,2,6,52,61,-0.10769482187835164
Dark,WRKY_1:21746306-21746555_binding_482,0.405882,170,2,8,223,99,-1.307156529818449
Dark,WRKY_1:21746306-21746555_binding_59,0.429412,170,2,7,257,121,-1.1677760021718016
Dark,WRKY_1:21746306-21746555_binding_65,0.423529,170,2,7,177,74,-0.9979769333972422
Dark,WRKY_1:21746306-21746555_binding_94,0.411765,170,2,10,374,154,-1.3011006186540452
Dark,WRKY_1:21746306-21746555_binding_96,0.417647,170,2,4,103,32,-1.7123142317458888
Dark,WRKY_1:21746306-21746555_non_binding_1495,0.4,170,2,7,293,79,-1.5100838982426326
Dark,WRKY_1:21746306-21746555_non_binding_841,0.4,170,2,9,402,145,-1.2935169673947131
Dark,WRKY_1:21746306-21746555_reference_binding_1893,0.394118,170,2,4,145,81,-1.0675293721816947
Dark,WRKY_1:217922-218171_non_binding_1863,0.347059,170,2,1,9,6,0.12309522072958545
Dark,WRKY_1:21878680-21878929_non_binding_1785,0.405882,170,2,1,25,23,-0.9285151394498
Dark,WRKY_1:21878680-21878929_non_binding_1821,0.4,170,1,1,5,5,0.09092735372439784
Dark,WRKY_1:21878680-21878929_non_binding_1827,0.4,170,1,1,18,8,-1.0789976477179146
Dark,WRKY_1:21878680-21878929_reference_binding_2368,0.376471,170,2,2,31,14,-0.6040397360311738
Dark,WRKY_1:21931164-21931413_non_binding_726,0.341176,170,2,9,458,324,-0.4934137874145518
Dark,WRKY_1:21931164-21931413_reference_binding_2120,0.335294,170,2,11,480,434,-0.08478142895212985
Dark,WRKY_1:21951648-21951897_non_binding_1776,0.335294,170,2,6,123,544,2.0034406654680406
Dark,WRKY_1:21951648-21951897_non_binding_633,0.335294,170,2,10,268,633,1.1957431204456488
Dark,WRKY_1:21951648-21951897_reference_binding_2060,0.335294,170,2,3,58,174,1.3989264665120742
Dark,WRKY_1:21965362-21965611_non_binding_1769,0.294118,170,2,9,296,540,0.7638593581775752
Dark,WRKY_1:21965362-21965611_reference_binding_2364,0.264706,170,2,12,399,573,0.7151896545453174
Dark,WRKY_1:22034084-22034333_non_binding_688,0.294118,170,2,7,314,2936,3.138992528114535
Dark,WRKY_1:22034084-22034333_reference_binding_2098,0.3,170,2,9,376,5502,3.8387149230899356
Dark,WRKY_1:22038667-22038916_non_binding_666,0.429412,170,2,7,260,83,-1.7936517913359409
Dark,WRKY_1:22038667-22038916_reference_binding_2084,0.435294,170,2,9,497,264,-1.0264231892220397
Dark,WRKY_1:22053099-22053348_binding_1091,0.4,170,2,5,97,79,-0.22868298385991137
Dark,WRKY_1:22053099-22053348_reference_binding_2264,0.394118,170,2,7,232,200,0.064633897565844
Dark,WRKY_1:22131185-22131434_binding_1263,0.288235,170,2,16,773,858,0.4503781605219759
Dark,WRKY_1:22131185-22131434_reference_binding_2278,0.282353,170,2,24,847,1192,0.4376582063644975
Dark,WRKY_1:22180567-22180816_non_binding_856,0.405882,170,2,3,88,37,-1.5170807302963476
Dark,WRKY_1:22180567-22180816_reference_binding_2196,0.405882,170,2,11,291,184,-0.7859026850267803
Dark,WRKY_1:22209090-22209339_binding_250,0.388235,170,2,3,65,44,-0.5246327210335003
Dark,WRKY_1:22209090-22209339_non_binding_1462,0.376471,170,2,1,12,11,1.1837430995109777
Dark,WRKY_1:22209090-22209339_reference_binding_1945,0.376471,170,2,2,145,463,1.9761935404275883
Dark,WRKY_1:2221793-2222042_non_binding_1839,0.405882,170,2,2,105,39,-0.9208079697548184
Dark,WRKY_1:2221793-2222042_non_binding_699,0.447059,170,2,2,63,26,-1.082680036378954
Dark,WRKY_1:2221793-2222042_reference_binding_2105,0.447059,170,2,1,22,10,-0.8259235737976873
Dark,WRKY_1:22340937-22341186_reference_binding_2362,0.352941,170,1,1,11,9,-0.39727793529400574
Dark,WRKY_1:22342955-22343204_non_binding_703,0.423529,170,2,11,298,782,1.328559135408736
Dark,WRKY_1:22342955-22343204_reference_binding_2109,0.417647,170,2,8,371,946,1.3495102174036466
Dark,WRKY_1:22688401-22688650_binding_138,0.305882,170,2,7,161,240,0.6221781886569316
Dark,WRKY_1:22688401-22688650_binding_233,0.288235,170,2,4,34,62,1.0509763963873517
Dark,WRKY_1:22688401-22688650_binding_258,0.294118,170,2,11,424,514,0.2400034460444248
Dark,WRKY_1:22688401-22688650_binding_451,0.305882,170,2,7,258,524,1.1512905537284817
Dark,WRKY_1:22688401-22688650_non_binding_514,0.294118,170,2,7,241,539,1.0834266543363646
Dark,WRKY_1:22688401-22688650_non_binding_552,0.288235,170,2,4,191,425,1.090720178986573
Dark,WRKY_1:22688401-22688650_non_binding_817,0.294118,170,2,7,249,551,1.1912485511660331
Dark,WRKY_1:22688401-22688650_reference_binding_1937,0.294118,170,2,8,170,661,2.082879919426544
Dark,WRKY_1:22741524-22741773_non_binding_930,0.358824,170,2,13,535,417,-0.44262974034832125
Dark,WRKY_1:22741524-22741773_reference_binding_2226,0.352941,170,2,7,289,161,-0.6403780116056723
Dark,WRKY_1:22965784-22966033_binding_135,0.447059,170,2,2,48,59,0.41508758762824843
Dark,WRKY_1:22965784-22966033_binding_174,0.447059,170,2,2,52,21,-1.3948172633701996
Dark,WRKY_1:22965784-22966033_binding_180,0.441176,170,2,3,194,56,-1.7357366554615345
Dark,WRKY_1:22965784-22966033_binding_273,0.441176,170,2,3,125,55,-0.8303500770746736
Dark,WRKY_1:22965784-22966033_binding_276,0.447059,170,2,5,328,163,-0.755114209262474
Dark,WRKY_1:22965784-22966033_binding_299,0.452941,170,2,3,163,74,-1.3241996255940276
Dark,WRKY_1:22965784-22966033_binding_405,0.435294,170,2,2,80,45,-0.7890511022522553
Dark,WRKY_1:22965784-22966033_binding_449,0.441176,170,2,3,115,63,-0.923029980101609
Dark,WRKY_1:22965784-22966033_binding_73,0.447059,170,2,3,130,72,-0.71915386640645
Dark,WRKY_1:22965784-22966033_reference_binding_1920,0.435294,170,2,2,106,48,-1.1648634598294891
Dark,WRKY_1:22998014-22998263_non_binding_1630,0.429412,170,2,9,266,885,1.61101381874905
Dark,WRKY_1:22998014-22998263_non_binding_984,0.452941,170,2,12,461,440,-0.03905422532892913
Dark,WRKY_1:22998014-22998263_reference_binding_2249,0.452941,170,2,15,777,4980,2.702216621599688
Dark,WRKY_1:23001936-23002185_non_binding_1416,0.388235,170,2,10,557,1333,1.2976005953099874
Dark,WRKY_1:23001936-23002185_non_binding_1647,0.4,170,2,5,108,147,0.1767313311694981
Dark,WRKY_1:23001936-23002185_non_binding_1757,0.394118,170,2,6,297,404,0.5074184711881627
Dark,WRKY_1:23001936-23002185_reference_binding_2288,0.394118,170,2,5,189,321,0.7912445433158586
Dark,WRKY_1:2306682-2306931_binding_1005,0.417647,170,2,5,315,85,-1.6707990516703746
Dark,WRKY_1:2306682-2306931_binding_101,0.441176,170,2,8,446,160,-1.5417163617873495
Dark,WRKY_1:2306682-2306931_binding_1028,0.423529,170,2,9,319,103,-1.6054460946121258
Dark,WRKY_1:2306682-2306931_binding_106,0.441176,170,2,10,756,241,-1.6637552196085026
Dark,WRKY_1:2306682-2306931_binding_1089,0.423529,170,2,7,372,112,-1.8717430741546357
Dark,WRKY_1:2306682-2306931_binding_1126,0.423529,170,2,4,194,37,-1.923501497222957
Dark,WRKY_1:2306682-2306931_binding_1140,0.417647,170,2,10,497,161,-1.478951232587852
Dark,WRKY_1:2306682-2306931_binding_1183,0.417647,170,2,7,323,108,-1.6519135686017354
Dark,WRKY_1:2306682-2306931_binding_1190,0.429412,170,2,5,173,71,-1.2991710394324203
Dark,WRKY_1:2306682-2306931_binding_1222,0.429412,170,2,5,279,63,-2.0770812892926935
Dark,WRKY_1:2306682-2306931_binding_1261,0.417647,170,2,3,97,30,-1.9922442955311188
Dark,WRKY_1:2306682-2306931_binding_1310,0.411765,170,2,10,430,134,-1.5510996042037222
Dark,WRKY_1:2306682-2306931_binding_1333,0.423529,170,2,5,326,103,-1.6846081644178472
Dark,WRKY_1:2306682-2306931_binding_1378,0.429412,170,2,5,374,125,-1.7950460109136013
Dark,WRKY_1:2306682-2306931_binding_1379,0.423529,170,2,8,401,119,-1.738446015226436
Dark,WRKY_1:2306682-2306931_binding_152,0.464706,170,2,6,221,80,-1.157761841740526
Dark,WRKY_1:2306682-2306931_binding_167,0.447059,170,2,7,337,118,-1.3483072945823604
Dark,WRKY_1:2306682-2306931_binding_339,0.458824,170,2,8,414,123,-1.7019665026029838
Dark,WRKY_1:2306682-2306931_binding_382,0.452941,170,2,12,566,144,-1.791903853474694
Dark,WRKY_1:2306682-2306931_binding_429,0.447059,170,2,7,344,76,-1.986945670371923
Dark,WRKY_1:2306682-2306931_binding_490,0.458824,170,2,7,271,124,-1.3284138368044622
Dark,WRKY_1:2306682-2306931_binding_88,0.452941,170,2,7,299,127,-1.382913241903561
Dark,WRKY_1:2306682-2306931_reference_binding_1926,0.423529,170,2,4,168,35,-1.819335879423821
Dark,WRKY_1:23080127-23080376_non_binding_1455,0.258824,170,2,9,437,400,-0.16061515402613194
Dark,WRKY_1:23080127-23080376_non_binding_1488,0.247059,170,2,11,458,712,0.4821818533363427
Dark,WRKY_1:23080127-23080376_non_binding_1618,0.258824,170,2,7,281,464,0.4254700487351356
Dark,WRKY_1:23080127-23080376_non_binding_1744,0.264706,170,2,8,200,173,0.02371473918611977
Dark,WRKY_1:23080127-23080376_reference_binding_2298,0.252941,170,2,7,146,116,-0.24309552593850162
Dark,WRKY_1:23100915-23101164_binding_1013,0.341176,170,2,18,925,1025,0.1338890295129524
Dark,WRKY_1:23100915-23101164_binding_1057,0.352941,170,2,14,582,559,0.016119376136017383
Dark,WRKY_1:23100915-23101164_binding_1063,0.352941,170,2,11,593,535,0.05457911351437186
Dark,WRKY_1:23100915-23101164_binding_1068,0.347059,170,2,18,627,619,-0.026048542183923037
Dark,WRKY_1:23100915-23101164_binding_109,0.4,170,2,13,560,486,-0.309836617923011
Dark,WRKY_1:23100915-23101164_binding_111,0.388235,170,2,10,497,393,-0.3523550336503446
Dark,WRKY_1:23100915-23101164_binding_1139,0.347059,170,2,12,832,883,0.015571296994039113
Dark,WRKY_1:23100915-23101164_binding_1143,0.352941,170,2,22,1251,1302,-0.043002317778795596
Dark,WRKY_1:23100915-23101164_binding_1179,0.352941,170,2,16,711,919,0.27973385034126186
Dark,WRKY_1:23100915-23101164_binding_120,0.376471,170,2,12,702,481,-0.5511034240078971
Dark,WRKY_1:23100915-23101164_binding_1233,0.347059,170,2,10,377,454,0.07534811285156362
Dark,WRKY_1:23100915-23101164_binding_126,0.370588,170,2,17,697,753,0.13016263738550438
Dark,WRKY_1:23100915-23101164_binding_1314,0.347059,170,2,12,667,527,-0.2367317427070183
Dark,WRKY_1:23100915-23101164_binding_150,0.376471,170,2,9,285,223,-0.03250344634400343
Dark,WRKY_1:23100915-23101164_binding_170,0.376471,170,2,26,1617,1002,-0.638898995729224
Dark,WRKY_1:23100915-23101164_binding_172,0.376471,170,2,18,705,499,-0.6222330423590479
Dark,WRKY_1:23100915-23101164_binding_177,0.376471,170,2,13,576,344,-0.8477676435439286
Dark,WRKY_1:23100915-23101164_binding_199,0.376471,170,2,16,731,529,-0.6115075187837603
Dark,WRKY_1:23100915-23101164_binding_229,0.388235,170,2,15,767,669,-0.14598204541977752
Dark,WRKY_1:23100915-23101164_binding_232,0.382353,170,2,13,721,631,-0.19952916135039236
Dark,WRKY_1:23100915-23101164_binding_241,0.394118,170,2,16,726,557,-0.36145046919866075
Dark,WRKY_1:23100915-23101164_binding_247,0.382353,170,2,17,631,476,-0.4816910052449226
Dark,WRKY_1:23100915-23101164_binding_25,0.376471,170,2,18,860,513,-0.6655451614789425
Dark,WRKY_1:23100915-23101164_binding_255,0.382353,170,2,12,515,372,-0.41726327136427444
Dark,WRKY_1:23100915-23101164_binding_266,0.364706,170,2,13,730,522,-0.6034797092577039
Dark,WRKY_1:23100915-23101164_binding_286,0.394118,170,2,7,407,350,-0.13222517144268597
Dark,WRKY_1:23100915-23101164_binding_305,0.376471,170,2,19,704,471,-0.38401345254806035
Dark,WRKY_1:23100915-23101164_binding_312,0.394118,170,2,15,782,744,0.017411741726652996
Dark,WRKY_1:23100915-23101164_binding_32,0.382353,170,2,12,478,311,-0.3672901510594665
Dark,WRKY_1:23100915-23101164_binding_33,0.370588,170,2,8,416,392,-0.23960955149846921
Dark,WRKY_1:23100915-23101164_binding_338,0.370588,170,2,18,827,408,-0.98355256153738
Dark,WRKY_1:23100915-23101164_binding_340,0.4,170,2,19,949,1036,-0.007453755467676265
Dark,WRKY_1:23100915-23101164_binding_344,0.376471,170,2,15,620,429,-0.4083601177516928
Dark,WRKY_1:23100915-23101164_binding_359,0.370588,170,2,15,860,800,-0.05982819103018447
Dark,WRKY_1:23100915-23101164_binding_37,0.388235,170,2,18,1017,961,-0.04996497871729519
Dark,WRKY_1:23100915-23101164_binding_370,0.364706,170,2,17,678,647,-0.1331806796306734
Dark,WRKY_1:23100915-23101164_binding_375,0.364706,170,2,15,760,457,-0.6147707155224489
Dark,WRKY_1:23100915-23101164_binding_386,0.394118,170,2,14,601,516,-0.1578024874474487
Dark,WRKY_1:23100915-23101164_binding_432,0.376471,170,2,17,923,611,-0.49586979736562276
Dark,WRKY_1:23100915-23101164_binding_445,0.370588,170,2,15,721,623,-0.05644346673208364
Dark,WRKY_1:23100915-23101164_binding_448,0.388235,170,2,8,333,350,0.011854806949292723
Dark,WRKY_1:23100915-23101164_binding_450,0.4,170,2,21,1069,758,-0.508174375512718
Dark,WRKY_1:23100915-23101164_binding_452,0.364706,170,2,18,764,609,-0.31373143905613043
Dark,WRKY_1:23100915-23101164_binding_464,0.388235,170,2,18,1041,870,-0.07455754670288739
Dark,WRKY_1:23100915-23101164_binding_485,0.388235,170,2,16,929,612,-0.524231472121497
Dark,WRKY_1:23100915-23101164_binding_491,0.382353,170,2,8,405,292,-0.5396385044776574
Dark,WRKY_1:23100915-23101164_binding_62,0.382353,170,2,12,734,478,-0.4208843867928619
Dark,WRKY_1:23100915-23101164_binding_69,0.394118,170,2,6,246,170,-0.4935882069268127
Dark,WRKY_1:23100915-23101164_reference_binding_1898,0.347059,170,2,12,634,1028,0.6759094036092383
Dark,WRKY_1:23198995-23199244_non_binding_1607,0.276471,170,2,4,143,182,0.07012849835505287
Dark,WRKY_1:23198995-23199244_non_binding_704,0.270588,170,2,3,102,68,-0.363668673589819
Dark,WRKY_1:23198995-23199244_non_binding_812,0.270588,170,2,7,251,186,-0.5092971764437506
Dark,WRKY_1:23198995-23199244_non_binding_919,0.264706,170,2,9,321,271,-0.2845341377973579
Dark,WRKY_1:23198995-23199244_reference_binding_2110,0.270588,170,2,8,300,309,0.29952472659561813
Dark,WRKY_1:23271439-23271688_non_binding_1815,0.364706,170,2,18,687,1204,0.7489218298310708
Dark,WRKY_1:23271439-23271688_non_binding_571,0.364706,170,2,10,507,439,-0.23430319881302988
Dark,WRKY_1:23271439-23271688_non_binding_763,0.364706,170,2,9,283,301,-0.009690442466149807
Dark,WRKY_1:23271439-23271688_reference_binding_2014,0.358824,170,2,21,957,1061,0.21987706207485852
Dark,WRKY_1:2327797-2328046_non_binding_1659,0.376471,170,2,5,135,143,0.01146383881206775
Dark,WRKY_1:2327797-2328046_reference_binding_2337,0.4,170,2,8,219,327,0.5391533998009315
Dark,WRKY_1:2328127-2328376_binding_384,0.458824,170,2,13,605,649,0.01238126559344388
Dark,WRKY_1:2328127-2328376_non_binding_806,0.452941,170,2,10,398,132,-1.4157334434481332
Dark,WRKY_1:2328127-2328376_reference_binding_1952,0.458824,170,2,9,467,431,0.032680366308360964
Dark,WRKY_1:23281517-23281766_non_binding_511,0.311765,170,2,4,143,51,-1.0990934157279182
Dark,WRKY_1:23281517-23281766_non_binding_646,0.305882,170,2,6,283,116,-1.3179835894401477
Dark,WRKY_1:23281517-23281766_reference_binding_1966,0.311765,170,2,9,298,292,-0.10449153807630165
Dark,WRKY_1:23304393-23304642_binding_1053,0.294118,170,2,16,579,2988,2.2227622383134857
Dark,WRKY_1:23304393-23304642_non_binding_630,0.305882,170,2,10,383,438,0.3845804094708982
Dark,WRKY_1:23304393-23304642_reference_binding_2057,0.3,170,2,13,369,1264,1.7736811685667577
Dark,WRKY_1:23349620-23349869_non_binding_508,0.435294,170,2,2,38,28,-0.9109944940282303
Dark,WRKY_1:23349620-23349869_non_binding_536,0.441176,170,2,16,753,265,-1.5245990104487293
Dark,WRKY_1:23349620-23349869_reference_binding_1963,0.441176,170,2,11,366,153,-1.2145230814776644
Dark,WRKY_1:23511550-23511799_non_binding_1413,0.382353,170,2,18,699,1028,0.44060363839082056
Dark,WRKY_1:23511550-23511799_non_binding_1612,0.382353,170,2,12,451,816,0.8492998070617375
Dark,WRKY_1:23511550-23511799_non_binding_777,0.376471,170,2,10,464,372,-0.35599469142310114
Dark,WRKY_1:23511550-23511799_non_binding_894,0.382353,170,2,12,450,506,0.08712313473514721
Dark,WRKY_1:23511550-23511799_reference_binding_2153,0.376471,170,2,12,355,730,1.0663380531088582
Dark,WRKY_1:23687153-23687402_non_binding_1524,0.282353,170,2,18,628,881,0.4476309775985259
Dark,WRKY_1:23687153-23687402_reference_binding_2310,0.288235,170,2,14,577,709,0.36457652325942996
Dark,WRKY_1:23702778-23703027_non_binding_662,0.476471,170,2,9,358,177,-0.8599481531481259
Dark,WRKY_1:23702778-23703027_reference_binding_2081,0.476471,170,2,5,213,149,-0.19598497248423075
Dark,WRKY_1:23713288-23713537_non_binding_1415,0.423529,170,2,10,381,155,-0.9542214772221814
Dark,WRKY_1:23713288-23713537_reference_binding_2287,0.417647,170,2,10,461,257,-0.9781134460172126
Dark,WRKY_1:237741-237990_non_binding_1610,0.411765,170,2,4,270,750,1.3754922240200607
Dark,WRKY_1:237741-237990_reference_binding_2327,0.405882,170,2,6,304,578,0.9263152517807474
Dark,WRKY_1:23806720-23806969_non_binding_1414,0.3,170,2,7,285,149,-1.0150014600927404
Dark,WRKY_1:23806720-23806969_non_binding_939,0.3,170,2,4,196,134,-0.6313829973123746
Dark,WRKY_1:23806720-23806969_reference_binding_2229,0.294118,170,2,8,606,307,-0.7863328804403359
Dark,WRKY_1:23843378-23843627_non_binding_587,0.329412,170,2,6,184,100,-1.017026627203423
Dark,WRKY_1:23843378-23843627_reference_binding_2028,0.323529,170,2,1,43,42,-0.28581172979970065
Dark,WRKY_1:23868824-23869073_non_binding_1434,0.417647,170,2,6,362,178,-0.9163361093857221
Dark,WRKY_1:23868824-23869073_non_binding_1781,0.423529,170,2,13,690,263,-1.3370035209624485
Dark,WRKY_1:23868824-23869073_non_binding_526,0.411765,170,2,11,570,222,-1.439873273802902
Dark,WRKY_1:23868824-23869073_non_binding_922,0.405882,170,2,7,446,138,-1.5221348148113343
Dark,WRKY_1:23868824-23869073_non_binding_946,0.417647,170,2,6,326,198,-0.9038000658814282
Dark,WRKY_1:23868824-23869073_reference_binding_1979,0.411765,170,2,20,910,559,-0.6214681703528009
Dark,WRKY_1:23892156-23892405_binding_1191,0.317647,170,2,1,42,20,-0.9120994432161136
Dark,WRKY_1:23906249-23906498_binding_279,0.382353,170,2,11,348,490,0.38160869422181853
Dark,WRKY_1:23906249-23906498_reference_binding_1948,0.370588,170,2,2,120,107,-0.12759954801792284
Dark,WRKY_1:2392796-2393045_non_binding_1421,0.352941,170,2,10,413,189,-0.9028324956899718
Dark,WRKY_1:2392796-2393045_non_binding_982,0.358824,170,2,16,564,312,-0.8039793460386871
Dark,WRKY_1:2392796-2393045_reference_binding_2248,0.352941,170,2,12,560,364,-0.7401741353125573
Dark,WRKY_1:2393080-2393329_binding_1240,0.294118,170,2,4,154,556,1.8350731130668472
Dark,WRKY_1:2393080-2393329_binding_191,0.311765,170,2,7,272,946,1.7494011822296194
Dark,WRKY_1:2393080-2393329_binding_217,0.305882,170,2,7,244,691,1.5888561994342487
Dark,WRKY_1:2393080-2393329_binding_243,0.317647,170,2,8,349,1470,2.042652184058321
Dark,WRKY_1:2393080-2393329_binding_337,0.305882,170,2,11,310,1058,1.7750213182028127
Dark,WRKY_1:2393080-2393329_binding_35,0.305882,170,2,31,1300,4952,1.9037285865988602
Dark,WRKY_1:2393080-2393329_binding_90,0.317647,170,2,12,480,1974,1.8730381573657744
Dark,WRKY_1:2393080-2393329_non_binding_556,0.3,170,2,9,223,736,1.6912203901188265
Dark,WRKY_1:2393080-2393329_non_binding_628,0.294118,170,2,12,486,938,0.9646338262782286
Dark,WRKY_1:2393080-2393329_reference_binding_1903,0.3,170,2,13,488,1589,1.6112295906729885
Dark,WRKY_1:24108540-24108789_non_binding_501,0.370588,170,1,1,13,14,-8.561141825090823e-4
Dark,WRKY_1:24108540-24108789_non_binding_595,0.370588,170,1,1,6,24,1.8922286819009795
Dark,WRKY_1:24108540-24108789_reference_binding_1944,0.376471,170,1,1,14,18,0.4534974331091062
Dark,WRKY_1:24119224-24119473_non_binding_1422,0.3,170,2,12,456,655,0.5265524565939707
Dark,WRKY_1:24119224-24119473_non_binding_1457,0.3,170,2,15,605,1113,0.8944211341669552
Dark,WRKY_1:24119224-24119473_non_binding_1531,0.294118,170,2,11,386,585,0.6106866896415986
Dark,WRKY_1:24119224-24119473_non_binding_1753,0.3,170,2,5,121,253,1.0215431922579032
Dark,WRKY_1:24119224-24119473_reference_binding_2289,0.294118,170,2,10,363,752,0.9636382946310447
Dark,WRKY_1:24142242-24142491_non_binding_1571,0.3,170,2,10,285,343,0.17591150532097122
Dark,WRKY_1:24142242-24142491_reference_binding_2321,0.3,170,2,7,322,657,1.0890905001995361
Dark,WRKY_1:24149623-24149872_non_binding_1689,0.288235,170,2,9,377,619,0.6153931859806446
Dark,WRKY_1:24149623-24149872_reference_binding_2347,0.264706,170,2,11,309,699,1.022059023397378
Dark,WRKY_1:24220236-24220485_binding_1102,0.329412,170,2,15,649,1058,0.6940772955434575
Dark,WRKY_1:24220236-24220485_binding_1105,0.323529,170,2,6,277,587,0.9103949545286463
Dark,WRKY_1:24220236-24220485_binding_1159,0.317647,170,2,9,420,777,0.8113768964616894
Dark,WRKY_1:24220236-24220485_binding_1195,0.329412,170,2,7,207,531,1.3555003878161864
Dark,WRKY_1:24220236-24220485_binding_1199,0.323529,170,2,8,310,403,0.2581629518340543
Dark,WRKY_1:24220236-24220485_binding_123,0.347059,170,2,13,535,1107,1.1192031890276755
Dark,WRKY_1:24220236-24220485_binding_1372,0.323529,170,2,11,555,257,-1.1236325898499375
Dark,WRKY_1:24220236-24220485_binding_165,0.329412,170,2,14,566,1843,1.6998876035470865
Dark,WRKY_1:24220236-24220485_binding_196,0.335294,170,2,10,431,1365,1.5367601250352276
Dark,WRKY_1:24220236-24220485_binding_22,0.341176,170,2,13,519,3107,2.6151486920075
Dark,WRKY_1:24220236-24220485_binding_236,0.352941,170,2,10,292,988,1.6694524024029704
Dark,WRKY_1:24220236-24220485_binding_261,0.335294,170,2,14,462,1126,1.351369371982008
Dark,WRKY_1:24220236-24220485_binding_264,0.329412,170,2,10,678,1463,1.0745333053886659
Dark,WRKY_1:24220236-24220485_binding_280,0.352941,170,2,19,715,3464,2.23555186178866
Dark,WRKY_1:24220236-24220485_binding_282,0.335294,170,2,12,429,1320,1.6452482971448465
Dark,WRKY_1:24220236-24220485_binding_385,0.335294,170,2,16,722,2751,1.8904558949405885
Dark,WRKY_1:24220236-24220485_binding_396,0.341176,170,2,18,1042,3956,1.9088072976709851
Dark,WRKY_1:24220236-24220485_binding_407,0.352941,170,2,16,499,2023,1.9495474929466337
Dark,WRKY_1:24220236-24220485_binding_413,0.335294,170,2,13,498,1603,1.6378301697811681
Dark,WRKY_1:24220236-24220485_binding_434,0.347059,170,2,8,381,786,1.0155102256886905
Dark,WRKY_1:24220236-24220485_binding_440,0.347059,170,2,17,746,2453,1.6257225571477154
Dark,WRKY_1:24220236-24220485_binding_458,0.335294,170,2,6,140,428,1.506826318196631
Dark,WRKY_1:24220236-24220485_binding_46,0.335294,170,2,12,521,1704,1.7028221147833427
Dark,WRKY_1:24220236-24220485_binding_95,0.329412,170,2,12,374,1284,1.7154545336152758
Dark,WRKY_1:24220236-24220485_reference_binding_1896,0.323529,170,2,11,262,590,1.129423329058338
Dark,WRKY_1:24230209-24230458_non_binding_1645,0.4,170,2,29,1317,2643,0.9495203552854741
Dark,WRKY_1:24230209-24230458_non_binding_554,0.388235,170,2,19,883,1889,1.1870026234017232
Dark,WRKY_1:24230209-24230458_reference_binding_2001,0.382353,170,2,22,837,2322,1.4871179397020922
Dark,WRKY_1:24242357-24242606_binding_1042,0.341176,170,2,23,845,761,-0.15663877758721106
Dark,WRKY_1:24242357-24242606_binding_1071,0.341176,170,2,12,405,1364,1.7361453030300993
Dark,WRKY_1:24242357-24242606_binding_1151,0.335294,170,2,7,317,169,-1.1329974539703191
Dark,WRKY_1:24242357-24242606_binding_1250,0.341176,170,2,7,317,140,-1.2412399053011969
Dark,WRKY_1:24242357-24242606_binding_1259,0.335294,170,2,11,352,393,0.06440654831661419
Dark,WRKY_1:24242357-24242606_binding_1357,0.329412,170,2,9,423,185,-1.326283493119122
Dark,WRKY_1:24242357-24242606_non_binding_1562,0.341176,170,2,12,580,417,-0.6247219409300162
Dark,WRKY_1:24242357-24242606_reference_binding_2258,0.335294,170,2,4,165,169,0.01280922787354595
Dark,WRKY_1:2432150-2432399_non_binding_1718,0.476471,170,2,12,612,230,-1.4032674528679197
Dark,WRKY_1:2432150-2432399_reference_binding_2352,0.470588,170,2,4,214,90,-0.9360894576670242
Dark,WRKY_1:24337336-24337585_binding_1019,0.341176,170,2,18,620,2813,2.162093057624589
Dark,WRKY_1:24337336-24337585_binding_1228,0.341176,170,2,15,391,1780,2.340082974236129
Dark,WRKY_1:24337336-24337585_binding_1278,0.347059,170,2,15,452,1639,1.9532100838472015
Dark,WRKY_1:24337336-24337585_binding_40,0.376471,170,2,16,586,833,0.5349178809786895
Dark,WRKY_1:24337336-24337585_non_binding_557,0.352941,170,2,7,396,1086,1.4336278670738132
Dark,WRKY_1:24337336-24337585_non_binding_682,0.352941,170,2,22,761,2673,1.7271260420917722
Dark,WRKY_1:24337336-24337585_reference_binding_1905,0.347059,170,2,16,515,1752,1.801284347633152
Dark,WRKY_1:24352812-24353061_binding_102,0.417647,170,2,6,351,179,-0.860681494006225
Dark,WRKY_1:24352812-24353061_binding_1020,0.394118,170,2,4,230,388,0.8886260672731061
Dark,WRKY_1:24352812-24353061_binding_110,0.423529,170,2,7,383,222,-0.7522484076646582
Dark,WRKY_1:24352812-24353061_binding_1165,0.4,170,2,3,118,91,-0.3083293692690212
Dark,WRKY_1:24352812-24353061_binding_1238,0.405882,170,2,4,81,176,1.1156061046634296
Dark,WRKY_1:24352812-24353061_binding_124,0.423529,170,2,1,26,33,-0.3847314114261574
Dark,WRKY_1:24352812-24353061_binding_1245,0.4,170,2,5,174,243,0.5561179923951534
Dark,WRKY_1:24352812-24353061_binding_1312,0.4,170,2,2,36,54,0.8123510323564502
Dark,WRKY_1:24352812-24353061_binding_1321,0.394118,170,2,5,160,198,0.37202113920514424
Dark,WRKY_1:24352812-24353061_binding_1349,0.394118,170,2,4,92,113,0.15004651318157386
Dark,WRKY_1:24352812-24353061_binding_1366,0.4,170,2,3,94,113,0.16445824752345545
Dark,WRKY_1:24352812-24353061_binding_1370,0.405882,170,2,6,165,259,0.7559268143340363
Dark,WRKY_1:24352812-24353061_binding_161,0.423529,170,2,5,137,97,-0.4954956671580071
Dark,WRKY_1:24352812-24353061_binding_198,0.423529,170,2,3,109,65,-0.5461143166062946
Dark,WRKY_1:24352812-24353061_binding_211,0.411765,170,2,7,254,330,0.2905074426969238
Dark,WRKY_1:24352812-24353061_binding_350,0.423529,170,2,3,91,73,-0.40344124500426226
Dark,WRKY_1:24352812-24353061_binding_398,0.423529,170,2,2,38,13,-1.397314689549455
Dark,WRKY_1:24352812-24353061_binding_484,0.423529,170,2,2,76,43,-0.7903544828242318
Dark,WRKY_1:24352812-24353061_reference_binding_1929,0.4,170,2,4,213,303,0.5645251597438906
Dark,WRKY_1:24496902-24497151_non_binding_1585,0.358824,170,2,11,366,199,-0.7690628173353243
Dark,WRKY_1:24496902-24497151_non_binding_1788,0.358824,170,2,8,306,198,-0.6634310710518428
Dark,WRKY_1:24496902-24497151_non_binding_568,0.352941,170,2,13,527,316,-0.8018281968218691
Dark,WRKY_1:24496902-24497151_non_binding_685,0.358824,170,2,8,417,216,-0.9731156144534427
Dark,WRKY_1:24496902-24497151_reference_binding_2012,0.358824,170,2,9,327,161,-0.7601864266528269
Dark,WRKY_1:24590424-24590673_non_binding_1684,0.4,170,2,3,107,289,1.5585272249330004
Dark,WRKY_1:24590424-24590673_non_binding_1840,0.417647,170,2,4,211,818,2.0176908583640727
Dark,WRKY_1:24590424-24590673_reference_binding_2345,0.405882,170,2,5,88,247,1.2464550600401558
Dark,WRKY_1:24665686-24665935_binding_147,0.405882,170,2,12,374,480,0.3947042006179113
Dark,WRKY_1:24665686-24665935_binding_28,0.388235,170,2,13,490,921,0.7620263013438335
Dark,WRKY_1:24665686-24665935_binding_418,0.388235,170,2,17,953,705,-0.46092544631359617
Dark,WRKY_1:24665686-24665935_binding_479,0.4,170,2,14,564,441,-0.3434813514574727
Dark,WRKY_1:24665686-24665935_binding_486,0.388235,170,2,19,845,1142,0.3982826963805495
Dark,WRKY_1:24665686-24665935_non_binding_1551,0.411765,170,2,8,188,143,-0.4431209624900584
Dark,WRKY_1:24665686-24665935_non_binding_802,0.405882,170,2,12,692,488,-0.5988685860920645
Dark,WRKY_1:24665686-24665935_reference_binding_1900,0.411765,170,2,7,192,131,-0.6313223033851483
Dark,WRKY_1:24679605-24679854_binding_1202,0.317647,170,2,15,444,3006,2.6233100823267663
Dark,WRKY_1:24679605-24679854_non_binding_1792,0.335294,170,2,15,525,2836,2.2888433365219623
Dark,WRKY_1:24679605-24679854_non_binding_545,0.311765,170,2,19,619,3727,2.472975440786372
Dark,WRKY_1:24679605-24679854_reference_binding_1994,0.311765,170,2,18,684,5310,2.843589104505509
Dark,WRKY_1:24683177-24683426_binding_1012,0.305882,170,2,4,143,182,0.15765601159368361
Dark,WRKY_1:24683177-24683426_binding_1131,0.305882,170,2,6,182,118,-0.4216631805100482
Dark,WRKY_1:24683177-24683426_binding_1176,0.3,170,2,4,93,111,0.39398512772870425
Dark,WRKY_1:24683177-24683426_binding_1189,0.3,170,2,8,320,397,0.1893937165697226
Dark,WRKY_1:24683177-24683426_binding_1323,0.305882,170,2,8,339,315,-0.11648016343705545
Dark,WRKY_1:24683177-24683426_binding_1335,0.3,170,2,6,215,90,-0.7751811528942362
Dark,WRKY_1:24683177-24683426_reference_binding_2254,0.3,170,2,4,226,188,-0.256255321330899
Dark,WRKY_1:24685995-24686244_non_binding_1676,0.358824,170,2,8,243,514,0.9603759449712025
Dark,WRKY_1:24685995-24686244_non_binding_615,0.335294,170,2,7,242,406,0.8524126622676931
Dark,WRKY_1:24685995-24686244_reference_binding_2049,0.341176,170,2,7,268,401,0.5697861517392993
Dark,WRKY_1:24711646-24711895_non_binding_1432,0.305882,170,2,12,346,2137,2.6061598695540162
Dark,WRKY_1:24711646-24711895_non_binding_1845,0.3,170,2,7,321,2323,2.7752080462210316
Dark,WRKY_1:24711646-24711895_non_binding_573,0.311765,170,2,11,529,3372,2.7369009599829717
Dark,WRKY_1:24711646-24711895_reference_binding_2016,0.305882,170,2,5,192,1168,2.593255622532428
Dark,WRKY_1:24755241-24755490_binding_104,0.341176,170,2,6,161,111,-0.22164571533711017
Dark,WRKY_1:24755241-24755490_binding_366,0.341176,170,2,3,117,39,-1.1358289317017243
Dark,WRKY_1:24755241-24755490_binding_372,0.335294,170,2,2,45,36,-0.2523910053504572
Dark,WRKY_1:24755241-24755490_non_binding_1567,0.317647,170,2,1,25,61,0.5161728128471039
Dark,WRKY_1:24755241-24755490_non_binding_759,0.305882,170,2,2,149,86,-0.5821402452269884
Dark,WRKY_1:24755241-24755490_non_binding_857,0.311765,170,2,4,113,50,-0.9989552228080759
Dark,WRKY_1:24755241-24755490_non_binding_948,0.305882,170,2,6,290,166,-0.8139451769514777
Dark,WRKY_1:24755241-24755490_reference_binding_1930,0.311765,170,2,4,110,66,-0.6845728541527519
Dark,WRKY_1:24781169-24781418_binding_1047,0.341176,170,2,13,333,823,1.396435164744306
Dark,WRKY_1:24781169-24781418_binding_1155,0.341176,170,2,8,274,734,1.744994021187547
Dark,WRKY_1:24781169-24781418_binding_1167,0.335294,170,2,11,635,2151,1.7385238398800142
Dark,WRKY_1:24781169-24781418_non_binding_1773,0.364706,170,2,13,303,431,0.5323557220931633
Dark,WRKY_1:24781169-24781418_reference_binding_2259,0.335294,170,2,12,392,1575,1.9093488727906123
Dark,WRKY_1:2478926-2479175_non_binding_1444,0.388235,170,2,9,346,508,0.564171502098437
Dark,WRKY_1:2478926-2479175_reference_binding_2292,0.394118,170,2,11,348,669,0.872514994987457
Dark,WRKY_1:24842677-24842926_non_binding_618,0.288235,170,2,12,469,5414,3.553677196379599
Dark,WRKY_1:24842677-24842926_non_binding_698,0.288235,170,2,13,393,5774,3.8679997910219024
Dark,WRKY_1:24842677-24842926_reference_binding_2051,0.282353,170,2,5,185,1856,3.333933000715323
Dark,WRKY_1:25118753-25119002_non_binding_1553,0.376471,170,2,9,455,240,-0.5884083657676156
Dark,WRKY_1:25118753-25119002_reference_binding_2317,0.382353,170,2,21,710,622,-0.049999276620369876
Dark,WRKY_1:25161804-25162053_non_binding_1486,0.441176,170,2,10,314,300,-0.07717374406227909
Dark,WRKY_1:25161804-25162053_non_binding_760,0.435294,170,2,6,209,137,-0.5910910702600032
Dark,WRKY_1:25161804-25162053_reference_binding_2143,0.435294,170,2,13,652,1319,0.8742253059023295
Dark,WRKY_1:25203436-25203685_non_binding_1445,0.252941,170,2,5,228,793,1.7818243490480143
Dark,WRKY_1:25203436-25203685_reference_binding_2293,0.247059,170,2,3,140,287,1.3342493272097484
Dark,WRKY_1:25250108-25250357_non_binding_538,0.282353,170,2,7,186,144,-0.07563852446774594
Dark,WRKY_1:25250108-25250357_reference_binding_1990,0.282353,170,2,9,293,563,1.0549903409537111
Dark,WRKY_1:25263098-25263347_non_binding_678,0.4,170,2,11,526,255,-0.9954546040532575
Dark,WRKY_1:25263098-25263347_reference_binding_2092,0.394118,170,2,5,248,85,-1.23600606306956
Dark,WRKY_1:25269173-25269422_non_binding_1477,0.276471,170,2,4,57,201,1.9472135585155226
Dark,WRKY_1:25269173-25269422_reference_binding_2301,0.270588,170,2,12,337,803,1.2319495704066343
Dark,WRKY_1:25312599-25312848_non_binding_632,0.441176,170,2,3,84,32,-1.5225990362344044
Dark,WRKY_1:25312599-25312848_reference_binding_2059,0.441176,170,2,5,177,127,-0.507319068974419
Dark,WRKY_1:25329496-25329745_binding_347,0.4,170,2,16,687,777,0.07503692820886981
Dark,WRKY_1:25329496-25329745_non_binding_1539,0.405882,170,2,7,427,240,-0.9464790251310847
Dark,WRKY_1:25329496-25329745_reference_binding_1951,0.4,170,2,2,70,50,-0.6216762470916515
Dark,WRKY_1:25350580-25350829_non_binding_1752,0.347059,170,2,7,323,181,-0.5953554825616867
Dark,WRKY_1:25350580-25350829_non_binding_597,0.323529,170,2,14,679,455,-0.5860469700580817
Dark,WRKY_1:25350580-25350829_non_binding_732,0.335294,170,2,20,954,757,-0.2845238050642248
Dark,WRKY_1:25350580-25350829_non_binding_781,0.341176,170,2,13,473,260,-0.6369686128369332
Dark,WRKY_1:25350580-25350829_non_binding_912,0.329412,170,2,15,751,525,-0.532476262731816
Dark,WRKY_1:25350580-25350829_reference_binding_2034,0.329412,170,2,11,406,468,0.21789992153165333
Dark,WRKY_1:25452904-25453153_binding_1216,0.423529,170,2,11,423,585,0.3185156445448259
Dark,WRKY_1:25452904-25453153_binding_1294,0.429412,170,2,11,454,384,-0.32717931363776054
Dark,WRKY_1:25452904-25453153_binding_1358,0.423529,170,2,15,760,612,-0.20630103668697752
Dark,WRKY_1:25452904-25453153_non_binding_1396,0.423529,170,2,10,278,297,0.2760488297939674
Dark,WRKY_1:25452904-25453153_non_binding_1508,0.411765,170,2,13,499,336,-0.42284385430952254
Dark,WRKY_1:25452904-25453153_non_binding_1605,0.411765,170,2,10,265,288,-0.04189280180871738
Dark,WRKY_1:25452904-25453153_non_binding_947,0.429412,170,2,17,778,434,-0.786737242522293
Dark,WRKY_1:25452904-25453153_reference_binding_2234,0.417647,170,2,16,706,597,-0.27556099586341265
Dark,WRKY_1:25459845-25460094_non_binding_1436,0.376471,170,2,2,31,140,1.7736425164646836
Dark,WRKY_1:25459845-25460094_non_binding_550,0.382353,170,2,8,260,463,0.9763757460030181
Dark,WRKY_1:25459845-25460094_reference_binding_1998,0.376471,170,2,7,176,582,1.660842930765954
Dark,WRKY_1:25485093-25485342_non_binding_503,0.405882,170,2,3,133,83,-0.431073107399692
Dark,WRKY_1:25485093-25485342_reference_binding_1958,0.405882,170,2,12,502,503,0.04427099105303317
Dark,WRKY_1:25513796-25514045_non_binding_1532,0.364706,170,2,13,387,2589,2.733051493804157
Dark,WRKY_1:25513796-25514045_non_binding_1825,0.394118,170,2,18,642,5240,3.128523205371162
Dark,WRKY_1:25513796-25514045_non_binding_1851,0.4,170,2,10,369,2825,2.8341177328751277
Dark,WRKY_1:25513796-25514045_non_binding_1856,0.405882,170,2,13,392,4657,3.564471844508967
Dark,WRKY_1:25513796-25514045_non_binding_530,0.364706,170,2,7,220,807,1.9175068971085862
Dark,WRKY_1:25513796-25514045_reference_binding_1983,0.370588,170,2,7,295,2283,2.7865344477483425
Dark,WRKY_1:25538626-25538875_non_binding_1816,0.358824,170,2,10,409,522,0.34604002062003786
Dark,WRKY_1:25538626-25538875_reference_binding_2369,0.352941,170,2,13,345,368,-0.09984573230486637
Dark,WRKY_1:25634690-25634939_binding_1133,0.258824,170,2,9,289,683,1.0500257849688894
Dark,WRKY_1:25634690-25634939_binding_1178,0.264706,170,2,7,285,557,0.836556659730154
Dark,WRKY_1:25634690-25634939_binding_1180,0.258824,170,2,12,597,1582,1.437587275018994
Dark,WRKY_1:25634690-25634939_binding_1211,0.264706,170,2,10,353,704,0.7491239368454428
Dark,WRKY_1:25634690-25634939_non_binding_1487,0.258824,170,2,7,304,467,0.8012536309457269
Dark,WRKY_1:25634690-25634939_reference_binding_2273,0.258824,170,2,5,190,448,1.3131835281793915
Dark,WRKY_1:25712424-25712673_binding_1288,0.358824,170,2,6,226,258,0.15126421280449132
Dark,WRKY_1:25712424-25712673_non_binding_565,0.352941,170,2,5,257,157,-0.6689506231804303
Dark,WRKY_1:25712424-25712673_reference_binding_2009,0.358824,170,2,9,487,399,-0.287669155920021
Dark,WRKY_1:2573230-2573479_non_binding_1823,0.411765,170,2,16,600,266,-1.2385116264133735
Dark,WRKY_1:2573230-2573479_reference_binding_2370,0.394118,170,2,17,745,531,-0.36748022583032247
Dark,WRKY_1:25752179-25752428_non_binding_1642,0.282353,170,2,10,255,459,0.9041765364035945
Dark,WRKY_1:25752179-25752428_non_binding_1730,0.288235,170,2,12,303,571,0.9125200633541948
Dark,WRKY_1:25752179-25752428_non_binding_593,0.276471,170,2,6,271,191,-0.13723565786398695
Dark,WRKY_1:25752179-25752428_reference_binding_2031,0.270588,170,2,7,238,300,0.5418154309443902
Dark,WRKY_1:25828093-25828342_non_binding_1565,0.288235,170,2,13,538,623,0.22379588045804316
Dark,WRKY_1:25828093-25828342_reference_binding_2319,0.294118,170,2,15,603,871,0.4886689355792425
Dark,WRKY_1:25830544-25830793_binding_1059,0.311765,170,2,12,339,2484,2.8901908189393426
Dark,WRKY_1:25830544-25830793_binding_1104,0.323529,170,2,16,898,6740,2.9410182071278728
Dark,WRKY_1:25830544-25830793_binding_1112,0.323529,170,2,9,333,2227,2.7978535773294615
Dark,WRKY_1:25830544-25830793_binding_117,0.341176,170,2,12,442,2679,2.5718446898933456
Dark,WRKY_1:25830544-25830793_binding_1257,0.317647,170,2,11,397,2558,2.66433232511992
Dark,WRKY_1:25830544-25830793_binding_13,0.329412,170,2,16,463,3007,2.6148918121053684
Dark,WRKY_1:25830544-25830793_binding_1328,0.317647,170,2,11,355,2370,2.6341658807743205
Dark,WRKY_1:25830544-25830793_binding_134,0.335294,170,2,12,541,3577,2.7758714565790186
Dark,WRKY_1:25830544-25830793_binding_1369,0.323529,170,2,10,342,2383,2.836297178551714
Dark,WRKY_1:25830544-25830793_binding_16,0.329412,170,2,7,263,1807,2.7126296989064507
Dark,WRKY_1:25830544-25830793_binding_181,0.323529,170,2,10,371,2705,2.831341372748051
Dark,WRKY_1:25830544-25830793_binding_183,0.341176,170,2,9,488,2765,2.459949201340091
Dark,WRKY_1:25830544-25830793_binding_200,0.335294,170,2,13,502,3725,2.83156654335889
Dark,WRKY_1:25830544-25830793_binding_205,0.341176,170,2,8,521,2584,2.355048923086075
Dark,WRKY_1:25830544-25830793_binding_227,0.341176,170,2,12,334,2369,2.6687748295139384
Dark,WRKY_1:25830544-25830793_binding_292,0.341176,170,2,7,250,1949,2.9092745435052
Dark,WRKY_1:25830544-25830793_binding_31,0.341176,170,2,4,249,1511,2.622666180163572
Dark,WRKY_1:25830544-25830793_binding_356,0.335294,170,2,13,449,2576,2.479483602093349
Dark,WRKY_1:25830544-25830793_binding_362,0.352941,170,2,23,800,6280,3.0278434781315253
Dark,WRKY_1:25830544-25830793_binding_471,0.341176,170,2,10,498,1722,1.8780583774796273
Dark,WRKY_1:25830544-25830793_binding_481,0.335294,170,2,17,784,6267,2.884809324534104
Dark,WRKY_1:25830544-25830793_binding_66,0.323529,170,2,7,434,2072,2.2911837460424067
Dark,WRKY_1:25830544-25830793_binding_77,0.347059,170,2,13,340,1870,2.426068603376888
Dark,WRKY_1:25830544-25830793_reference_binding_1892,0.317647,170,2,8,236,2258,2.966278042242494
Dark,WRKY_1:25890231-25890480_binding_1196,0.329412,170,2,3,62,42,-0.08939612254705132
Dark,WRKY_1:25890231-25890480_non_binding_1598,0.329412,170,2,9,284,286,0.08992028419025139
Dark,WRKY_1:25890231-25890480_non_binding_730,0.329412,170,2,5,138,291,0.9596646318536155
Dark,WRKY_1:25890231-25890480_reference_binding_2123,0.323529,170,2,5,173,203,0.6782578982330186
Dark,WRKY_1:26012156-26012405_binding_1120,0.335294,170,2,1,14,9,-0.3271369424949573
Dark,WRKY_1:26012156-26012405_non_binding_1506,0.335294,170,2,1,14,11,-0.24514907493939436
Dark,WRKY_1:26012156-26012405_non_binding_1530,0.329412,170,2,2,38,50,0.30073856664648213
Dark,WRKY_1:26029516-26029765_non_binding_1637,0.364706,170,2,10,333,2424,2.8464973162620915
Dark,WRKY_1:26029516-26029765_non_binding_1871,0.376471,170,2,9,425,4613,3.3951893645318885
Dark,WRKY_1:26029516-26029765_reference_binding_2331,0.347059,170,2,12,469,5893,3.442936644511831
Dark,WRKY_1:26219788-26220037_binding_1075,0.323529,170,2,13,335,703,1.0126674000132734
Dark,WRKY_1:26219788-26220037_non_binding_787,0.317647,170,2,8,214,345,0.7169068538101697
Dark,WRKY_1:26219788-26220037_non_binding_878,0.317647,170,2,9,125,223,0.726175959084721
Dark,WRKY_1:26219788-26220037_reference_binding_2156,0.317647,170,2,8,155,337,1.3255621034177456
Dark,WRKY_1:26237834-26238083_non_binding_529,0.288235,170,2,4,142,1622,3.2801464778533984
Dark,WRKY_1:26237834-26238083_non_binding_891,0.282353,170,2,9,348,2618,2.953608097101318
Dark,WRKY_1:26237834-26238083_reference_binding_1982,0.282353,170,2,6,238,2398,3.271403142629403
Dark,WRKY_1:26250245-26250494_non_binding_517,0.405882,170,2,5,240,51,-2.019902556408967
Dark,WRKY_1:26250245-26250494_non_binding_695,0.405882,170,2,9,510,155,-1.7202261235338083
Dark,WRKY_1:26250245-26250494_reference_binding_1970,0.405882,170,2,5,182,115,-1.13205552717505
Dark,WRKY_1:26312720-26312969_non_binding_1820,0.229412,170,2,9,327,981,1.6199709387288408
Dark,WRKY_1:26312720-26312969_non_binding_714,0.211765,170,2,8,295,822,1.521875731128692
Dark,WRKY_1:26312720-26312969_reference_binding_2117,0.205882,170,2,6,277,444,0.8419337445814198
Dark,WRKY_1:26459110-26459359_non_binding_1498,0.417647,170,2,10,474,188,-1.3402300645840073
Dark,WRKY_1:26459110-26459359_non_binding_751,0.411765,170,2,12,648,216,-1.4931754360510423
Dark,WRKY_1:26459110-26459359_reference_binding_2137,0.417647,170,2,6,380,153,-1.2976028949929768
Dark,WRKY_1:26476465-26476714_non_binding_559,0.329412,170,2,9,312,1009,1.7718961821498551
Dark,WRKY_1:26476465-26476714_non_binding_680,0.329412,170,2,5,218,556,1.419051330293792
Dark,WRKY_1:26476465-26476714_non_binding_910,0.341176,170,2,6,206,453,1.0526128732801565
Dark,WRKY_1:26476465-26476714_reference_binding_2003,0.335294,170,2,5,145,392,1.5894553700417404
Dark,WRKY_1:26479887-26480136_non_binding_610,0.294118,170,2,7,306,140,-1.1548128568012346
Dark,WRKY_1:26479887-26480136_reference_binding_2044,0.3,170,2,5,204,125,-0.8014756781882713
Dark,WRKY_1:26568868-26569117_non_binding_1621,0.341176,170,2,12,486,436,0.019628590391125383
Dark,WRKY_1:26568868-26569117_non_binding_1818,0.347059,170,2,3,150,46,-1.2575501639470126
Dark,WRKY_1:26568868-26569117_non_binding_1819,0.347059,170,2,10,388,422,0.13123578919366283
Dark,WRKY_1:26568868-26569117_reference_binding_2329,0.341176,170,2,8,308,326,0.209985461030212
Dark,WRKY_1:26598358-26598607_binding_1219,0.335294,170,2,10,281,202,-0.5381095299654625
Dark,WRKY_1:26598358-26598607_binding_1249,0.335294,170,2,5,230,139,-0.8495613378339872
Dark,WRKY_1:26598358-26598607_non_binding_1485,0.341176,170,2,10,428,330,-0.3637158189458989
Dark,WRKY_1:26598358-26598607_reference_binding_2276,0.341176,170,2,14,487,310,-0.4894673981236565
Dark,WRKY_1:26602557-26602806_non_binding_1596,0.347059,170,2,11,357,832,1.0818578849368456
Dark,WRKY_1:26602557-26602806_non_binding_1858,0.352941,170,2,11,486,493,0.28920059041310114
Dark,WRKY_1:26602557-26602806_reference_binding_2323,0.341176,170,2,8,164,684,2.023740401225993
Dark,WRKY_1:26631403-26631652_binding_1207,0.394118,170,1,1,11,20,0.9534238299744628
Dark,WRKY_1:26631403-26631652_binding_1272,0.4,170,1,1,24,24,0.09092735372439803
Dark,WRKY_1:26631403-26631652_binding_1273,0.4,170,2,3,193,36,-1.8027841413831864
Dark,WRKY_1:26631403-26631652_binding_1296,0.4,170,2,3,183,67,-1.4621125482341348
Dark,WRKY_1:26631403-26631652_binding_394,0.423529,170,2,2,59,40,-0.4747638481180299
Dark,WRKY_1:26631403-26631652_binding_436,0.417647,170,2,2,33,67,1.1405911675859737
Dark,WRKY_1:26631403-26631652_binding_455,0.417647,170,2,5,205,209,-0.058644514387362845
Dark,WRKY_1:26631403-26631652_binding_488,0.417647,170,2,2,76,27,-0.7846924937017009
Dark,WRKY_1:26631403-26631652_binding_79,0.411765,170,2,4,218,273,0.5700873773943688
Dark,WRKY_1:26631403-26631652_reference_binding_1922,0.394118,170,2,1,52,15,-1.1539463731890067
Dark,WRKY_1:26640168-26640417_non_binding_1510,0.364706,170,2,3,107,61,-1.0470442938908195
Dark,WRKY_1:26640168-26640417_reference_binding_2308,0.358824,170,2,7,257,165,-0.7162371628798323
Dark,WRKY_1:2664661-2664910_non_binding_1541,0.335294,170,2,3,148,92,-0.5694172443766168
Dark,WRKY_1:2664661-2664910_non_binding_1655,0.352941,170,2,7,338,300,-0.20980619985468899
Dark,WRKY_1:2664661-2664910_reference_binding_2314,0.341176,170,2,6,236,176,-0.4092835091764484
Dark,WRKY_1:26661879-26662128_non_binding_1870,0.276471,170,2,14,482,584,0.16469676861682786
Dark,WRKY_1:26661879-26662128_non_binding_561,0.235294,170,2,10,459,599,0.5046621464125598
Dark,WRKY_1:26661879-26662128_reference_binding_2005,0.241176,170,2,6,209,301,0.5721654515003525
Dark,WRKY_1:26876054-26876303_non_binding_743,0.335294,170,2,11,547,290,-0.6556705436234376
Dark,WRKY_1:26876054-26876303_non_binding_890,0.352941,170,2,6,218,129,-0.9049674098910043
Dark,WRKY_1:26876054-26876303_reference_binding_2131,0.335294,170,2,27,1051,1070,0.035309402486677244
Dark,WRKY_1:26916849-26917098_non_binding_631,0.341176,170,2,9,274,110,-1.0801837157469456
Dark,WRKY_1:26916849-26917098_reference_binding_2058,0.347059,170,2,13,557,182,-1.4745824542616646
Dark,WRKY_1:26961925-26962174_non_binding_1523,0.252941,170,2,8,281,796,1.4536658661235498
Dark,WRKY_1:26961925-26962174_non_binding_1580,0.252941,170,2,13,432,1511,1.8521611986971944
Dark,WRKY_1:26961925-26962174_non_binding_1625,0.252941,170,2,5,251,1247,2.1396376736543354
Dark,WRKY_1:26961925-26962174_non_binding_897,0.247059,170,2,16,458,2146,2.1532442164851906
Dark,WRKY_1:26961925-26962174_reference_binding_2214,0.247059,170,2,19,713,2280,1.6840175633701413
Dark,WRKY_1:2703106-2703355_non_binding_1704,0.329412,170,2,8,270,626,1.1753784470462985
Dark,WRKY_1:2703106-2703355_non_binding_969,0.323529,170,2,5,134,201,0.8277906887984363
Dark,WRKY_1:2703106-2703355_reference_binding_2242,0.317647,170,2,11,407,859,1.0945393867537057
Dark,WRKY_1:27036444-27036693_binding_1035,0.247059,170,2,12,360,513,0.726527649140435
Dark,WRKY_1:27036444-27036693_binding_1038,0.252941,170,2,13,563,1492,1.2625288132127763
Dark,WRKY_1:27036444-27036693_binding_1046,0.252941,170,2,5,110,167,0.48441462706313765
Dark,WRKY_1:27036444-27036693_binding_1052,0.252941,170,2,13,471,523,0.2889648044663917
Dark,WRKY_1:27036444-27036693_binding_1073,0.252941,170,2,11,532,695,0.44569768333043336
Dark,WRKY_1:27036444-27036693_binding_1121,0.247059,170,2,5,148,325,1.2808026146939293
Dark,WRKY_1:27036444-27036693_binding_1150,0.252941,170,2,13,804,1591,1.015393211220899
Dark,WRKY_1:27036444-27036693_binding_1221,0.241176,170,2,13,449,825,0.9572678649253271
Dark,WRKY_1:27036444-27036693_binding_1236,0.241176,170,2,13,576,1360,1.18964855922665
Dark,WRKY_1:27036444-27036693_binding_1302,0.258824,170,2,12,728,1055,0.5330350818314624
Dark,WRKY_1:27036444-27036693_binding_1320,0.241176,170,2,7,220,436,0.8702494003774384
Dark,WRKY_1:27036444-27036693_binding_1330,0.247059,170,2,14,542,1056,0.8033147542895911
Dark,WRKY_1:27036444-27036693_binding_1355,0.247059,170,2,10,331,665,1.2170802181890186
Dark,WRKY_1:27036444-27036693_binding_1364,0.252941,170,2,15,554,1197,1.099816666338135
Dark,WRKY_1:27036444-27036693_binding_1373,0.252941,170,2,9,478,684,0.5945883486996846
Dark,WRKY_1:27036444-27036693_binding_422,0.264706,170,2,6,294,617,1.1014532823159051
Dark,WRKY_1:27036444-27036693_reference_binding_1953,0.247059,170,2,13,418,830,0.992550544812007
Dark,WRKY_1:27083462-27083711_non_binding_1383,0.482353,170,2,1,45,127,1.5069830990351094
Dark,WRKY_1:27083462-27083711_non_binding_944,0.482353,170,2,1,21,14,0.2678485293270779
Dark,WRKY_1:27125651-27125900_non_binding_1677,0.358824,170,2,11,641,212,-1.4421659699534204
Dark,WRKY_1:27125651-27125900_non_binding_1829,0.352941,170,2,11,419,159,-1.2637543275699006
Dark,WRKY_1:27125651-27125900_non_binding_1835,0.352941,170,2,19,742,346,-1.1314607764401328
Dark,WRKY_1:27125651-27125900_reference_binding_2342,0.352941,170,2,17,686,702,-0.013008388281635724
Dark,WRKY_1:27197778-27198027_non_binding_1803,0.458824,170,2,3,70,22,-1.5417927576254384
Dark,WRKY_1:27197778-27198027_non_binding_828,0.482353,170,2,1,17,6,-1.5249295108012928
Dark,WRKY_1:27197778-27198027_reference_binding_2182,0.470588,170,1,1,20,16,-0.4296994129863833
Dark,WRKY_1:27210145-27210394_non_binding_1717,0.411765,170,2,12,462,212,-1.2872648576237429
Dark,WRKY_1:27210145-27210394_non_binding_510,0.405882,170,2,10,340,268,-0.5642377375650469
Dark,WRKY_1:27210145-27210394_reference_binding_1965,0.4,170,2,6,343,114,-1.5473829509222734
Dark,WRKY_1:2722305-2722554_non_binding_1525,0.288235,170,2,5,158,210,0.28299242600406316
Dark,WRKY_1:2722305-2722554_reference_binding_2206,0.288235,170,2,4,109,148,0.5911751446396262
Dark,WRKY_1:27376275-27376524_binding_1099,0.341176,170,2,14,794,629,-0.46819560433955876
Dark,WRKY_1:27376275-27376524_non_binding_1461,0.341176,170,2,16,803,552,-0.4633678696248297
Dark,WRKY_1:27376275-27376524_non_binding_813,0.341176,170,2,13,406,369,-0.2225763694567988
Dark,WRKY_1:27376275-27376524_reference_binding_2173,0.341176,170,2,6,277,193,-0.4843817237427967
Dark,WRKY_1:27444289-27444538_non_binding_1664,0.411765,170,2,5,186,257,0.21665998069106152
Dark,WRKY_1:27444289-27444538_reference_binding_2340,0.394118,170,2,6,277,728,1.353926910881678
Dark,WRKY_1:27452047-27452296_non_binding_525,0.288235,170,2,13,436,939,1.130298356266346
Dark,WRKY_1:27452047-27452296_reference_binding_1978,0.282353,170,2,15,815,2009,1.2423590531927833
Dark,WRKY_1:27468717-27468966_non_binding_1763,0.282353,170,2,5,147,191,0.34324419536363404
Dark,WRKY_1:27468717-27468966_non_binding_674,0.264706,170,2,3,155,270,0.6425206852152643
Dark,WRKY_1:27468717-27468966_non_binding_918,0.258824,170,2,2,100,153,0.507270101714601
Dark,WRKY_1:27468717-27468966_reference_binding_2090,0.258824,170,2,7,292,479,0.6459222357203649
Dark,WRKY_1:27522241-27522490_binding_1186,0.423529,170,2,1,11,7,-0.3842281672526153
Dark,WRKY_1:27522241-27522490_non_binding_1403,0.435294,170,1,2,29,28,0.04030128065442978
Dark,WRKY_1:27652137-27652386_non_binding_1417,0.394118,170,2,4,52,164,1.5713843313157758
Dark,WRKY_1:27652137-27652386_non_binding_752,0.4,170,2,3,98,57,-0.9855654951649276
Dark,WRKY_1:27652137-27652386_reference_binding_2138,0.388235,170,2,6,120,310,1.636799121144486
Dark,WRKY_1:2767459-2767708_non_binding_1809,0.4,170,2,3,108,33,-1.2168030720614638
Dark,WRKY_1:2767459-2767708_non_binding_773,0.376471,170,2,8,348,284,-0.373970974174625
Dark,WRKY_1:2767459-2767708_non_binding_901,0.394118,170,2,5,175,137,-0.4960114366460554
Dark,WRKY_1:2767459-2767708_non_binding_990,0.394118,170,2,6,161,71,-0.8409147501244073
Dark,WRKY_1:2767459-2767708_reference_binding_2151,0.382353,170,2,9,386,343,-0.14541171083432436
Dark,WRKY_1:27690201-27690450_binding_1004,0.352941,170,2,13,506,1764,1.8176527160997935
Dark,WRKY_1:27690201-27690450_binding_1021,0.352941,170,2,8,236,490,1.2463662514811615
Dark,WRKY_1:27690201-27690450_binding_113,0.358824,170,2,15,352,930,1.2346104201281294
Dark,WRKY_1:27690201-27690450_binding_1224,0.358824,170,2,6,142,716,2.1669342247524117
Dark,WRKY_1:27690201-27690450_binding_1251,0.358824,170,2,8,194,579,1.572812616074321
Dark,WRKY_1:27690201-27690450_binding_1270,0.358824,170,2,7,237,671,1.367813175829077
Dark,WRKY_1:27690201-27690450_binding_1286,0.352941,170,2,12,540,1299,1.2557285800767857
Dark,WRKY_1:27690201-27690450_binding_203,0.358824,170,2,6,182,413,1.2687366094508525
Dark,WRKY_1:27690201-27690450_binding_207,0.358824,170,2,4,164,387,1.402084246691852
Dark,WRKY_1:27690201-27690450_binding_220,0.370588,170,2,14,633,988,0.6591665739383847
Dark,WRKY_1:27690201-27690450_binding_242,0.364706,170,2,10,341,1048,1.5177491878529739
Dark,WRKY_1:27690201-27690450_binding_262,0.376471,170,2,4,126,195,0.7051465062394242
Dark,WRKY_1:27690201-27690450_binding_287,0.358824,170,2,4,290,715,1.2742241977785507
Dark,WRKY_1:27690201-27690450_binding_289,0.358824,170,2,5,201,378,0.8818484579793242
Dark,WRKY_1:27690201-27690450_binding_318,0.347059,170,2,8,214,542,1.2781246338697703
Dark,WRKY_1:27690201-27690450_binding_374,0.370588,170,2,13,552,738,0.45657934558683244
Dark,WRKY_1:27690201-27690450_binding_392,0.352941,170,2,5,97,96,-0.0641837827678237
Dark,WRKY_1:27690201-27690450_binding_408,0.370588,170,2,8,195,521,1.3723672137906093
Dark,WRKY_1:27690201-27690450_binding_410,0.364706,170,2,12,398,574,0.5616839450394207
Dark,WRKY_1:27690201-27690450_binding_438,0.352941,170,2,8,229,501,1.1393458583351737
Dark,WRKY_1:27690201-27690450_binding_443,0.370588,170,2,4,91,183,1.276009135710545
Dark,WRKY_1:27690201-27690450_binding_472,0.370588,170,2,10,269,383,0.7554721471752159
Dark,WRKY_1:27690201-27690450_binding_52,0.364706,170,2,13,440,1398,1.6117984504321647
Dark,WRKY_1:27690201-27690450_binding_55,0.364706,170,2,11,382,709,0.8262192927853919
Dark,WRKY_1:27690201-27690450_reference_binding_1913,0.358824,170,2,14,587,1827,1.5501840489206864
Dark,WRKY_1:27722882-27723131_non_binding_1398,0.464706,170,2,18,1031,751,-0.4464569963272549
Dark,WRKY_1:27722882-27723131_non_binding_1399,0.452941,170,2,13,667,438,-0.44702586667715594
Dark,WRKY_1:27722882-27723131_reference_binding_2281,0.458824,170,2,15,628,481,-0.3645512153064733
Dark,WRKY_1:27726237-27726486_binding_160,0.347059,170,2,1,30,26,-0.13318178186696766
Dark,WRKY_1:27726237-27726486_binding_178,0.364706,170,2,1,10,13,0.11208206756458575
Dark,WRKY_1:27726237-27726486_binding_265,0.370588,170,1,1,15,27,0.9389242602793478
Dark,WRKY_1:27726237-27726486_binding_296,0.358824,170,1,1,17,19,0.2513920259176441
Dark,WRKY_1:27726237-27726486_binding_315,0.352941,170,2,2,16,38,1.3791652759669157
Dark,WRKY_1:27726237-27726486_binding_321,0.358824,170,2,3,31,61,0.7225619449858149
Dark,WRKY_1:27726237-27726486_binding_409,0.364706,170,2,1,5,7,0.6930603513018229
Dark,WRKY_1:27726237-27726486_binding_469,0.364706,170,2,1,17,6,-1.628154949535006
Dark,WRKY_1:27726237-27726486_binding_80,0.352941,170,2,1,12,11,0.46400724071645805
Dark,WRKY_1:27773963-27774212_binding_1061,0.364706,170,2,11,363,189,-0.8082892445693393
Dark,WRKY_1:27773963-27774212_binding_1128,0.370588,170,2,10,465,241,-0.7429368487207478
Dark,WRKY_1:27773963-27774212_binding_1234,0.358824,170,2,16,672,325,-1.0524714593064508
Dark,WRKY_1:27773963-27774212_non_binding_639,0.358824,170,2,15,476,418,-0.2439247993805952
Dark,WRKY_1:27773963-27774212_reference_binding_2065,0.364706,170,2,14,532,239,-1.071140262461649
Dark,WRKY_1:2782660-2782909_non_binding_1834,0.358824,170,2,13,595,324,-0.8639172948476649
Dark,WRKY_1:2782660-2782909_non_binding_797,0.370588,170,2,9,515,250,-0.985807772878891
Dark,WRKY_1:2782660-2782909_reference_binding_2163,0.370588,170,2,8,435,358,-0.2095181076740461
Dark,WRKY_1:27933394-27933643_binding_1043,0.347059,170,2,9,426,552,0.35885910797779896
Dark,WRKY_1:27933394-27933643_binding_1083,0.341176,170,2,12,465,343,-0.36705269082116543
Dark,WRKY_1:27933394-27933643_binding_1173,0.347059,170,2,17,812,496,-0.729583406372562
Dark,WRKY_1:27933394-27933643_binding_1246,0.352941,170,2,11,657,595,-0.14575274531725846
Dark,WRKY_1:27933394-27933643_binding_1248,0.352941,170,2,7,348,255,-0.43870586144713963
Dark,WRKY_1:27933394-27933643_binding_1256,0.352941,170,2,9,330,287,-0.15626395658053654
Dark,WRKY_1:27933394-27933643_binding_1297,0.347059,170,2,10,367,329,-0.17717874053370328
Dark,WRKY_1:27933394-27933643_binding_1299,0.341176,170,2,20,872,603,-0.39834604431055715
Dark,WRKY_1:27933394-27933643_binding_1318,0.358824,170,2,18,609,579,-0.08669038666931422
Dark,WRKY_1:27933394-27933643_binding_156,0.347059,170,2,18,705,563,-0.35195118948262893
Dark,WRKY_1:27933394-27933643_binding_184,0.329412,170,2,7,297,230,-0.30085498026381896
Dark,WRKY_1:27933394-27933643_binding_204,0.329412,170,2,11,401,427,-0.09707166822784297
Dark,WRKY_1:27933394-27933643_binding_209,0.335294,170,2,19,868,425,-1.0315979155786574
Dark,WRKY_1:27933394-27933643_binding_297,0.347059,170,2,9,234,154,-0.733473831300704
Dark,WRKY_1:27933394-27933643_binding_306,0.323529,170,2,9,399,236,-0.42612400141938034
Dark,WRKY_1:27933394-27933643_binding_313,0.329412,170,2,10,510,229,-1.2246524666806085
Dark,WRKY_1:27933394-27933643_binding_331,0.323529,170,2,11,499,374,-0.3206887580810667
Dark,WRKY_1:27933394-27933643_binding_412,0.329412,170,2,13,678,337,-1.05071744327043
Dark,WRKY_1:27933394-27933643_binding_463,0.341176,170,2,5,240,143,-0.8618619161757689
Dark,WRKY_1:27933394-27933643_binding_470,0.335294,170,2,11,439,280,-0.5014981062109916
Dark,WRKY_1:27933394-27933643_binding_84,0.323529,170,2,11,433,195,-1.0200445211278883
Dark,WRKY_1:27933394-27933643_binding_97,0.347059,170,2,11,280,158,-0.8447107921131882
Dark,WRKY_1:27933394-27933643_reference_binding_1923,0.347059,170,2,12,514,401,-0.16427538801046024
Dark,WRKY_1:28003120-28003369_non_binding_1714,0.382353,170,2,6,143,236,0.5511965707256253
Dark,WRKY_1:28003120-28003369_non_binding_638,0.370588,170,2,5,206,252,0.07536818357220147
Dark,WRKY_1:28003120-28003369_reference_binding_2064,0.376471,170,2,8,313,662,0.9423200513084857
Dark,WRKY_1:28031445-28031694_non_binding_1661,0.4,170,2,11,492,839,0.8675802907875988
Dark,WRKY_1:28031445-28031694_non_binding_772,0.417647,170,2,13,677,730,0.03651881928322204
Dark,WRKY_1:28031445-28031694_reference_binding_2150,0.411765,170,2,9,303,376,0.21354263774616145
Dark,WRKY_1:28050086-28050335_non_binding_1490,0.305882,170,2,8,270,235,-0.1465457340468765
Dark,WRKY_1:28050086-28050335_reference_binding_2304,0.311765,170,2,6,216,336,0.5412450302787434
Dark,WRKY_1:28222483-28222732_binding_1194,0.417647,170,2,11,465,509,0.17012649593725526
Dark,WRKY_1:28222483-28222732_binding_1276,0.405882,170,2,16,682,495,-0.4665718335014848
Dark,WRKY_1:28222483-28222732_binding_1281,0.417647,170,2,13,485,349,-0.29063686035317704
Dark,WRKY_1:28222483-28222732_binding_1303,0.405882,170,2,8,299,314,0.1920686511084
Dark,WRKY_1:28222483-28222732_binding_1338,0.417647,170,2,17,639,478,-0.44526637881824654
Dark,WRKY_1:28222483-28222732_binding_288,0.423529,170,2,9,319,274,-0.22897271353652146
Dark,WRKY_1:28222483-28222732_binding_47,0.429412,170,2,9,234,139,-0.4890299978956674
Dark,WRKY_1:28222483-28222732_binding_54,0.423529,170,2,6,180,166,-0.2914216755240312
Dark,WRKY_1:28222483-28222732_reference_binding_1909,0.411765,170,2,20,804,869,0.01602590890141603
Dark,WRKY_1:28231232-28231481_binding_1122,0.394118,170,2,3,210,133,-0.5475161713909167
Dark,WRKY_1:28231232-28231481_binding_1197,0.388235,170,2,6,262,303,0.16218659000161637
Dark,WRKY_1:28231232-28231481_reference_binding_2270,0.388235,170,2,5,187,204,0.027119566843429727
Dark,WRKY_1:28231838-28232087_non_binding_1602,0.417647,170,2,10,362,237,-0.712564859779941
Dark,WRKY_1:28231838-28232087_non_binding_546,0.429412,170,2,13,814,135,-2.2430448615726073
Dark,WRKY_1:28231838-28232087_reference_binding_1995,0.423529,170,2,11,679,357,-0.9764981628586912
Dark,WRKY_1:28282018-28282267_binding_1277,0.370588,170,2,2,52,75,0.9248518719373693
Dark,WRKY_1:28282018-28282267_non_binding_1595,0.370588,170,2,10,365,602,0.7199404949109571
Dark,WRKY_1:28282018-28282267_non_binding_1795,0.394118,170,2,10,314,430,0.3789718066227666
Dark,WRKY_1:28282018-28282267_non_binding_765,0.352941,170,2,10,380,657,0.7487077725016658
Dark,WRKY_1:28282018-28282267_reference_binding_2146,0.364706,170,2,4,163,152,0.09869855207000358
Dark,WRKY_1:28469887-28470136_non_binding_1439,0.382353,170,2,8,335,774,1.1626651707315172
Dark,WRKY_1:28469887-28470136_non_binding_598,0.388235,170,2,8,312,731,1.1703278330201123
Dark,WRKY_1:28469887-28470136_reference_binding_2035,0.388235,170,2,15,570,2187,1.9052713819832463
Dark,WRKY_1:28482400-28482649_non_binding_522,0.411765,170,2,4,125,55,-1.3702136733100407
Dark,WRKY_1:28482400-28482649_reference_binding_1975,0.405882,170,2,3,106,68,-0.6152434553161428
Dark,WRKY_1:28501477-28501726_binding_1018,0.341176,170,2,9,492,183,-1.431471550904425
Dark,WRKY_1:28501477-28501726_binding_1032,0.341176,170,2,10,539,168,-1.6791781986773038
Dark,WRKY_1:28501477-28501726_binding_1049,0.347059,170,2,11,738,242,-1.5275875638721894
Dark,WRKY_1:28501477-28501726_binding_1161,0.352941,170,2,20,837,305,-1.5372633287624875
Dark,WRKY_1:28501477-28501726_binding_1172,0.341176,170,2,9,595,203,-1.503749787754145
Dark,WRKY_1:28501477-28501726_binding_1201,0.347059,170,2,8,298,115,-1.3562252643898858
Dark,WRKY_1:28501477-28501726_binding_1308,0.341176,170,2,10,480,159,-1.2921626550942995
Dark,WRKY_1:28501477-28501726_binding_131,0.347059,170,2,11,572,230,-1.3915867197398573
Dark,WRKY_1:28501477-28501726_binding_1351,0.341176,170,2,11,591,161,-1.5053643922723379
Dark,WRKY_1:28501477-28501726_binding_1371,0.335294,170,2,8,422,103,-1.7034153183656389
Dark,WRKY_1:28501477-28501726_binding_188,0.358824,170,2,9,588,122,-2.1762858377870953
Dark,WRKY_1:28501477-28501726_binding_221,0.352941,170,2,5,257,70,-1.7704418763463268
Dark,WRKY_1:28501477-28501726_binding_269,0.358824,170,2,10,574,180,-1.6374301477208961
Dark,WRKY_1:28501477-28501726_binding_290,0.358824,170,2,8,348,115,-1.6606807588656602
Dark,WRKY_1:28501477-28501726_binding_439,0.352941,170,2,9,434,128,-1.7485545432145426
Dark,WRKY_1:28501477-28501726_binding_68,0.352941,170,2,4,231,59,-1.6996004181168347
Dark,WRKY_1:28501477-28501726_reference_binding_1919,0.347059,170,2,8,404,171,-1.3579941634422656
Dark,WRKY_1:28522773-28523022_non_binding_1862,0.347059,170,2,8,287,123,-1.2521042978931787
Dark,WRKY_1:28522773-28523022_non_binding_902,0.347059,170,2,6,240,99,-1.3447895117641033
Dark,WRKY_1:28522773-28523022_reference_binding_2216,0.341176,170,2,21,638,388,-0.8861331095480592
Dark,WRKY_1:28524438-28524687_binding_1141,0.282353,170,2,10,327,580,0.7846382531754617
Dark,WRKY_1:28524438-28524687_non_binding_1468,0.288235,170,2,2,32,49,0.42656146749132984
Dark,WRKY_1:28524438-28524687_non_binding_1474,0.288235,170,2,9,263,494,0.7703384112467733
Dark,WRKY_1:28524438-28524687_non_binding_1480,0.294118,170,2,8,286,387,0.46329817663047923
Dark,WRKY_1:28524438-28524687_non_binding_1679,0.341176,170,2,1,44,47,-0.0441683003718671
Dark,WRKY_1:28524438-28524687_non_binding_770,0.282353,170,2,6,146,182,0.3069178409010199
Dark,WRKY_1:28524438-28524687_non_binding_820,0.282353,170,2,6,123,185,0.4411815557072999
Dark,WRKY_1:28524438-28524687_reference_binding_2149,0.288235,170,2,2,81,42,-0.8532893935064204
Dark,WRKY_1:28546156-28546405_non_binding_1768,0.317647,170,2,9,342,750,1.122888239640469
Dark,WRKY_1:28546156-28546405_non_binding_805,0.3,170,2,10,435,809,1.0276404279208486
Dark,WRKY_1:28546156-28546405_reference_binding_2168,0.3,170,2,8,294,457,0.7488621646011464
Dark,WRKY_1:28562564-28562813_non_binding_1682,0.429412,170,2,16,617,502,-0.0693942184682816
Dark,WRKY_1:28562564-28562813_non_binding_832,0.4,170,2,13,552,388,-0.3666129829686337
Dark,WRKY_1:28562564-28562813_reference_binding_2186,0.405882,170,2,17,655,463,-0.45132883500092613
Dark,WRKY_1:28577180-28577429_non_binding_637,0.370588,170,2,13,584,165,-1.660642872593376
Dark,WRKY_1:28577180-28577429_non_binding_717,0.370588,170,2,4,232,86,-1.3471583096010276
Dark,WRKY_1:28577180-28577429_non_binding_724,0.364706,170,2,8,325,228,-0.6278027290590411
Dark,WRKY_1:28577180-28577429_non_binding_888,0.358824,170,2,14,513,205,-1.1953093095116922
Dark,WRKY_1:28577180-28577429_reference_binding_2063,0.364706,170,2,14,505,272,-1.0325566137375664
Dark,WRKY_1:28649619-28649868_binding_1208,0.388235,170,2,15,646,409,-0.7953083437552225
Dark,WRKY_1:28649619-28649868_non_binding_1681,0.394118,170,2,12,590,486,-0.18377517974268426
Dark,WRKY_1:28649619-28649868_non_binding_858,0.376471,170,2,16,531,453,-0.287251127982192
Dark,WRKY_1:28649619-28649868_reference_binding_2197,0.382353,170,2,25,1138,935,-0.2321754525107718
Dark,WRKY_1:28650856-28651105_non_binding_1578,0.294118,170,2,10,125,413,1.7246942721376135
Dark,WRKY_1:28650856-28651105_non_binding_1874,0.3,170,2,15,268,1700,2.505956324968316
Dark,WRKY_1:28650856-28651105_non_binding_515,0.288235,170,2,14,165,625,1.7699097398911956
Dark,WRKY_1:28650856-28651105_non_binding_850,0.294118,170,2,18,382,1300,1.8511783409375653
Dark,WRKY_1:28650856-28651105_non_binding_869,0.288235,170,2,16,193,940,2.1225526216582735
Dark,WRKY_1:28650856-28651105_reference_binding_1969,0.288235,170,2,11,190,558,1.7147009340999628
Dark,WRKY_1:28749466-28749715_non_binding_1702,0.364706,170,2,13,362,505,0.4608037209149962
Dark,WRKY_1:28749466-28749715_non_binding_1857,0.382353,170,2,9,338,200,-0.8172758176729065
Dark,WRKY_1:28749466-28749715_non_binding_600,0.341176,170,2,11,410,215,-0.9128545556976385
Dark,WRKY_1:28749466-28749715_reference_binding_2037,0.347059,170,2,4,300,175,-0.6576418531698079
Dark,WRKY_1:28916392-28916641_non_binding_847,0.241176,170,2,2,78,217,1.4651556803158392
Dark,WRKY_1:28916392-28916641_reference_binding_2192,0.241176,170,2,3,86,97,0.06763548078038256
Dark,WRKY_1:29041926-29042175_binding_1097,0.370588,170,2,14,502,4050,2.8248387975510814
Dark,WRKY_1:29041926-29042175_non_binding_785,0.376471,170,2,7,227,898,2.1450799779471543
Dark,WRKY_1:29041926-29042175_reference_binding_2155,0.364706,170,2,14,358,4012,3.306229326103599
Dark,WRKY_1:2906419-2906668_non_binding_1651,0.405882,170,2,8,347,288,-0.2194628743122149
Dark,WRKY_1:2906419-2906668_reference_binding_2333,0.376471,170,2,8,257,355,0.6308252497769735
Dark,WRKY_1:29064705-29064954_binding_1177,0.252941,170,2,14,595,505,-0.20568136433555217
Dark,WRKY_1:29064705-29064954_non_binding_1496,0.264706,170,2,14,482,444,-0.12595310637201673
Dark,WRKY_1:29064705-29064954_non_binding_1613,0.264706,170,2,11,437,306,-0.4523380581522499
Dark,WRKY_1:29064705-29064954_reference_binding_2274,0.258824,170,2,6,263,226,-0.12712995800608048
Dark,WRKY_1:29067841-29068090_non_binding_513,0.341176,170,2,3,45,88,0.4753672789664996
Dark,WRKY_1:29067841-29068090_reference_binding_1968,0.335294,170,2,5,119,234,1.0741821057022063
Dark,WRKY_1:29130931-29131180_non_binding_1737,0.317647,170,2,4,135,143,0.3734196926846647
Dark,WRKY_1:29130931-29131180_reference_binding_2358,0.276471,170,2,13,504,854,0.8215754361096033
Dark,WRKY_1:29194053-29194302_binding_1100,0.429412,170,2,6,223,276,0.48520650579174796
Dark,WRKY_1:29194053-29194302_binding_345,0.447059,170,2,8,422,273,-0.6044100017213001
Dark,WRKY_1:29194053-29194302_non_binding_1489,0.441176,170,2,4,146,92,-0.7407363530139884
Dark,WRKY_1:29194053-29194302_non_binding_539,0.441176,170,2,4,122,71,-0.820297220310815
Dark,WRKY_1:29194053-29194302_reference_binding_1950,0.435294,170,2,3,117,178,0.612624337709634
Dark,WRKY_1:29328615-29328864_non_binding_1393,0.335294,170,2,9,408,514,0.34100235758221986
Dark,WRKY_1:29328615-29328864_non_binding_509,0.329412,170,2,11,376,382,0.08933095973553865
Dark,WRKY_1:29328615-29328864_reference_binding_1964,0.329412,170,2,9,329,524,0.6451325949983338
Dark,WRKY_1:29377811-29378060_non_binding_1755,0.394118,170,2,7,363,166,-1.2053861699096171
Dark,WRKY_1:29377811-29378060_non_binding_671,0.382353,170,2,10,430,187,-1.183438866843793
Dark,WRKY_1:29377811-29378060_reference_binding_2089,0.382353,170,2,4,238,74,-1.6230474598859286
Dark,WRKY_1:29420075-29420324_non_binding_619,0.264706,170,2,10,238,596,1.3496613351291833
Dark,WRKY_1:29420075-29420324_non_binding_719,0.264706,170,2,15,494,1357,1.4658144638162782
Dark,WRKY_1:29420075-29420324_non_binding_780,0.270588,170,2,15,576,1210,1.1533517048796207
Dark,WRKY_1:29420075-29420324_reference_binding_2052,0.258824,170,2,12,361,693,1.1154951521484053
Dark,WRKY_1:2942213-2942462_binding_190,0.452941,170,2,20,817,3232,1.9328324098263843
Dark,WRKY_1:2942213-2942462_binding_271,0.429412,170,2,26,1240,3790,1.7973721888614504
Dark,WRKY_1:2942213-2942462_binding_275,0.429412,170,2,12,740,3013,2.127216734253037
Dark,WRKY_1:2942213-2942462_binding_371,0.435294,170,2,39,1694,5717,1.9074942148849265
Dark,WRKY_1:2942213-2942462_binding_480,0.441176,170,2,34,1690,6508,2.1319408955233135
Dark,WRKY_1:2942213-2942462_binding_483,0.441176,170,2,14,440,2068,2.234020569095615
Dark,WRKY_1:2942213-2942462_binding_49,0.441176,170,2,23,868,3530,2.0931102398185453
Dark,WRKY_1:2942213-2942462_non_binding_1545,0.458824,170,2,16,885,1343,0.66382445042199
Dark,WRKY_1:2942213-2942462_non_binding_569,0.458824,170,2,14,613,922,0.613800486594725
Dark,WRKY_1:2942213-2942462_non_binding_725,0.470588,170,2,18,833,1454,0.7387625160815043
Dark,WRKY_1:2942213-2942462_non_binding_957,0.470588,170,2,24,1117,1854,0.6920423559479209
Dark,WRKY_1:2942213-2942462_reference_binding_1911,0.464706,170,2,23,890,1571,0.8850422962813221
Dark,WRKY_1:29458861-29459110_non_binding_718,0.341176,170,2,1,40,17,-0.5642262351130564
Dark,WRKY_1:29513464-29513713_non_binding_761,0.417647,170,2,3,63,124,0.9146429074884908
Dark,WRKY_1:29513464-29513713_non_binding_986,0.417647,170,2,8,165,376,1.1829975997853546
Dark,WRKY_1:29513464-29513713_reference_binding_2144,0.423529,170,2,12,279,674,1.4065452210653167
Dark,WRKY_1:29526121-29526370_non_binding_1438,0.388235,170,2,4,187,103,-0.5906220419845709
Dark,WRKY_1:29526121-29526370_non_binding_1572,0.388235,170,2,2,64,40,-0.3160900570696489
Dark,WRKY_1:29526121-29526370_non_binding_649,0.394118,170,2,11,554,443,-0.3685535871986845
Dark,WRKY_1:29526121-29526370_reference_binding_2072,0.388235,170,2,10,295,239,-0.4107898255420741
Dark,WRKY_1:29588153-29588402_non_binding_1518,0.288235,170,2,16,708,1039,0.500599345725018
Dark,WRKY_1:29588153-29588402_non_binding_1624,0.288235,170,2,24,755,1613,1.1012903810647547
Dark,WRKY_1:29588153-29588402_non_binding_567,0.276471,170,2,13,581,978,0.7996316047695566
Dark,WRKY_1:29588153-29588402_non_binding_844,0.276471,170,2,17,663,1111,0.6853675845875147
Dark,WRKY_1:29588153-29588402_reference_binding_2011,0.282353,170,2,6,342,493,0.8633515416758281
Dark,WRKY_1:29676843-29677092_non_binding_889,0.317647,170,2,2,129,42,-1.4274611587406394
Dark,WRKY_1:29676843-29677092_non_binding_905,0.317647,170,2,2,89,79,-0.042229993674591265
Dark,WRKY_1:29676843-29677092_reference_binding_2211,0.323529,170,2,4,109,451,1.8719149736536034
Dark,WRKY_1:29727302-29727551_non_binding_1408,0.511765,170,2,6,222,90,-1.257565602634711
Dark,WRKY_1:29727302-29727551_non_binding_1536,0.5,170,2,4,206,47,-2.016453655596842
Dark,WRKY_1:29727302-29727551_reference_binding_2284,0.505882,170,2,11,466,167,-1.4449843969484273
Dark,WRKY_1:29734433-29734682_binding_136,0.411765,170,2,4,87,191,0.9250279348737083
Dark,WRKY_1:29734433-29734682_binding_246,0.411765,170,2,8,416,1170,1.5478713818490148
Dark,WRKY_1:29734433-29734682_binding_415,0.394118,170,2,11,464,1251,1.3384260187070955
Dark,WRKY_1:29734433-29734682_reference_binding_1936,0.388235,170,2,12,608,855,0.5118696577584358
Dark,WRKY_1:29740202-29740451_binding_1088,0.305882,170,2,12,487,466,-0.16050301879406503
Dark,WRKY_1:29740202-29740451_reference_binding_2263,0.305882,170,2,11,544,363,-0.4125345190371812
Dark,WRKY_1:29845601-29845850_binding_1037,0.370588,170,2,7,324,643,1.0290103955676955
Dark,WRKY_1:29845601-29845850_non_binding_1380,0.370588,170,2,11,628,739,0.19580696418246524
Dark,WRKY_1:29845601-29845850_non_binding_528,0.382353,170,2,6,411,272,-0.5405859297160437
Dark,WRKY_1:29845601-29845850_non_binding_768,0.376471,170,2,10,464,561,0.34039335874327525
Dark,WRKY_1:29845601-29845850_non_binding_952,0.370588,170,2,6,174,99,-0.8505739115993874
Dark,WRKY_1:29845601-29845850_reference_binding_1981,0.376471,170,2,12,788,1087,0.4969495268704132
Dark,WRKY_1:30008293-30008542_non_binding_1663,0.429412,170,2,3,77,61,-0.43721514404308026
Dark,WRKY_1:30008293-30008542_reference_binding_2339,0.394118,170,2,2,120,401,1.7116515223739381
Dark,WRKY_1:30017653-30017902_binding_1204,0.364706,170,2,6,216,791,1.792064546913517
Dark,WRKY_1:30017653-30017902_non_binding_1437,0.364706,170,2,7,351,1129,1.6180592529826159
Dark,WRKY_1:30017653-30017902_non_binding_1581,0.376471,170,2,3,199,375,0.9486391002324857
Dark,WRKY_1:30017653-30017902_non_binding_1584,0.364706,170,2,12,397,1066,1.4560217256577166
Dark,WRKY_1:30017653-30017902_non_binding_1590,0.376471,170,2,6,193,462,1.4264318597347123
Dark,WRKY_1:30017653-30017902_non_binding_527,0.370588,170,2,9,380,730,0.9018166403234751
Dark,WRKY_1:30017653-30017902_non_binding_916,0.358824,170,2,8,278,437,0.7346036859861849
Dark,WRKY_1:30017653-30017902_non_binding_941,0.370588,170,2,7,308,443,0.7093456553654078
Dark,WRKY_1:30017653-30017902_reference_binding_1980,0.370588,170,2,8,369,776,0.9826970313902652
Dark,WRKY_1:30055376-30055625_non_binding_1599,0.305882,170,2,7,199,99,-0.6320021454300064
Dark,WRKY_1:30055376-30055625_non_binding_1648,0.305882,170,2,14,671,523,-0.37110861340141243
Dark,WRKY_1:30055376-30055625_reference_binding_2324,0.311765,170,2,16,424,331,-0.11782616259304768
Dark,WRKY_1:30092095-30092344_non_binding_1433,0.288235,170,2,4,153,98,-0.8997849615298815
Dark,WRKY_1:30092095-30092344_non_binding_1703,0.305882,170,2,5,233,195,-0.38545590372380656
Dark,WRKY_1:30092095-30092344_non_binding_790,0.294118,170,2,6,302,126,-1.182996763998505
Dark,WRKY_1:30092095-30092344_reference_binding_2158,0.282353,170,2,9,370,240,-0.7425294446759779
Dark,WRKY_1:30155178-30155427_non_binding_1410,0.429412,170,2,11,530,221,-1.2556621930954073
Dark,WRKY_1:30155178-30155427_reference_binding_2285,0.423529,170,2,13,602,445,-0.49882892752318286
Dark,WRKY_1:30210103-30210352_non_binding_1558,0.488235,170,2,3,190,40,-1.8097590989518497
Dark,WRKY_1:30210103-30210352_reference_binding_2318,0.482353,170,2,6,322,100,-1.6080554055001786
Dark,WRKY_1:30235933-30236182_non_binding_1609,0.382353,170,2,11,451,237,-0.7832863577390075
Dark,WRKY_1:30235933-30236182_non_binding_1713,0.405882,170,2,7,234,369,0.530584030206936
Dark,WRKY_1:30235933-30236182_non_binding_1761,0.4,170,2,5,238,219,0.23056356385546048
Dark,WRKY_1:30235933-30236182_reference_binding_2326,0.382353,170,2,12,540,567,-0.059286925669224666
Dark,WRKY_1:30269237-30269486_binding_122,0.3,170,2,8,276,515,0.6956327513274533
Dark,WRKY_1:30269237-30269486_binding_17,0.288235,170,2,8,195,611,1.5550110641965276
Dark,WRKY_1:30269237-30269486_binding_215,0.282353,170,2,6,217,670,1.624289739443959
Dark,WRKY_1:30269237-30269486_binding_373,0.294118,170,2,13,439,1868,1.9385459338490745
Dark,WRKY_1:30269237-30269486_binding_437,0.288235,170,2,8,353,1589,2.1872614316744583
Dark,WRKY_1:30269237-30269486_non_binding_1435,0.264706,170,2,13,577,1349,1.38326982292523
Dark,WRKY_1:30269237-30269486_non_binding_1543,0.264706,170,2,8,375,838,1.1417139295576826
Dark,WRKY_1:30269237-30269486_non_binding_650,0.252941,170,2,4,104,191,1.119819263970605
Dark,WRKY_1:30269237-30269486_non_binding_660,0.264706,170,2,12,421,599,0.8220268885816044
Dark,WRKY_1:30269237-30269486_reference_binding_1894,0.258824,170,2,14,434,1031,1.293654423679853
Dark,WRKY_1:30405119-30405368_non_binding_1701,0.3,170,2,11,363,1887,2.3212373294848456
Dark,WRKY_1:30405119-30405368_non_binding_1777,0.305882,170,2,14,579,3086,2.356395596898037
Dark,WRKY_1:30405119-30405368_non_binding_836,0.270588,170,2,11,576,1327,1.3127702297086135
Dark,WRKY_1:30405119-30405368_reference_binding_2188,0.276471,170,2,4,86,557,2.601608074700934
Dark,WRKY_1:3065031-3065280_binding_1023,0.429412,170,2,12,305,573,0.8153199989945094
Dark,WRKY_1:3065031-3065280_binding_1136,0.429412,170,2,9,626,1055,0.7326728609037776
Dark,WRKY_1:3065031-3065280_binding_119,0.411765,170,2,2,69,89,0.5103984263620557
Dark,WRKY_1:3065031-3065280_binding_1291,0.435294,170,2,8,400,565,0.48825899706495857
Dark,WRKY_1:3065031-3065280_binding_149,0.435294,170,2,12,453,914,0.9154891242033172
Dark,WRKY_1:3065031-3065280_binding_164,0.423529,170,2,2,99,117,0.4494616531004868
Dark,WRKY_1:3065031-3065280_binding_186,0.441176,170,2,5,104,325,1.6618100409750833
Dark,WRKY_1:3065031-3065280_binding_419,0.417647,170,2,2,59,144,1.5911054023470563
Dark,WRKY_1:3065031-3065280_binding_424,0.423529,170,2,5,246,679,1.668735005800735
Dark,WRKY_1:3065031-3065280_reference_binding_1932,0.423529,170,2,11,313,536,0.7857728276600531
Dark,WRKY_1:3103871-3104120_binding_1029,0.317647,170,2,18,789,3438,2.25661962677476
Dark,WRKY_1:3103871-3104120_non_binding_736,0.323529,170,2,16,702,2216,1.7742307884892616
Dark,WRKY_1:3103871-3104120_non_binding_776,0.323529,170,2,9,365,2115,2.4760234168401887
Dark,WRKY_1:3103871-3104120_reference_binding_2127,0.323529,170,2,17,796,3591,2.1833192029960298
Dark,WRKY_1:3253441-3253690_non_binding_1404,0.505882,170,2,16,717,239,-1.5901713483287514
Dark,WRKY_1:3253441-3253690_non_binding_1419,0.505882,170,2,15,628,288,-1.1209898064724833
Dark,WRKY_1:3253441-3253690_non_binding_1611,0.517647,170,2,11,559,246,-1.3835810130941204
Dark,WRKY_1:3253441-3253690_reference_binding_2282,0.511765,170,2,4,186,74,-1.4135876253800626
Dark,WRKY_1:3265644-3265893_non_binding_523,0.311765,170,2,11,402,732,0.7432338516424465
Dark,WRKY_1:3265644-3265893_reference_binding_1976,0.311765,170,2,7,427,1083,1.4212754156557665
Dark,WRKY_1:3276601-3276850_non_binding_1617,0.394118,170,2,6,243,108,-1.2987784960472106
Dark,WRKY_1:3276601-3276850_non_binding_1631,0.388235,170,2,6,398,109,-1.8621353956240303
Dark,WRKY_1:3276601-3276850_non_binding_1754,0.4,170,2,12,474,477,-0.101688438907789
Dark,WRKY_1:3276601-3276850_non_binding_1808,0.4,170,2,13,706,219,-1.809144600124231
Dark,WRKY_1:3276601-3276850_non_binding_1859,0.405882,170,2,8,274,99,-0.9899182817683477
Dark,WRKY_1:3276601-3276850_non_binding_863,0.411765,170,2,8,288,94,-1.5270685136789663
Dark,WRKY_1:3276601-3276850_reference_binding_2200,0.4,170,2,6,149,65,-0.872996273183032
Dark,WRKY_1:3281162-3281411_non_binding_1513,0.394118,170,2,13,488,349,-0.7107792222362652
Dark,WRKY_1:3281162-3281411_non_binding_757,0.411765,170,2,9,406,188,-1.2508394504908709
Dark,WRKY_1:3281162-3281411_reference_binding_2142,0.4,170,2,15,794,301,-1.2232403499719837
Dark,WRKY_1:3312710-3312959_non_binding_1473,0.341176,170,2,12,405,696,0.9240268505055361
Dark,WRKY_1:3312710-3312959_non_binding_1759,0.317647,170,2,11,334,746,1.0237005087764435
Dark,WRKY_1:3312710-3312959_non_binding_904,0.341176,170,2,11,349,285,-0.29911380833471624
Dark,WRKY_1:3312710-3312959_reference_binding_2218,0.341176,170,2,13,402,1079,1.4479349876219736
Dark,WRKY_1:3340274-3340523_binding_478,0.452941,170,2,8,228,570,1.2798620478021503
Dark,WRKY_1:3340274-3340523_non_binding_1459,0.464706,170,2,5,280,179,-0.5292353465642439
Dark,WRKY_1:3340274-3340523_non_binding_1579,0.452941,170,2,9,290,258,-0.18467351326084663
Dark,WRKY_1:3340274-3340523_non_binding_1626,0.464706,170,2,8,318,281,-0.2825070541037028
Dark,WRKY_1:3340274-3340523_non_binding_951,0.458824,170,2,3,152,96,-1.0127919069693911
Dark,WRKY_1:3340274-3340523_reference_binding_1956,0.458824,170,2,9,494,464,-0.14920716082292237
Dark,WRKY_1:3394774-3395023_binding_1016,0.352941,170,2,2,44,21,-0.9690536468848527
Dark,WRKY_1:3394774-3395023_binding_1237,0.347059,170,2,6,242,148,-0.7662646502292857
Dark,WRKY_1:3394774-3395023_non_binding_670,0.347059,170,2,3,71,41,-1.1342353489492591
Dark,WRKY_1:3394774-3395023_reference_binding_2088,0.347059,170,2,4,108,64,-0.45521886868484185
Dark,WRKY_1:3472675-3472924_binding_142,0.335294,170,2,7,363,386,0.10135041148045104
Dark,WRKY_1:3472675-3472924_binding_206,0.335294,170,2,6,340,321,0.044004873474089864
Dark,WRKY_1:3472675-3472924_binding_304,0.341176,170,2,11,435,574,0.26965528674112804
Dark,WRKY_1:3472675-3472924_binding_316,0.347059,170,2,10,688,772,0.21176164081517687
Dark,WRKY_1:3472675-3472924_non_binding_849,0.335294,170,2,11,402,268,-0.455037005199713
Dark,WRKY_1:3472675-3472924_non_binding_955,0.317647,170,2,16,537,477,-0.11961177588660027
Dark,WRKY_1:3472675-3472924_reference_binding_1938,0.323529,170,2,13,508,603,0.1913606540916748
Dark,WRKY_1:3525594-3525843_non_binding_505,0.294118,170,2,7,307,186,-0.8586479922426961
Dark,WRKY_1:3525594-3525843_non_binding_516,0.288235,170,2,6,193,146,-0.2097382213813432
Dark,WRKY_1:3525594-3525843_non_binding_766,0.282353,170,2,15,609,362,-0.840975470079982
Dark,WRKY_1:3525594-3525843_reference_binding_1960,0.288235,170,2,9,484,373,-0.255535041098105
Dark,WRKY_1:3557904-3558153_non_binding_1521,0.364706,170,2,3,134,149,0.26694539334018674
Dark,WRKY_1:3557904-3558153_non_binding_979,0.364706,170,2,9,304,236,-0.41664094449266487
Dark,WRKY_1:3557904-3558153_reference_binding_2245,0.364706,170,2,7,148,238,0.6786958696347658
Dark,WRKY_1:3633935-3634184_binding_1129,0.364706,170,2,10,726,352,-1.070519397473098
Dark,WRKY_1:3633935-3634184_binding_125,0.382353,170,2,8,396,234,-0.6286843879682893
Dark,WRKY_1:3633935-3634184_binding_1337,0.364706,170,2,2,71,25,-0.871350289023244
Dark,WRKY_1:3633935-3634184_reference_binding_1934,0.358824,170,2,10,371,297,-0.2927433308475092
Dark,WRKY_1:3735765-3736014_non_binding_1448,0.376471,170,2,10,411,292,-0.6125434887468264
Dark,WRKY_1:3735765-3736014_non_binding_581,0.376471,170,2,10,492,164,-1.3164775818332217
Dark,WRKY_1:3735765-3736014_non_binding_675,0.370588,170,2,7,358,250,-0.3232398326247611
Dark,WRKY_1:3735765-3736014_reference_binding_2023,0.370588,170,2,13,488,452,-0.03893703434621555
Dark,WRKY_1:3845052-3845301_binding_1025,0.441176,170,2,10,561,295,-0.9157652358954154
Dark,WRKY_1:3845052-3845301_binding_103,0.458824,170,2,17,730,387,-0.9119922010558034
Dark,WRKY_1:3845052-3845301_binding_107,0.470588,170,2,11,396,222,-0.8245777757945544
Dark,WRKY_1:3845052-3845301_binding_1096,0.435294,170,2,10,348,174,-0.9780662751927895
Dark,WRKY_1:3845052-3845301_binding_1110,0.435294,170,2,10,552,265,-1.2084626705444481
Dark,WRKY_1:3845052-3845301_binding_1205,0.447059,170,2,9,522,178,-1.5898024191873803
Dark,WRKY_1:3845052-3845301_binding_1283,0.441176,170,2,17,861,386,-0.9799906302947239
Dark,WRKY_1:3845052-3845301_binding_1339,0.447059,170,2,12,439,159,-1.251549877076728
Dark,WRKY_1:3845052-3845301_binding_1348,0.452941,170,2,13,595,390,-0.6548258729331098
Dark,WRKY_1:3845052-3845301_binding_1375,0.435294,170,2,16,764,337,-1.0760320220275457
Dark,WRKY_1:3845052-3845301_binding_139,0.464706,170,2,19,805,485,-0.7251281862159751
Dark,WRKY_1:3845052-3845301_binding_19,0.452941,170,2,14,452,261,-0.8145176568707213
Dark,WRKY_1:3845052-3845301_binding_2,0.458824,170,2,11,688,372,-0.9125051383566816
Dark,WRKY_1:3845052-3845301_binding_218,0.452941,170,2,14,706,405,-0.8355425150841802
Dark,WRKY_1:3845052-3845301_binding_23,0.447059,170,2,14,709,297,-1.1945775142569046
Dark,WRKY_1:3845052-3845301_binding_234,0.470588,170,2,12,536,287,-0.9337423097684598
Dark,WRKY_1:3845052-3845301_binding_30,0.458824,170,2,14,653,411,-0.7025256388064037
Dark,WRKY_1:3845052-3845301_binding_325,0.458824,170,2,12,581,384,-0.573426868799569
Dark,WRKY_1:3845052-3845301_binding_361,0.458824,170,2,13,652,451,-0.47396054696164447
Dark,WRKY_1:3845052-3845301_binding_404,0.458824,170,2,16,813,411,-0.9556078762049314
Dark,WRKY_1:3845052-3845301_binding_72,0.441176,170,2,10,367,255,-0.5626760702720385
Dark,WRKY_1:3845052-3845301_binding_78,0.452941,170,2,10,374,221,-0.7521292291290518
Dark,WRKY_1:3845052-3845301_reference_binding_1882,0.441176,170,2,9,430,181,-0.9085313205668057
Dark,WRKY_1:3910109-3910358_non_binding_1542,0.241176,170,2,7,268,294,-0.03538840337189739
Dark,WRKY_1:3910109-3910358_non_binding_1569,0.247059,170,2,12,489,370,-0.5179122596295194
Dark,WRKY_1:3910109-3910358_non_binding_1573,0.235294,170,2,6,223,239,0.017469705087927778
Dark,WRKY_1:3910109-3910358_non_binding_1669,0.252941,170,2,17,949,1248,0.25348296712636487
Dark,WRKY_1:3910109-3910358_reference_binding_2315,0.241176,170,2,14,535,515,-0.11384066723865727
Dark,WRKY_1:3962790-3963039_non_binding_748,0.317647,170,2,5,159,146,-0.03550363978394672
Dark,WRKY_1:3962790-3963039_reference_binding_2135,0.317647,170,2,2,62,123,0.6662359450718481
Dark,WRKY_1:4025250-4025499_non_binding_1409,0.317647,170,2,12,337,270,-0.27499021511954574
Dark,WRKY_1:4025250-4025499_non_binding_1442,0.317647,170,2,10,340,480,0.36871555522915267
Dark,WRKY_1:4025250-4025499_non_binding_1723,0.329412,170,2,13,540,875,0.6555461196571075
Dark,WRKY_1:4025250-4025499_non_binding_1799,0.323529,170,2,19,697,764,0.266569058843434
Dark,WRKY_1:4025250-4025499_non_binding_582,0.317647,170,2,15,515,580,-0.03175008854849101
Dark,WRKY_1:4025250-4025499_non_binding_867,0.317647,170,2,18,670,615,-0.014550813314498798
Dark,WRKY_1:4025250-4025499_reference_binding_2024,0.317647,170,2,16,793,840,0.21632602632087153
Dark,WRKY_1:4158959-4159208_binding_1169,0.347059,170,2,4,234,101,-1.0450103940287112
Dark,WRKY_1:4158959-4159208_binding_212,0.370588,170,2,5,240,182,-0.19642815333570207
Dark,WRKY_1:4158959-4159208_binding_343,0.382353,170,2,16,678,493,-0.5863576513105018
Dark,WRKY_1:4158959-4159208_non_binding_677,0.341176,170,2,2,56,22,-1.1426664001502624
Dark,WRKY_1:4158959-4159208_reference_binding_1943,0.347059,170,2,1,48,32,-0.48897747549051396
Dark,WRKY_1:4169931-4170180_non_binding_1507,0.229412,170,2,12,572,1184,1.0239653096180574
Dark,WRKY_1:4169931-4170180_non_binding_701,0.223529,170,2,9,403,670,0.9172392749069807
Dark,WRKY_1:4169931-4170180_non_binding_750,0.241176,170,2,10,438,974,1.0260413366590355
Dark,WRKY_1:4169931-4170180_non_binding_786,0.229412,170,2,5,286,440,0.7393329179674057
Dark,WRKY_1:4169931-4170180_reference_binding_2107,0.229412,170,2,7,430,696,0.6578820655189632
Dark,WRKY_1:4190089-4190338_binding_1040,0.347059,170,2,10,412,314,-0.5019141269039922
Dark,WRKY_1:4190089-4190338_non_binding_1395,0.358824,170,2,8,420,329,-0.09205690723649185
Dark,WRKY_1:4190089-4190338_non_binding_507,0.358824,170,2,5,199,112,-0.8186675264436473
Dark,WRKY_1:4190089-4190338_non_binding_900,0.358824,170,2,6,253,166,-0.5316855607308207
Dark,WRKY_1:4190089-4190338_reference_binding_1962,0.352941,170,2,14,510,352,-0.5729080780726497
Dark,WRKY_1:4205095-4205344_binding_114,0.382353,170,2,14,596,1553,1.4171878615986033
Dark,WRKY_1:4205095-4205344_binding_1241,0.382353,170,2,12,565,904,0.7685106198007688
Dark,WRKY_1:4205095-4205344_binding_128,0.394118,170,2,12,589,1688,1.4980927025125235
Dark,WRKY_1:4205095-4205344_binding_159,0.4,170,2,14,602,1184,1.0915189709984319
Dark,WRKY_1:4205095-4205344_binding_162,0.388235,170,2,10,347,858,1.3043359280979474
Dark,WRKY_1:4205095-4205344_binding_187,0.382353,170,2,7,392,453,0.3669029466560008
Dark,WRKY_1:4205095-4205344_binding_21,0.405882,170,2,6,221,720,1.5221427573170172
Dark,WRKY_1:4205095-4205344_binding_27,0.4,170,2,9,340,525,0.6334047076224266
Dark,WRKY_1:4205095-4205344_binding_317,0.388235,170,2,8,347,771,1.2576874885798284
Dark,WRKY_1:4205095-4205344_binding_381,0.394118,170,2,10,471,1007,0.9488466150063799
Dark,WRKY_1:4205095-4205344_binding_400,0.4,170,2,11,505,544,0.28443809810880155
Dark,WRKY_1:4205095-4205344_binding_425,0.388235,170,2,4,106,329,1.3879858069525541
Dark,WRKY_1:4205095-4205344_binding_499,0.394118,170,2,10,307,567,0.798021268954486
Dark,WRKY_1:4205095-4205344_binding_57,0.4,170,2,10,384,775,1.060354268373954
Dark,WRKY_1:4205095-4205344_reference_binding_1895,0.376471,170,2,11,502,1572,1.754879434278719
Dark,WRKY_1:4259109-4259358_non_binding_1635,0.376471,170,2,5,231,87,-1.1576445312497234
Dark,WRKY_1:4259109-4259358_non_binding_796,0.382353,170,2,2,185,65,-1.3816784627945684
Dark,WRKY_1:4259109-4259358_reference_binding_2162,0.370588,170,2,4,239,112,-0.8710247006819575
Dark,WRKY_1:4304948-4305197_non_binding_1491,0.382353,170,2,2,73,56,-0.1549077251789667
Dark,WRKY_1:4304948-4305197_reference_binding_2305,0.388235,170,2,4,86,64,-0.37602947998293657
Dark,WRKY_1:4390182-4390431_binding_1007,0.352941,170,2,10,340,589,0.8946236530865774
Dark,WRKY_1:4390182-4390431_binding_1056,0.358824,170,2,13,578,893,0.7549089046975701
Dark,WRKY_1:4390182-4390431_binding_1149,0.352941,170,2,8,250,467,0.8426222639985552
Dark,WRKY_1:4390182-4390431_binding_132,0.370588,170,2,18,606,1185,1.0326323509487838
Dark,WRKY_1:4390182-4390431_binding_387,0.370588,170,2,8,335,643,0.9724684845869719
Dark,WRKY_1:4390182-4390431_non_binding_959,0.341176,170,2,12,381,536,0.6077123523360884
Dark,WRKY_1:4390182-4390431_reference_binding_1935,0.352941,170,2,12,527,1239,1.0621754838237984
Dark,WRKY_1:4422507-4422756_non_binding_1520,0.294118,170,2,2,37,43,0.24976385327871647
Dark,WRKY_1:4422507-4422756_non_binding_1622,0.3,170,2,12,412,1077,1.7045858146433046
Dark,WRKY_1:4422507-4422756_non_binding_1715,0.317647,170,2,6,250,908,1.847601563636637
Dark,WRKY_1:4422507-4422756_non_binding_860,0.3,170,2,6,262,487,0.7729447525395311
Dark,WRKY_1:4422507-4422756_reference_binding_2198,0.294118,170,2,10,363,1057,1.7694977805187637
Dark,WRKY_1:4483863-4484112_non_binding_974,0.305882,170,2,4,196,174,-0.03999990735471676
Dark,WRKY_1:4483863-4484112_reference_binding_2244,0.305882,170,2,9,398,1024,1.2865967156252802
Dark,WRKY_1:4527039-4527288_binding_1235,0.335294,170,2,11,466,848,1.1836404224796842
Dark,WRKY_1:4527039-4527288_non_binding_1382,0.341176,170,2,8,323,380,0.06518504774574085
Dark,WRKY_1:4527039-4527288_non_binding_1447,0.347059,170,2,11,650,1108,0.9536178216242353
Dark,WRKY_1:4527039-4527288_non_binding_1516,0.341176,170,2,15,666,1454,1.0871060436829685
Dark,WRKY_1:4527039-4527288_non_binding_1627,0.341176,170,2,9,278,732,1.3950128096924148
Dark,WRKY_1:4527039-4527288_non_binding_1741,0.370588,170,2,8,341,458,0.5050444168349866
Dark,WRKY_1:4527039-4527288_non_binding_981,0.335294,170,2,9,393,386,-0.09160828115083028
Dark,WRKY_1:4527039-4527288_reference_binding_2247,0.341176,170,2,7,416,927,1.2426814271495608
Dark,WRKY_1:4601094-4601343_non_binding_980,0.352941,170,2,6,154,157,-0.2727015523511412
Dark,WRKY_1:4601094-4601343_reference_binding_2246,0.352941,170,2,11,381,613,0.6931284821290773
Dark,WRKY_1:4609538-4609787_binding_1074,0.394118,170,2,16,554,439,-0.39638769255594763
Dark,WRKY_1:4609538-4609787_binding_108,0.405882,170,2,15,679,1116,0.6632068721050346
Dark,WRKY_1:4609538-4609787_binding_1130,0.388235,170,2,9,361,315,-0.2569268589634718
Dark,WRKY_1:4609538-4609787_binding_1135,0.382353,170,2,12,553,666,0.20170091295349096
Dark,WRKY_1:4609538-4609787_binding_1212,0.394118,170,2,15,825,1306,0.6625639872915792
Dark,WRKY_1:4609538-4609787_binding_1227,0.394118,170,2,7,400,443,0.2510663621874971
Dark,WRKY_1:4609538-4609787_binding_1231,0.394118,170,2,12,455,561,0.21139689244902304
Dark,WRKY_1:4609538-4609787_binding_1300,0.394118,170,2,19,850,943,0.20599944703774312
Dark,WRKY_1:4609538-4609787_binding_1313,0.394118,170,2,14,572,627,0.012669838513185178
Dark,WRKY_1:4609538-4609787_binding_137,0.423529,170,2,7,506,642,0.56556592725196
Dark,WRKY_1:4609538-4609787_binding_182,0.4,170,2,9,223,260,0.27924366638366793
Dark,WRKY_1:4609538-4609787_binding_193,0.394118,170,2,11,467,773,0.6508430599785547
Dark,WRKY_1:4609538-4609787_binding_201,0.4,170,2,10,436,602,0.5497496000765807
Dark,WRKY_1:4609538-4609787_binding_235,0.405882,170,2,8,228,328,0.411796946992243
Dark,WRKY_1:4609538-4609787_binding_272,0.4,170,2,3,123,206,0.79660762713222
Dark,WRKY_1:4609538-4609787_binding_302,0.405882,170,2,4,193,136,-0.31023309656003994
Dark,WRKY_1:4609538-4609787_binding_342,0.411765,170,2,4,200,747,1.8611254096755783
Dark,WRKY_1:4609538-4609787_binding_346,0.4,170,2,5,165,270,0.514934085434074
Dark,WRKY_1:4609538-4609787_binding_379,0.4,170,2,13,591,695,0.3376003807590857
Dark,WRKY_1:4609538-4609787_binding_391,0.417647,170,2,12,520,1222,1.2535503375268098
Dark,WRKY_1:4609538-4609787_binding_411,0.4,170,2,3,77,110,0.22355156769258375
Dark,WRKY_1:4609538-4609787_binding_423,0.394118,170,2,18,767,1084,0.44154623841428264
Dark,WRKY_1:4609538-4609787_binding_431,0.405882,170,2,13,486,884,0.8286318037840066
Dark,WRKY_1:4609538-4609787_binding_474,0.394118,170,2,5,226,306,0.46498686731031436
Dark,WRKY_1:4609538-4609787_binding_58,0.405882,170,2,16,669,769,0.2204316259626637
Dark,WRKY_1:4609538-4609787_reference_binding_1914,0.388235,170,2,14,480,645,0.384061526136235
Dark,WRKY_1:4716206-4716455_non_binding_1771,0.429412,170,2,8,265,139,-0.7885540305906432
Dark,WRKY_1:4716206-4716455_reference_binding_2365,0.405882,170,2,2,51,34,-0.6630860112411758
Dark,WRKY_1:4720578-4720827_non_binding_803,0.323529,170,2,16,846,301,-1.5644340938962227
Dark,WRKY_1:4720578-4720827_non_binding_826,0.305882,170,2,14,983,336,-1.633590783754935
Dark,WRKY_1:4720578-4720827_reference_binding_2167,0.317647,170,2,8,361,173,-1.3074930449695583
Dark,WRKY_1:4721465-4721714_binding_1,0.4,170,2,7,242,536,0.9608016894175907
Dark,WRKY_1:4721465-4721714_binding_1070,0.388235,170,2,6,259,481,0.7886891733697223
Dark,WRKY_1:4721465-4721714_binding_1095,0.388235,170,2,3,102,175,0.6331233214310705
Dark,WRKY_1:4721465-4721714_binding_1125,0.388235,170,2,3,81,160,0.8233523046013087
Dark,WRKY_1:4721465-4721714_binding_1134,0.376471,170,2,4,156,307,0.844331707589325
Dark,WRKY_1:4721465-4721714_binding_129,0.364706,170,2,6,332,376,0.20735476670153818
Dark,WRKY_1:4721465-4721714_binding_130,0.394118,170,2,4,136,325,1.0968251938119924
Dark,WRKY_1:4721465-4721714_binding_1306,0.370588,170,2,2,105,88,0.5080376558001586
Dark,WRKY_1:4721465-4721714_binding_133,0.376471,170,2,2,66,93,0.7496471890837609
Dark,WRKY_1:4721465-4721714_binding_1334,0.382353,170,2,3,109,325,1.4851003598551873
Dark,WRKY_1:4721465-4721714_binding_1352,0.382353,170,2,2,34,66,0.8617977469183636
Dark,WRKY_1:4721465-4721714_binding_148,0.376471,170,2,4,202,373,0.9538430414653956
Dark,WRKY_1:4721465-4721714_binding_151,0.370588,170,2,3,116,206,0.8880258289751508
Dark,WRKY_1:4721465-4721714_binding_175,0.388235,170,2,5,208,409,0.9645240906583774
Dark,WRKY_1:4721465-4721714_binding_176,0.382353,170,2,5,199,523,1.3514674531721682
Dark,WRKY_1:4721465-4721714_binding_263,0.388235,170,2,4,165,268,0.5863075079615624
Dark,WRKY_1:4721465-4721714_binding_3,0.388235,170,2,3,115,263,1.3020030988539903
Dark,WRKY_1:4721465-4721714_binding_319,0.376471,170,2,8,336,649,0.9818816227535053
Dark,WRKY_1:4721465-4721714_binding_320,0.405882,170,2,4,168,235,0.4015520744429105
Dark,WRKY_1:4721465-4721714_binding_351,0.388235,170,2,12,484,787,0.5288330210504024
Dark,WRKY_1:4721465-4721714_binding_417,0.4,170,2,2,108,116,0.3246928334287293
Dark,WRKY_1:4721465-4721714_binding_427,0.394118,170,2,5,115,299,1.2774877938796851
Dark,WRKY_1:4721465-4721714_binding_446,0.376471,170,2,6,296,612,1.0418205173713941
Dark,WRKY_1:4721465-4721714_binding_457,0.382353,170,2,4,159,184,0.3055555039364388
Dark,WRKY_1:4721465-4721714_binding_459,0.4,170,2,4,178,314,0.7003403955844194
Dark,WRKY_1:4721465-4721714_binding_462,0.388235,170,2,6,255,403,0.5072898483302626
Dark,WRKY_1:4721465-4721714_binding_468,0.382353,170,2,3,153,195,0.3775277099504852
Dark,WRKY_1:4721465-4721714_binding_53,0.388235,170,2,5,227,337,0.5126403869157716
Dark,WRKY_1:4721465-4721714_binding_75,0.376471,170,2,3,166,297,0.795642690132605
Dark,WRKY_1:4721465-4721714_binding_82,0.388235,170,2,4,125,202,0.7599661816274453
Dark,WRKY_1:4721465-4721714_binding_86,0.382353,170,2,8,501,693,0.4782498792246195
Dark,WRKY_1:4721465-4721714_reference_binding_1881,0.382353,170,2,5,201,281,0.5719207269701035
Dark,WRKY_1:4804587-4804836_binding_1092,0.394118,170,2,13,559,521,-0.029578398426869254
Dark,WRKY_1:4804587-4804836_binding_1138,0.394118,170,2,10,481,330,-0.6291650753121975
Dark,WRKY_1:4804587-4804836_binding_1284,0.4,170,2,8,273,206,-0.411819253847493
Dark,WRKY_1:4804587-4804836_reference_binding_2265,0.394118,170,2,13,598,425,-0.5133513745660264
Dark,WRKY_1:4865935-4866184_non_binding_1484,0.282353,170,2,30,1041,1794,0.7284523807044636
Dark,WRKY_1:4865935-4866184_non_binding_535,0.282353,170,2,11,393,688,0.6998245284273349
Dark,WRKY_1:4865935-4866184_non_binding_762,0.276471,170,2,25,1056,1813,0.7724622368958958
Dark,WRKY_1:4865935-4866184_reference_binding_1988,0.276471,170,2,24,989,1900,0.763527633141832
Dark,WRKY_1:5012628-5012877_non_binding_1407,0.441176,170,2,5,263,163,-0.7384888580241633
Dark,WRKY_1:5012628-5012877_non_binding_1633,0.417647,170,2,5,203,239,0.10405884235538099
Dark,WRKY_1:5012628-5012877_non_binding_1747,0.429412,170,2,11,564,280,-0.9418400981823655
Dark,WRKY_1:5012628-5012877_non_binding_831,0.452941,170,2,5,292,139,-1.1066291663074959
Dark,WRKY_1:5012628-5012877_reference_binding_2185,0.447059,170,2,14,792,386,-0.8640921840115177
Dark,WRKY_1:5014036-5014285_binding_11,0.435294,170,2,6,291,109,-1.4306417667671893
Dark,WRKY_1:5014036-5014285_binding_249,0.429412,170,2,1,11,9,-0.8377921956176635
Dark,WRKY_1:5014036-5014285_binding_388,0.429412,170,2,5,209,91,-1.253313845708417
Dark,WRKY_1:5014036-5014285_non_binding_591,0.411765,170,2,5,322,65,-1.852385698266024
Dark,WRKY_1:5014036-5014285_reference_binding_1890,0.417647,170,2,4,169,63,-1.5070893612273966
Dark,WRKY_1:5107949-5108198_non_binding_1568,0.405882,170,2,15,670,1301,0.9338275817564328
Dark,WRKY_1:5107949-5108198_non_binding_1798,0.423529,170,2,23,1030,2782,1.3432235282809457
Dark,WRKY_1:5107949-5108198_non_binding_940,0.411765,170,2,21,789,1613,0.9495352940734987
Dark,WRKY_1:5107949-5108198_reference_binding_2230,0.405882,170,2,9,407,832,0.9552549751403732
Dark,WRKY_1:5109344-5109593_binding_1062,0.370588,170,2,4,262,96,-1.5251334829560368
Dark,WRKY_1:5109344-5109593_binding_1162,0.376471,170,2,5,266,98,-1.2997982833600064
Dark,WRKY_1:5109344-5109593_non_binding_640,0.376471,170,2,3,168,88,-0.93447355690002
Dark,WRKY_1:5109344-5109593_reference_binding_2066,0.370588,170,2,5,163,83,-0.9717237755945173
Dark,WRKY_1:5232479-5232728_non_binding_1429,0.429412,170,2,13,541,260,-1.030984194318345
Dark,WRKY_1:5232479-5232728_non_binding_729,0.435294,170,2,17,681,335,-0.9771054678980964
Dark,WRKY_1:5232479-5232728_reference_binding_2122,0.435294,170,2,7,289,134,-1.0254563440077784
Dark,WRKY_1:534552-534801_non_binding_627,0.311765,170,2,7,333,416,0.4513922424865221
Dark,WRKY_1:534552-534801_reference_binding_2056,0.305882,170,2,10,225,842,1.7559603217401518
Dark,WRKY_1:5379198-5379447_non_binding_679,0.423529,170,2,2,121,255,1.0343151618911315
Dark,WRKY_1:5379198-5379447_reference_binding_2093,0.417647,170,2,2,143,78,-0.5238573198166655
Dark,WRKY_1:5403809-5404058_non_binding_1557,0.282353,170,2,10,436,513,0.28338491103199415
Dark,WRKY_1:5403809-5404058_non_binding_728,0.276471,170,2,4,208,363,0.69340590449452
Dark,WRKY_1:5403809-5404058_reference_binding_2121,0.276471,170,2,2,96,61,-0.6052943287464408
Dark,WRKY_1:5410613-5410862_non_binding_1424,0.364706,170,2,11,484,6229,3.576743884290658
Dark,WRKY_1:5410613-5410862_non_binding_1464,0.364706,170,2,10,347,3424,3.361844688068604
Dark,WRKY_1:5410613-5410862_non_binding_1587,0.370588,170,2,10,313,3174,3.398984542929485
Dark,WRKY_1:5410613-5410862_non_binding_1675,0.352941,170,2,7,372,4063,3.393622810899969
Dark,WRKY_1:5410613-5410862_non_binding_1838,0.352941,170,2,10,373,5164,3.654304384590943
Dark,WRKY_1:5410613-5410862_non_binding_594,0.370588,170,2,7,187,2627,3.875715089971907
Dark,WRKY_1:5410613-5410862_reference_binding_2032,0.364706,170,2,7,501,6279,3.6134768952631324
Dark,WRKY_1:5415336-5415585_non_binding_934,0.435294,170,2,8,240,146,-0.9955339203001242
Dark,WRKY_1:5415336-5415585_reference_binding_2228,0.429412,170,2,14,457,359,-0.22576690316755477
Dark,WRKY_1:5538228-5538477_binding_1036,0.364706,170,2,17,725,776,0.03487456243145752
Dark,WRKY_1:5538228-5538477_binding_1086,0.364706,170,2,14,529,603,0.12760384645510664
Dark,WRKY_1:5538228-5538477_binding_1098,0.358824,170,2,15,641,650,0.07291271342431285
Dark,WRKY_1:5538228-5538477_binding_1137,0.358824,170,2,8,257,243,0.0266429440560096
Dark,WRKY_1:5538228-5538477_binding_1152,0.352941,170,2,10,399,406,-0.0699646486581647
Dark,WRKY_1:5538228-5538477_binding_1163,0.358824,170,2,14,650,568,-0.1940062034010392
Dark,WRKY_1:5538228-5538477_binding_1223,0.364706,170,2,19,705,890,0.21300308774473226
Dark,WRKY_1:5538228-5538477_binding_1244,0.352941,170,2,12,506,630,0.24019232971123206
Dark,WRKY_1:5538228-5538477_binding_1292,0.364706,170,2,15,577,508,-0.22616278321027886
Dark,WRKY_1:5538228-5538477_binding_1327,0.370588,170,2,11,476,435,-0.16305691819551904
Dark,WRKY_1:5538228-5538477_binding_1342,0.358824,170,2,12,514,626,0.3501088633323762
Dark,WRKY_1:5538228-5538477_binding_1361,0.358824,170,2,8,346,406,0.2773460127022352
Dark,WRKY_1:5538228-5538477_binding_1376,0.358824,170,2,11,557,428,-0.40561032321716206
Dark,WRKY_1:5538228-5538477_binding_15,0.352941,170,2,9,387,349,0.09059694309340913
Dark,WRKY_1:5538228-5538477_binding_213,0.364706,170,2,13,546,607,0.12764425274296726
Dark,WRKY_1:5538228-5538477_binding_228,0.341176,170,2,11,371,639,0.7014901738278561
Dark,WRKY_1:5538228-5538477_binding_230,0.370588,170,2,15,662,749,0.08622272570686602
Dark,WRKY_1:5538228-5538477_binding_283,0.364706,170,2,12,475,463,-0.054655318431814676
Dark,WRKY_1:5538228-5538477_binding_397,0.352941,170,2,14,554,426,-0.3128720260482839
Dark,WRKY_1:5538228-5538477_binding_403,0.358824,170,2,12,477,536,0.14368871979830627
Dark,WRKY_1:5538228-5538477_binding_487,0.347059,170,2,16,694,847,0.23066017727852572
Dark,WRKY_1:5538228-5538477_binding_492,0.347059,170,2,9,244,317,0.3661029794665296
Dark,WRKY_1:5538228-5538477_binding_51,0.370588,170,2,9,364,390,0.09436667329330806
Dark,WRKY_1:5538228-5538477_binding_9,0.364706,170,2,16,708,893,0.27760544177975977
Dark,WRKY_1:5538228-5538477_reference_binding_1888,0.358824,170,2,13,545,595,0.10878824247631329
Dark,WRKY_1:5695815-5696064_non_binding_1653,0.441176,170,2,5,280,88,-1.6773096562094234
Dark,WRKY_1:5695815-5696064_reference_binding_2335,0.441176,170,2,2,67,40,-0.35327863796132836
Dark,WRKY_1:5751559-5751808_binding_251,0.376471,170,2,6,407,211,-0.6635999196591966
Dark,WRKY_1:5751559-5751808_non_binding_1802,0.370588,170,2,4,306,108,-1.5668967850626716
Dark,WRKY_1:5751559-5751808_reference_binding_1946,0.358824,170,2,9,433,151,-1.3916790543976576
Dark,WRKY_1:5777991-5778240_non_binding_1787,0.411765,170,2,3,222,64,-1.5563619115261877
Dark,WRKY_1:5777991-5778240_non_binding_1797,0.405882,170,2,3,197,110,-1.0676945954258392
Dark,WRKY_1:5777991-5778240_non_binding_500,0.388235,170,2,3,232,115,-1.0676882729840724
Dark,WRKY_1:5777991-5778240_reference_binding_1957,0.388235,170,2,9,358,186,-0.9389215007419693
Dark,WRKY_1:5790536-5790785_non_binding_767,0.4,170,2,3,98,28,-1.7475673051316183
Dark,WRKY_1:5790536-5790785_non_binding_824,0.388235,170,2,3,126,37,-1.7436423058105093
Dark,WRKY_1:5790536-5790785_reference_binding_2147,0.388235,170,2,5,171,85,-1.0335628594087232
Dark,WRKY_1:5818069-5818318_binding_1060,0.376471,170,2,19,805,720,-0.12930924788148698
Dark,WRKY_1:5818069-5818318_reference_binding_2260,0.382353,170,2,16,899,458,-0.9757058095763956
Dark,WRKY_1:5833708-5833957_binding_1002,0.329412,170,2,24,797,1147,0.38892075055783304
Dark,WRKY_1:5833708-5833957_binding_1058,0.329412,170,2,23,797,1399,0.6856419423160157
Dark,WRKY_1:5833708-5833957_binding_1084,0.335294,170,2,18,935,1142,0.2752269483047828
Dark,WRKY_1:5833708-5833957_binding_1166,0.323529,170,2,15,509,700,0.3923335576532796
Dark,WRKY_1:5833708-5833957_binding_1274,0.329412,170,2,12,534,671,0.26290147572253797
Dark,WRKY_1:5833708-5833957_binding_1295,0.323529,170,2,17,357,423,0.3990206568261758
Dark,WRKY_1:5833708-5833957_binding_1326,0.317647,170,2,17,615,779,0.2272246697058927
Dark,WRKY_1:5833708-5833957_binding_1341,0.329412,170,2,24,940,1444,0.6153838939710174
Dark,WRKY_1:5833708-5833957_binding_1362,0.341176,170,2,16,432,549,0.4065263418407179
Dark,WRKY_1:5833708-5833957_binding_1374,0.329412,170,2,16,573,675,0.3873770970411667
Dark,WRKY_1:5833708-5833957_binding_155,0.323529,170,2,14,364,700,0.897700842145346
Dark,WRKY_1:5833708-5833957_binding_185,0.317647,170,2,14,464,399,-0.2802643182214475
Dark,WRKY_1:5833708-5833957_binding_225,0.329412,170,2,20,1018,1304,0.3128977850025629
Dark,WRKY_1:5833708-5833957_binding_330,0.317647,170,2,21,1199,1117,-0.24519336315898602
Dark,WRKY_1:5833708-5833957_binding_34,0.335294,170,2,19,759,1455,0.8901746237592192
Dark,WRKY_1:5833708-5833957_binding_477,0.323529,170,2,28,1027,1753,0.6355771662426206
Dark,WRKY_1:5833708-5833957_binding_63,0.317647,170,2,21,820,1492,0.7351560863446217
Dark,WRKY_1:5833708-5833957_non_binding_544,0.335294,170,2,19,881,1474,0.7637442813946053
Dark,WRKY_1:5833708-5833957_reference_binding_1902,0.329412,170,2,26,828,1113,0.5087203661052275
Dark,WRKY_1:5833977-5834226_binding_1064,0.270588,170,2,5,231,286,0.3333411854150613
Dark,WRKY_1:5833977-5834226_non_binding_1505,0.282353,170,2,5,193,120,-0.7058666225656312
Dark,WRKY_1:5833977-5834226_non_binding_741,0.276471,170,2,7,415,322,-0.3329142878828959
Dark,WRKY_1:5833977-5834226_non_binding_896,0.258824,170,2,8,374,307,-0.13464410278984756
Dark,WRKY_1:5833977-5834226_reference_binding_2130,0.276471,170,2,6,259,191,-0.42204536106940105
Dark,WRKY_1:5974594-5974843_non_binding_795,0.288235,170,2,5,155,264,0.9390116597439022
Dark,WRKY_1:5974594-5974843_reference_binding_2161,0.288235,170,2,15,372,898,1.208907807206844
Dark,WRKY_1:6018009-6018258_non_binding_1846,0.4,170,2,4,309,44,-2.459428370239683
Dark,WRKY_1:6018009-6018258_non_binding_715,0.358824,170,2,6,311,76,-1.7178201139421496
Dark,WRKY_1:6018009-6018258_non_binding_989,0.352941,170,2,4,179,65,-1.426208117311608
Dark,WRKY_1:6018009-6018258_reference_binding_2118,0.358824,170,2,11,617,163,-1.8476020079755697
Dark,WRKY_1:6067873-6068122_binding_24,0.405882,170,2,5,217,307,0.8754609256741522
Dark,WRKY_1:6067873-6068122_binding_274,0.4,170,2,12,530,898,0.8845582062074926
Dark,WRKY_1:6067873-6068122_binding_353,0.405882,170,2,5,167,360,0.994105673258448
Dark,WRKY_1:6067873-6068122_binding_376,0.405882,170,2,2,86,185,1.4260630124303044
Dark,WRKY_1:6067873-6068122_non_binding_540,0.405882,170,2,2,69,58,-0.23415005997560825
Dark,WRKY_1:6067873-6068122_reference_binding_1897,0.411765,170,2,7,297,333,0.11496983966516358
Dark,WRKY_1:610438-610687_non_binding_1405,0.264706,170,2,9,217,193,-0.1448084028263454
Dark,WRKY_1:610438-610687_non_binding_756,0.264706,170,2,10,344,331,0.034848496817395214
Dark,WRKY_1:610438-610687_non_binding_846,0.264706,170,2,4,237,286,0.3208233321707513
Dark,WRKY_1:610438-610687_reference_binding_2141,0.258824,170,2,7,194,283,0.4849529915746224
Dark,WRKY_1:6197198-6197447_non_binding_1467,0.217647,170,2,8,235,496,1.0646382277745645
Dark,WRKY_1:6197198-6197447_non_binding_749,0.211765,170,2,4,185,378,1.0754256071520136
Dark,WRKY_1:6197198-6197447_non_binding_978,0.223529,170,2,8,163,449,1.220969858193194
Dark,WRKY_1:6197198-6197447_reference_binding_2136,0.217647,170,2,12,456,612,0.5301390365445173
Dark,WRKY_1:6198574-6198823_non_binding_1384,0.194118,170,2,11,293,629,0.9407127764862
Dark,WRKY_1:6198574-6198823_non_binding_1782,0.223529,170,2,15,508,935,0.8093044038366541
Dark,WRKY_1:6198574-6198823_non_binding_754,0.182353,170,2,8,206,443,1.0218816084596205
Dark,WRKY_1:6198574-6198823_reference_binding_2139,0.188235,170,2,9,490,968,0.87852122442493
Dark,WRKY_1:6248649-6248898_non_binding_734,0.394118,170,2,3,161,139,-0.1316884959010505
Dark,WRKY_1:6248649-6248898_reference_binding_2125,0.394118,170,2,12,484,914,0.8659859716108103
Dark,WRKY_1:627146-627395_binding_1015,0.370588,170,2,6,144,125,-0.15606628460652192
Dark,WRKY_1:627146-627395_binding_1142,0.370588,170,2,3,156,77,-1.060270571715869
Dark,WRKY_1:627146-627395_reference_binding_2255,0.376471,170,2,12,524,209,-1.4042857030900011
Dark,WRKY_1:6300274-6300523_non_binding_1733,0.358824,170,2,6,205,200,-0.032170987196818115
Dark,WRKY_1:6300274-6300523_reference_binding_2356,0.364706,170,2,3,52,74,0.39736622656683296
Dark,WRKY_1:6373088-6373337_non_binding_881,0.341176,170,2,1,75,53,-0.5787833180314896
Dark,WRKY_1:6373088-6373337_reference_binding_2207,0.335294,170,2,2,143,87,-0.7260004184444522
Dark,WRKY_1:6432186-6432435_binding_1254,0.376471,170,2,2,19,38,0.7125802912522451
Dark,WRKY_1:6432186-6432435_non_binding_821,0.364706,170,1,1,8,12,0.6758898544455543
Dark,WRKY_1:6432186-6432435_reference_binding_2178,0.370588,170,2,1,8,27,1.0109182518947184
Dark,WRKY_1:658161-658410_binding_158,0.335294,170,2,12,360,739,1.131903083808988
Dark,WRKY_1:658161-658410_binding_444,0.323529,170,2,11,559,1288,1.0480562748531312
Dark,WRKY_1:658161-658410_reference_binding_1940,0.305882,170,2,6,211,1513,2.829838142195352
Dark,WRKY_1:6619800-6620049_non_binding_1526,0.3,170,2,11,351,673,0.94174528926765
Dark,WRKY_1:6619800-6620049_reference_binding_2311,0.294118,170,2,15,543,774,0.7128840858710948
Dark,WRKY_1:6621246-6621495_binding_1050,0.311765,170,2,9,367,2662,2.7477185676577207
Dark,WRKY_1:6621246-6621495_binding_154,0.329412,170,2,11,378,2089,2.2717052636764477
Dark,WRKY_1:6621246-6621495_binding_210,0.323529,170,2,17,534,4072,2.8466251065670365
Dark,WRKY_1:6621246-6621495_binding_224,0.311765,170,2,22,868,5546,2.674375621249379
Dark,WRKY_1:6621246-6621495_binding_295,0.335294,170,2,17,623,5476,3.181892329659208
Dark,WRKY_1:6621246-6621495_binding_309,0.317647,170,2,14,504,2852,2.415283239793303
Dark,WRKY_1:6621246-6621495_binding_358,0.329412,170,2,12,458,2128,2.111901702125674
Dark,WRKY_1:6621246-6621495_binding_421,0.329412,170,2,13,512,3438,2.6929713049482755
Dark,WRKY_1:6621246-6621495_binding_67,0.323529,170,2,23,780,6465,3.0258395299068797
Dark,WRKY_1:6621246-6621495_non_binding_853,0.317647,170,2,19,634,4784,2.87348935200031
Dark,WRKY_1:6621246-6621495_reference_binding_1918,0.317647,170,2,18,729,4073,2.501823887036615
Dark,WRKY_1:6625391-6625640_binding_116,0.464706,170,2,11,514,462,-0.12157397265872003
Dark,WRKY_1:6625391-6625640_binding_1282,0.470588,170,2,12,517,497,-0.06026343023159686
Dark,WRKY_1:6625391-6625640_binding_1304,0.476471,170,2,17,814,746,-0.21162464773872788
Dark,WRKY_1:6625391-6625640_binding_1322,0.476471,170,2,9,405,192,-0.8634027978282875
Dark,WRKY_1:6625391-6625640_binding_1346,0.470588,170,2,10,554,335,-0.7373178199160217
Dark,WRKY_1:6625391-6625640_binding_368,0.458824,170,2,19,474,481,0.1218044542226269
Dark,WRKY_1:6625391-6625640_non_binding_739,0.470588,170,2,16,718,399,-0.8256118887750898
Dark,WRKY_1:6625391-6625640_non_binding_747,0.464706,170,2,23,829,557,-0.6107292648071984
Dark,WRKY_1:6625391-6625640_reference_binding_1931,0.464706,170,2,19,772,538,-0.48042088574175673
Dark,WRKY_1:6652554-6652803_non_binding_764,0.464706,170,1,1,26,7,-1.8021574423590903
Dark,WRKY_1:6728233-6728482_non_binding_755,0.282353,170,2,3,81,37,-0.7319564855330827
Dark,WRKY_1:6728233-6728482_reference_binding_2140,0.276471,170,2,3,105,49,-0.5646018391415607
Dark,WRKY_1:6746795-6747044_binding_1264,0.435294,170,2,11,312,116,-1.1269172656161728
Dark,WRKY_1:6746795-6747044_reference_binding_2279,0.429412,170,2,11,308,133,-1.1119303392880107
Dark,WRKY_1:6766656-6766905_binding_83,0.364706,170,2,1,5,14,1.2970568724397389
Dark,WRKY_1:6766656-6766905_reference_binding_1912,0.382353,170,2,1,57,10,-2.3664601567783072
Dark,WRKY_1:6791933-6792182_binding_100,0.370588,170,2,14,508,585,0.11264938237148381
Dark,WRKY_1:6791933-6792182_binding_1001,0.347059,170,2,13,724,861,0.26125588777520636
Dark,WRKY_1:6791933-6792182_binding_1090,0.335294,170,2,10,359,249,-0.41034716298079854
Dark,WRKY_1:6791933-6792182_binding_1147,0.341176,170,2,13,450,534,0.12206155580968844
Dark,WRKY_1:6791933-6792182_binding_1217,0.341176,170,2,16,641,995,0.760579904982708
Dark,WRKY_1:6791933-6792182_binding_1285,0.335294,170,2,22,1093,1153,-0.013970180444988295
Dark,WRKY_1:6791933-6792182_binding_1287,0.341176,170,2,15,642,807,0.3329970747261769
Dark,WRKY_1:6791933-6792182_binding_1311,0.347059,170,2,10,396,470,0.35163691865939617
Dark,WRKY_1:6791933-6792182_binding_1316,0.347059,170,2,9,291,629,0.8949316598716343
Dark,WRKY_1:6791933-6792182_binding_1324,0.335294,170,2,11,527,633,0.22439642570602386
Dark,WRKY_1:6791933-6792182_binding_1344,0.341176,170,2,15,737,711,-0.13090040604440698
Dark,WRKY_1:6791933-6792182_binding_1360,0.341176,170,2,17,456,622,0.3473954627860528
Dark,WRKY_1:6791933-6792182_binding_163,0.364706,170,2,9,342,361,0.07281655789509313
Dark,WRKY_1:6791933-6792182_binding_223,0.364706,170,2,9,281,308,0.04650442834489123
Dark,WRKY_1:6791933-6792182_binding_252,0.370588,170,2,13,558,548,-0.12603319698712448
Dark,WRKY_1:6791933-6792182_binding_301,0.370588,170,2,19,646,713,0.10733816255606111
Dark,WRKY_1:6791933-6792182_binding_380,0.370588,170,2,18,950,778,-0.31705432154920465
Dark,WRKY_1:6791933-6792182_binding_466,0.364706,170,2,15,563,757,0.4895042625536433
Dark,WRKY_1:6791933-6792182_binding_7,0.358824,170,2,13,572,513,-0.09343906977208419
Dark,WRKY_1:6791933-6792182_non_binding_1388,0.335294,170,2,9,540,587,0.15688741953747204
Dark,WRKY_1:6791933-6792182_reference_binding_1886,0.341176,170,2,8,285,232,-0.10023523392558198
Dark,WRKY_1:6914327-6914576_non_binding_1826,0.305882,170,2,6,176,259,0.7643617011925001
Dark,WRKY_1:6914327-6914576_non_binding_816,0.270588,170,2,14,548,686,0.49770753634309106
Dark,WRKY_1:6914327-6914576_non_binding_935,0.282353,170,2,3,106,69,-0.3724731108010766
Dark,WRKY_1:6914327-6914576_reference_binding_2176,0.276471,170,2,8,315,391,0.19882923926000717
Dark,WRKY_1:7050399-7050648_binding_1123,0.329412,170,2,14,443,621,0.5650512366447987
Dark,WRKY_1:7050399-7050648_reference_binding_2271,0.323529,170,2,12,354,753,0.9318028794990749
Dark,WRKY_1:706670-706919_binding_98,0.311765,170,2,4,90,361,2.247652434926599
Dark,WRKY_1:706670-706919_non_binding_949,0.3,170,2,5,121,385,1.5212871228478857
Dark,WRKY_1:706670-706919_reference_binding_1928,0.288235,170,2,6,235,582,1.2530340182820217
Dark,WRKY_1:7083177-7083426_non_binding_1430,0.364706,170,2,8,242,126,-1.0656319375057584
Dark,WRKY_1:7083177-7083426_reference_binding_2291,0.358824,170,2,9,403,160,-1.498221073939793
Dark,WRKY_1:7106704-7106953_non_binding_1750,0.352941,170,2,7,256,536,0.9878580953305921
Dark,WRKY_1:7106704-7106953_non_binding_1800,0.358824,170,2,18,691,605,-0.25160764074627584
Dark,WRKY_1:7106704-7106953_non_binding_1813,0.341176,170,2,14,511,500,-0.11017491377189098
Dark,WRKY_1:7106704-7106953_reference_binding_2360,0.311765,170,2,14,515,987,0.9339663340889741
Dark,WRKY_1:7171123-7171372_binding_1003,0.347059,170,2,5,214,140,-0.4082556533287102
Dark,WRKY_1:7171123-7171372_binding_1087,0.341176,170,2,10,432,550,0.3040735355918149
Dark,WRKY_1:7171123-7171372_binding_1247,0.347059,170,2,12,553,591,0.34761357154708084
Dark,WRKY_1:7171123-7171372_reference_binding_2252,0.341176,170,2,17,502,836,0.7465568364994508
Dark,WRKY_1:7188402-7188651_non_binding_1616,0.364706,170,2,3,133,95,-0.28786647674294297
Dark,WRKY_1:7188402-7188651_non_binding_799,0.364706,170,2,6,270,253,-0.27399246669299704
Dark,WRKY_1:7188402-7188651_reference_binding_2164,0.364706,170,2,9,395,205,-0.8468760196262085
Dark,WRKY_1:724003-724252_non_binding_1566,0.411765,170,2,3,124,60,-0.7180592282699687
Dark,WRKY_1:724003-724252_reference_binding_2320,0.405882,170,2,4,125,102,-0.25490596637868723
Dark,WRKY_1:7261084-7261333_non_binding_1641,0.329412,170,2,2,52,57,0.6838348098309085
Dark,WRKY_1:7261084-7261333_non_binding_1683,0.329412,170,2,2,69,43,0.11776016234864095
Dark,WRKY_1:7261084-7261333_non_binding_574,0.3,170,2,2,35,25,-0.28813568649432086
Dark,WRKY_1:7261084-7261333_reference_binding_2017,0.3,170,1,1,6,16,1.307266181179823
Dark,WRKY_1:7375596-7375845_non_binding_1649,0.347059,170,2,18,550,853,0.47492701133971604
Dark,WRKY_1:7375596-7375845_non_binding_1654,0.347059,170,2,2,30,28,0.2501458612614783
Dark,WRKY_1:7375596-7375845_non_binding_1691,0.352941,170,2,4,92,76,0.005889330786128216
Dark,WRKY_1:7375596-7375845_non_binding_1756,0.347059,170,2,7,319,551,0.8095844093343993
Dark,WRKY_1:7375596-7375845_non_binding_852,0.329412,170,2,5,185,113,-0.787318273908226
Dark,WRKY_1:7375596-7375845_reference_binding_2194,0.323529,170,2,3,149,116,-0.08225860985960878
Dark,WRKY_1:7392926-7393175_non_binding_1588,0.347059,170,2,8,180,199,0.32644137559811504
Dark,WRKY_1:7392926-7393175_non_binding_1666,0.352941,170,2,7,167,113,-0.24316290225917483
Dark,WRKY_1:7392926-7393175_non_binding_1804,0.364706,170,2,13,354,352,-0.1555874298429316
Dark,WRKY_1:7392926-7393175_non_binding_1836,0.358824,170,2,5,65,66,-0.11111407707384804
Dark,WRKY_1:7392926-7393175_reference_binding_2322,0.341176,170,2,5,50,62,0.5773949427029677
Dark,WRKY_1:7448351-7448600_binding_1109,0.388235,170,2,15,558,785,0.582690638742345
Dark,WRKY_1:7448351-7448600_binding_253,0.405882,170,2,17,698,1861,1.3854770890453074
Dark,WRKY_1:7448351-7448600_non_binding_1662,0.394118,170,2,11,518,710,0.5773516607395853
Dark,WRKY_1:7448351-7448600_non_binding_1671,0.394118,170,2,10,367,584,0.8266721708310907
Dark,WRKY_1:7448351-7448600_reference_binding_1947,0.382353,170,2,15,635,1680,1.3477248437561862
Dark,WRKY_1:7491189-7491438_non_binding_1492,0.352941,170,2,11,430,454,0.1482337780635959
Dark,WRKY_1:7491189-7491438_non_binding_1570,0.352941,170,2,10,425,1211,1.6487532141859003
Dark,WRKY_1:7491189-7491438_non_binding_1693,0.352941,170,2,6,165,364,1.1568922767203869
Dark,WRKY_1:7491189-7491438_non_binding_636,0.341176,170,2,10,377,504,0.35000666197262686
Dark,WRKY_1:7491189-7491438_non_binding_645,0.347059,170,2,5,228,294,0.36004580855038604
Dark,WRKY_1:7491189-7491438_non_binding_809,0.352941,170,2,13,506,423,-0.2811529508642109
Dark,WRKY_1:7491189-7491438_reference_binding_2062,0.347059,170,2,14,409,668,0.842041014650833
Dark,WRKY_1:7508589-7508838_binding_1154,0.288235,170,2,14,408,1174,1.4928487635097276
Dark,WRKY_1:7508589-7508838_binding_1213,0.282353,170,2,10,399,663,0.6092212828306014
Dark,WRKY_1:7508589-7508838_binding_1268,0.288235,170,2,10,347,723,1.0938494400871166
Dark,WRKY_1:7508589-7508838_binding_1315,0.288235,170,2,8,412,873,1.0515297406515145
Dark,WRKY_1:7508589-7508838_binding_1336,0.288235,170,2,15,646,1214,0.929610304990353
Dark,WRKY_1:7508589-7508838_non_binding_1502,0.288235,170,2,12,409,837,1.0440529980955544
Dark,WRKY_1:7508589-7508838_non_binding_1552,0.282353,170,2,7,287,904,1.632243705534574
Dark,WRKY_1:7508589-7508838_non_binding_1556,0.288235,170,2,8,299,808,1.405936016521029
Dark,WRKY_1:7508589-7508838_non_binding_1597,0.288235,170,2,9,440,1020,1.1675023767863195
Dark,WRKY_1:7508589-7508838_non_binding_792,0.294118,170,2,11,434,1132,1.3034836728130847
Dark,WRKY_1:7508589-7508838_non_binding_960,0.294118,170,2,7,321,727,1.125986593002306
Dark,WRKY_1:7508589-7508838_non_binding_970,0.288235,170,2,13,489,914,0.8843817447346077
Dark,WRKY_1:7508589-7508838_reference_binding_2160,0.282353,170,2,7,201,505,1.2873811251372576
Dark,WRKY_1:7529158-7529407_non_binding_1665,0.411765,170,2,3,144,122,-0.18147341608528056
Dark,WRKY_1:7529158-7529407_non_binding_811,0.405882,170,2,4,180,85,-1.185304073191995
Dark,WRKY_1:7529158-7529407_reference_binding_2172,0.411765,170,2,2,92,73,0.026570412249695613
Dark,WRKY_1:7553229-7553478_non_binding_1760,0.423529,170,2,15,581,1392,1.2212753322355026
Dark,WRKY_1:7553229-7553478_non_binding_1801,0.405882,170,2,17,603,1905,1.6148272845060951
Dark,WRKY_1:7553229-7553478_non_binding_1878,0.4,170,2,17,858,3376,1.9492101573505458
Dark,WRKY_1:7553229-7553478_non_binding_1879,0.411765,170,2,10,473,937,0.9530478251271152
Dark,WRKY_1:7553229-7553478_reference_binding_2361,0.4,170,2,18,585,2621,2.1548517153046163
Dark,WRKY_1:7627766-7628015_non_binding_1423,0.417647,170,2,19,708,339,-1.1526558631050516
Dark,WRKY_1:7627766-7628015_reference_binding_2290,0.423529,170,2,25,953,677,-0.40628942473861074
Dark,WRKY_1:7661304-7661553_binding_127,0.329412,170,2,27,959,3447,1.7681117483137356
Dark,WRKY_1:7661304-7661553_binding_1275,0.3,170,2,15,475,1344,1.4528424025885558
Dark,WRKY_1:7661304-7661553_binding_1301,0.3,170,2,10,326,959,1.6327295217272657
Dark,WRKY_1:7661304-7661553_binding_298,0.335294,170,2,20,932,2671,1.4599972211678809
Dark,WRKY_1:7661304-7661553_binding_303,0.335294,170,2,16,549,1385,1.6341538755595657
Dark,WRKY_1:7661304-7661553_binding_308,0.335294,170,2,11,290,884,1.496123906661422
Dark,WRKY_1:7661304-7661553_binding_352,0.323529,170,2,21,808,2199,1.3747522683079563
Dark,WRKY_1:7661304-7661553_binding_87,0.323529,170,2,7,233,584,1.5181219409182303
Dark,WRKY_1:7661304-7661553_non_binding_1427,0.3,170,2,2,65,214,1.7938063215284734
Dark,WRKY_1:7661304-7661553_non_binding_1465,0.294118,170,2,10,338,1019,1.5086884179155693
Dark,WRKY_1:7661304-7661553_non_binding_1537,0.294118,170,2,6,286,645,1.1390926607549865
Dark,WRKY_1:7661304-7661553_non_binding_1554,0.3,170,2,10,525,1450,1.3863350074962901
Dark,WRKY_1:7661304-7661553_non_binding_1589,0.3,170,2,7,231,636,1.3605650774262497
Dark,WRKY_1:7661304-7661553_non_binding_1608,0.294118,170,2,8,208,379,0.887834932365554
Dark,WRKY_1:7661304-7661553_non_binding_502,0.3,170,2,3,31,116,1.8839763420744933
Dark,WRKY_1:7661304-7661553_reference_binding_1925,0.294118,170,2,12,490,1232,1.2083279347295368
Dark,WRKY_1:7813734-7813983_non_binding_932,0.305882,170,2,3,82,62,-0.31617644771872067
Dark,WRKY_1:7813734-7813983_non_binding_991,0.3,170,2,3,86,117,0.8179213111590504
Dark,WRKY_1:7813734-7813983_reference_binding_2227,0.305882,170,2,2,79,130,0.674053072931014
Dark,WRKY_1:7861658-7861907_non_binding_943,0.435294,170,2,9,434,186,-0.7700277270021675
Dark,WRKY_1:7861658-7861907_reference_binding_2231,0.435294,170,2,9,437,337,-0.49542460820558926
Dark,WRKY_1:7897705-7897954_non_binding_1697,0.282353,170,2,12,419,981,1.1963869550531885
Dark,WRKY_1:7897705-7897954_reference_binding_2349,0.258824,170,2,5,120,265,1.3880635197601627
Dark,WRKY_1:7910420-7910669_non_binding_1394,0.352941,170,2,3,122,87,-0.40659343558747163
Dark,WRKY_1:7910420-7910669_non_binding_563,0.358824,170,2,3,43,65,0.6882211054760232
Dark,WRKY_1:7910420-7910669_non_binding_665,0.352941,170,2,2,30,35,0.3102929781203343
Dark,WRKY_1:7910420-7910669_reference_binding_2007,0.352941,170,2,4,52,86,0.9007735954612277
Dark,WRKY_1:8024095-8024344_non_binding_1478,0.370588,170,2,8,224,432,1.0053553495812233
Dark,WRKY_1:8024095-8024344_non_binding_1640,0.370588,170,2,18,507,1859,1.7836692127277132
Dark,WRKY_1:8024095-8024344_non_binding_1646,0.376471,170,2,21,767,3036,1.833474016778076
Dark,WRKY_1:8024095-8024344_non_binding_1783,0.376471,170,2,6,151,327,1.2230587572523353
Dark,WRKY_1:8024095-8024344_non_binding_1817,0.376471,170,2,16,509,703,0.4711258898757101
Dark,WRKY_1:8024095-8024344_reference_binding_2302,0.364706,170,2,5,158,172,0.6933881271797382
Dark,WRKY_1:8049090-8049339_binding_1069,0.370588,170,2,1,34,28,-0.2596721524519032
Dark,WRKY_1:8049090-8049339_reference_binding_2261,0.376471,170,2,1,23,5,-1.7605202977823522
Dark,WRKY_1:8073307-8073556_non_binding_1740,0.4,170,2,7,322,163,-0.8140711463318504
Dark,WRKY_1:8073307-8073556_non_binding_576,0.405882,170,2,8,311,159,-0.9369923568566656
Dark,WRKY_1:8073307-8073556_non_binding_716,0.4,170,2,6,282,127,-1.246792954702638
Dark,WRKY_1:8073307-8073556_reference_binding_2019,0.4,170,2,10,233,208,-0.24846151144082704
Dark,WRKY_1:8212035-8212284_binding_1243,0.276471,170,2,2,64,72,0.5805816916827741
Dark,WRKY_1:8212035-8212284_non_binding_926,0.276471,170,2,4,181,252,0.3618122389379409
Dark,WRKY_1:8212035-8212284_reference_binding_2224,0.270588,170,2,2,81,136,0.6955097510082425
Dark,WRKY_1:8212578-8212827_binding_1181,0.388235,170,2,2,33,24,-0.38941917651617564
Dark,WRKY_1:8212578-8212827_binding_1184,0.394118,170,2,1,11,8,0.1303450055771429
Dark,WRKY_1:8212578-8212827_binding_1229,0.382353,170,2,2,44,60,0.7453680025170846
Dark,WRKY_1:8212578-8212827_binding_1252,0.388235,170,2,2,39,114,1.2889747728531136
Dark,WRKY_1:8212578-8212827_binding_1356,0.4,170,2,1,86,81,0.06455199694963998
Dark,WRKY_1:8212578-8212827_binding_171,0.452941,170,2,1,37,15,-1.1081566207154754
Dark,WRKY_1:8212578-8212827_binding_268,0.441176,170,1,1,11,12,0.017759563984838134
Dark,WRKY_1:8212578-8212827_binding_334,0.447059,170,2,3,141,68,-0.9100559644544921
Dark,WRKY_1:8212578-8212827_binding_42,0.447059,170,2,2,50,28,-0.8790939995257019
Dark,WRKY_1:8212578-8212827_binding_433,0.441176,170,2,1,26,9,-1.0898134482864579
Dark,WRKY_1:8220945-8221194_non_binding_884,0.317647,170,2,6,407,183,-1.1846689592901172
Dark,WRKY_1:8220945-8221194_reference_binding_2210,0.3,170,2,11,337,367,0.2582543857187347
Dark,WRKY_1:8260304-8260553_non_binding_1639,0.241176,170,2,6,245,619,1.5389447848392817
Dark,WRKY_1:8260304-8260553_reference_binding_1987,0.205882,170,2,3,130,294,1.1762674230716774
Dark,WRKY_1:8354504-8354753_non_binding_1420,0.276471,170,2,15,426,462,0.08372594761101577
Dark,WRKY_1:8354504-8354753_non_binding_775,0.276471,170,2,10,270,307,0.08827016679089036
Dark,WRKY_1:8354504-8354753_reference_binding_2152,0.270588,170,2,7,226,230,0.21773863254974218
Dark,WRKY_1:8360342-8360591_non_binding_661,0.282353,170,2,10,279,579,1.0032823449332502
Dark,WRKY_1:8360342-8360591_reference_binding_2080,0.282353,170,2,6,180,557,1.5243277590255402
Dark,WRKY_1:8368541-8368790_non_binding_1385,0.270588,170,2,2,51,30,-0.33964260888674835
Dark,WRKY_1:8368541-8368790_non_binding_1517,0.270588,170,2,9,277,221,-0.3474926574816304
Dark,WRKY_1:8368541-8368790_non_binding_1582,0.276471,170,2,4,118,77,-0.5333981540680456
Dark,WRKY_1:8368541-8368790_non_binding_1600,0.276471,170,2,5,124,78,-0.5153867709739688
Dark,WRKY_1:8368541-8368790_non_binding_872,0.282353,170,2,3,52,62,0.03871720693198158
Dark,WRKY_1:8368541-8368790_reference_binding_2205,0.270588,170,1,1,35,29,-0.3790733399164154
Dark,WRKY_1:8514806-8515055_non_binding_1535,0.329412,170,2,4,136,183,0.4484099299146608
Dark,WRKY_1:8514806-8515055_non_binding_1833,0.341176,170,2,4,122,152,0.3669996944761335
Dark,WRKY_1:8514806-8515055_non_binding_606,0.341176,170,2,2,69,55,-0.3167576624115588
Dark,WRKY_1:8514806-8515055_reference_binding_2042,0.335294,170,2,3,183,283,0.6324335152181688
Dark,WRKY_1:8537256-8537505_binding_1168,0.323529,170,2,10,406,1371,1.8043544904175446
Dark,WRKY_1:8537256-8537505_binding_166,0.317647,170,2,14,570,1817,1.762963199784517
Dark,WRKY_1:8537256-8537505_binding_197,0.311765,170,2,10,446,2208,2.3710799694129028
Dark,WRKY_1:8537256-8537505_binding_257,0.311765,170,2,10,282,1160,2.0817220171929964
Dark,WRKY_1:8537256-8537505_binding_41,0.317647,170,2,17,776,3284,1.9783658749103643
Dark,WRKY_1:8537256-8537505_non_binding_983,0.317647,170,2,18,715,2317,1.6955184287852014
Dark,WRKY_1:8537256-8537505_reference_binding_1906,0.317647,170,2,12,601,1813,1.642317625249019
Dark,WRKY_1:855782-856031_binding_10,0.323529,170,2,10,523,324,-0.635664410047434
Dark,WRKY_1:855782-856031_binding_1009,0.341176,170,2,10,422,697,0.7171281330801178
Dark,WRKY_1:855782-856031_binding_1014,0.347059,170,2,7,349,290,-0.16055370965228047
Dark,WRKY_1:855782-856031_binding_1158,0.347059,170,2,6,203,395,0.8795521951836194
Dark,WRKY_1:855782-856031_binding_1175,0.352941,170,2,11,407,722,0.8389657329407156
Dark,WRKY_1:855782-856031_binding_1262,0.347059,170,2,17,565,713,0.36808489849590126
Dark,WRKY_1:855782-856031_binding_1307,0.341176,170,2,10,491,589,0.3038631556482078
Dark,WRKY_1:855782-856031_binding_1347,0.352941,170,2,12,578,835,0.5626893301242928
Dark,WRKY_1:855782-856031_binding_1350,0.341176,170,2,16,665,1108,0.6183285974775277
Dark,WRKY_1:855782-856031_binding_1353,0.341176,170,2,13,451,631,0.386613814916448
Dark,WRKY_1:855782-856031_binding_291,0.317647,170,2,14,711,868,0.20439233067915935
Dark,WRKY_1:855782-856031_non_binding_583,0.347059,170,2,7,276,259,-0.14691969089279336
Dark,WRKY_1:855782-856031_non_binding_920,0.341176,170,2,7,325,684,1.0902240055088512
Dark,WRKY_1:855782-856031_reference_binding_1889,0.347059,170,2,12,421,933,1.0357158275426612
Dark,WRKY_1:8585800-8586049_non_binding_988,0.376471,170,2,6,250,129,-0.9238712629311838
Dark,WRKY_1:8585800-8586049_reference_binding_2250,0.358824,170,2,5,145,142,-0.028171899732106015
Dark,WRKY_1:8686138-8686387_non_binding_1586,0.370588,170,2,4,65,214,1.6033638959294287
Dark,WRKY_1:8686138-8686387_non_binding_621,0.370588,170,2,4,125,136,0.3861296265633791
Dark,WRKY_1:8686138-8686387_non_binding_909,0.370588,170,2,4,104,82,-0.19298160973540565
Dark,WRKY_1:8686138-8686387_reference_binding_2053,0.370588,170,2,4,212,513,1.3399386308053574
Dark,WRKY_1:8747405-8747654_binding_105,0.370588,170,2,4,100,88,0.13838938064629677
Dark,WRKY_1:8747405-8747654_binding_231,0.370588,170,2,12,452,450,0.042505577539624945
Dark,WRKY_1:8747405-8747654_binding_336,0.352941,170,2,2,41,21,-0.4609787768881878
Dark,WRKY_1:8747405-8747654_binding_367,0.364706,170,2,5,283,387,0.6098583078408755
Dark,WRKY_1:8747405-8747654_binding_85,0.376471,170,2,13,432,994,1.2440525523391228
Dark,WRKY_1:8747405-8747654_non_binding_620,0.358824,170,2,1,65,36,-0.6349123527722469
Dark,WRKY_1:8747405-8747654_reference_binding_1924,0.364706,170,2,6,285,215,-0.4799851178008889
Dark,WRKY_1:8773118-8773367_non_binding_798,0.382353,170,2,4,239,385,0.6049349746792971
Dark,WRKY_1:8787497-8787746_non_binding_656,0.376471,170,2,2,85,88,0.1378273812577629
Dark,WRKY_1:8787497-8787746_non_binding_870,0.376471,170,2,18,877,1342,0.5610161264741349
Dark,WRKY_1:8787497-8787746_non_binding_963,0.376471,170,2,5,205,226,0.3125961221040914
Dark,WRKY_1:8787497-8787746_reference_binding_2076,0.382353,170,2,9,603,1885,1.667112022314055
Dark,WRKY_1:880343-880592_non_binding_553,0.347059,170,2,11,375,259,-0.5448895544201441
Dark,WRKY_1:880343-880592_non_binding_758,0.347059,170,2,12,441,338,-0.24007533637335954
Dark,WRKY_1:880343-880592_non_binding_879,0.352941,170,2,6,166,155,-0.3163606955253293
Dark,WRKY_1:880343-880592_reference_binding_2000,0.347059,170,2,3,148,151,0.049347547158798355
Dark,WRKY_1:8824404-8824653_non_binding_1877,0.4,170,2,4,275,698,1.424189148646914
Dark,WRKY_1:8846538-8846787_non_binding_1592,0.370588,170,2,6,282,424,0.6662067596481974
Dark,WRKY_1:8846538-8846787_non_binding_1619,0.370588,170,2,8,400,479,0.2525699304306437
Dark,WRKY_1:8846538-8846787_non_binding_562,0.370588,170,2,8,215,182,0.1628362491534553
Dark,WRKY_1:8846538-8846787_reference_binding_2006,0.376471,170,2,11,333,468,0.7707553681051909
Dark,WRKY_1:8863563-8863812_non_binding_1638,0.405882,170,2,9,411,660,0.7182188361548132
Dark,WRKY_1:8863563-8863812_non_binding_613,0.364706,170,2,5,252,455,0.7740297389345384
Dark,WRKY_1:8863563-8863812_reference_binding_2047,0.358824,170,2,8,274,514,0.901998296492063
Dark,WRKY_1:8864269-8864518_non_binding_1418,0.288235,170,2,13,508,361,-0.6252005686110116
Dark,WRKY_1:8864269-8864518_non_binding_648,0.276471,170,2,13,538,256,-1.0669744962434797
Dark,WRKY_1:8864269-8864518_reference_binding_2071,0.282353,170,2,4,135,47,-1.0595837276485782
Dark,WRKY_1:9027722-9027971_non_binding_1456,0.382353,170,2,9,244,1126,2.0656865863324327
Dark,WRKY_1:9027722-9027971_reference_binding_2299,0.388235,170,2,15,553,2652,2.2226310636550166
Dark,WRKY_1:903958-904207_binding_1317,0.347059,170,2,2,20,87,2.0281714557480637
Dark,WRKY_1:903958-904207_non_binding_1529,0.347059,170,1,1,5,13,1.4694389769781273
Dark,WRKY_1:903958-904207_non_binding_1555,0.347059,170,2,4,44,84,1.2888128110454544
Dark,WRKY_1:903958-904207_non_binding_819,0.347059,170,2,5,56,175,1.4854833133087315
Dark,WRKY_1:903958-904207_non_binding_898,0.341176,170,2,6,133,320,1.238475782573406
Dark,WRKY_1:903958-904207_reference_binding_2177,0.341176,170,2,5,49,124,1.1898367234667115
Dark,WRKY_1:9127761-9128010_non_binding_518,0.470588,170,2,3,77,45,-0.8958887043699248
Dark,WRKY_1:9127761-9128010_non_binding_999,0.488235,170,2,7,318,98,-1.646471012762496
Dark,WRKY_1:9127761-9128010_reference_binding_1971,0.476471,170,2,3,101,29,-1.6959916440280396
Dark,WRKY_1:9209492-9209741_non_binding_1656,0.329412,170,2,14,527,564,0.1681526458145154
Dark,WRKY_1:9209492-9209741_reference_binding_2336,0.323529,170,2,14,503,918,0.9145699809407741
Dark,WRKY_1:9320986-9321235_binding_1164,0.429412,170,2,8,473,166,-1.358101557420017
Dark,WRKY_1:9320986-9321235_non_binding_1778,0.423529,170,2,6,151,63,-1.35340603950183
Dark,WRKY_1:9320986-9321235_non_binding_584,0.417647,170,2,5,178,109,-0.8810739962797564
Dark,WRKY_1:9320986-9321235_reference_binding_2025,0.423529,170,2,4,120,76,-0.761901976547253
Dark,WRKY_1:9394782-9395031_non_binding_1700,0.394118,170,2,12,454,755,0.6692143796465867
Dark,WRKY_1:9394782-9395031_non_binding_1853,0.394118,170,2,14,690,1010,0.5453813445793171
Dark,WRKY_1:9394782-9395031_non_binding_1854,0.4,170,2,9,443,951,1.0646695053184718
Dark,WRKY_1:9394782-9395031_non_binding_789,0.405882,170,2,10,518,319,-0.6526301777959087
Dark,WRKY_1:9394782-9395031_reference_binding_2157,0.417647,170,2,11,459,627,0.6455011217616476
Dark,WRKY_1:9434202-9434451_non_binding_1696,0.352941,170,2,12,626,247,-1.2830454995654654
Dark,WRKY_1:9434202-9434451_non_binding_712,0.347059,170,2,3,164,94,-0.9726689996994641
Dark,WRKY_1:9434202-9434451_reference_binding_2116,0.341176,170,2,8,288,110,-1.388123473830292
Dark,WRKY_1:9481162-9481411_non_binding_1746,0.358824,170,2,11,400,473,0.1182689205363692
Dark,WRKY_1:9481162-9481411_non_binding_815,0.317647,170,2,8,201,173,-0.10315019015827881
Dark,WRKY_1:9481162-9481411_reference_binding_2175,0.323529,170,2,11,272,337,0.16441192579100494
Dark,WRKY_1:9516577-9516826_non_binding_1724,0.382353,170,2,7,366,182,-0.9099646852857355
Dark,WRKY_1:9516577-9516826_reference_binding_2353,0.370588,170,2,6,172,114,-0.48957213966825563
Dark,WRKY_1:9544169-9544418_non_binding_585,0.417647,170,2,18,646,843,0.28143244027873837
Dark,WRKY_1:9544169-9544418_reference_binding_2026,0.423529,170,2,10,502,498,0.03831529240917089
Dark,WRKY_1:9608800-9609049_binding_121,0.323529,170,2,1,10,5,-1.102235483775197
Dark,WRKY_1:9608800-9609049_non_binding_624,0.311765,170,2,1,11,9,-0.26437150145302785
Dark,WRKY_1:9608800-9609049_reference_binding_1933,0.305882,170,2,3,69,48,-0.2598236801324193
Dark,WRKY_1:9610929-9611178_non_binding_1449,0.323529,170,2,8,204,579,1.382213607128882
Dark,WRKY_1:9610929-9611178_reference_binding_2295,0.317647,170,2,6,155,251,0.8872498021502235
Dark,WRKY_1:9698945-9699194_binding_1127,0.358824,170,2,16,871,316,-1.4170624425578373
Dark,WRKY_1:9698945-9699194_reference_binding_2272,0.352941,170,2,28,1146,626,-0.824651962909722
Dark,WRKY_1:9701045-9701294_non_binding_1533,0.317647,170,2,7,326,261,-0.11222775579391273
Dark,WRKY_1:9701045-9701294_reference_binding_2313,0.311765,170,2,2,72,86,0.3348200902771074
Dark,WRKY_1:9775064-9775313_binding_1144,0.347059,170,2,8,243,395,0.6563681266172677
Dark,WRKY_1:9775064-9775313_non_binding_1695,0.347059,170,2,10,452,229,-0.7444027456025046
Dark,WRKY_1:9775064-9775313_non_binding_791,0.352941,170,2,7,285,274,-0.19676945885845543
Dark,WRKY_1:9775064-9775313_non_binding_938,0.352941,170,2,9,373,255,-0.5937734713568519
Dark,WRKY_1:9775064-9775313_reference_binding_2159,0.352941,170,2,3,105,124,-0.03927443575748579
Dark,WRKY_1:9871146-9871395_binding_118,0.347059,170,2,9,365,327,-0.05349724522291309
Dark,WRKY_1:9871146-9871395_binding_140,0.352941,170,2,6,187,128,-0.5853636156567075
Dark,WRKY_1:9871146-9871395_binding_145,0.341176,170,2,6,271,107,-1.2452499422983843
Dark,WRKY_1:9871146-9871395_binding_195,0.341176,170,2,9,296,117,-1.3259114222030037
Dark,WRKY_1:9871146-9871395_binding_237,0.335294,170,2,10,300,162,-0.9283232975909974
Dark,WRKY_1:9871146-9871395_binding_281,0.341176,170,2,5,302,77,-1.3642718651964316
Dark,WRKY_1:9871146-9871395_binding_322,0.329412,170,2,5,179,117,-0.8879304089346913
Dark,WRKY_1:9871146-9871395_binding_430,0.347059,170,2,11,452,211,-1.048811460669841
Dark,WRKY_1:9871146-9871395_binding_61,0.329412,170,2,8,367,221,-0.805682485347455
Dark,WRKY_1:9871146-9871395_non_binding_1443,0.364706,170,2,9,286,127,-1.1035068588742096
Dark,WRKY_1:9871146-9871395_non_binding_623,0.358824,170,2,9,388,144,-1.4674243748776938
Dark,WRKY_1:9871146-9871395_non_binding_779,0.364706,170,2,4,150,41,-1.7641073525830187
Dark,WRKY_1:9871146-9871395_reference_binding_1916,0.358824,170,2,12,545,252,-1.1263502435061397
Dark,WRKY_1:9884620-9884869_reference_binding_2030,0.394118,170,2,2,85,99,0.03933717432139819
Dark,WRKY_1:992691-992940_non_binding_1850,0.411765,170,2,5,254,111,-0.9337299593773024
Dark,WRKY_1:992691-992940_reference_binding_2374,0.423529,170,2,9,321,180,-0.8303683967790707
Dark,WRKY_1:9939573-9939822_non_binding_1446,0.294118,170,2,9,237,510,1.2456253362608676
Dark,WRKY_1:9939573-9939822_non_binding_1522,0.3,170,2,14,526,1050,1.0129038970776638
Dark,WRKY_1:9939573-9939822_non_binding_1561,0.3,170,2,17,735,1998,1.5375366348839834
Dark,WRKY_1:9939573-9939822_non_binding_1849,0.317647,170,2,12,401,1622,1.9728453430681312
Dark,WRKY_1:9939573-9939822_reference_binding_2294,0.294118,170,2,10,336,874,1.420581116103514
Dark,bHLH_1:10012805-10013054_non_binding_1665,0.464706,170,1,1,17,19,0.05269335409422515
Dark,bHLH_1:10012805-10013054_reference_binding_2876,0.458824,170,2,1,15,12,-0.31208713906211694
Dark,bHLH_1:10030927-10031176_non_binding_503,0.476471,170,2,3,100,71,-0.896119572517341
Dark,bHLH_1:10030927-10031176_reference_binding_2336,0.482353,170,2,5,227,147,-0.4264916281109933
Dark,bHLH_1:10056180-10056429_binding_1025,0.394118,170,1,2,18,47,1.2768925321363043
Dark,bHLH_1:10056180-10056429_reference_binding_2693,0.394118,170,2,1,18,7,-0.6897070218796657
Dark,bHLH_1:10077520-10077769_reference_binding_2371,0.311765,170,2,3,84,30,-1.3099201939630203
Dark,bHLH_1:10081845-10082094_binding_261,0.5,170,2,10,713,217,-1.5325163789626584
Dark,bHLH_1:10081845-10082094_binding_88,0.494118,170,2,8,424,199,-1.081640676293317
Dark,bHLH_1:10081845-10082094_reference_binding_2083,0.482353,170,2,9,396,244,-0.9651478384574746
Dark,bHLH_1:10147517-10147766_non_binding_1659,0.388235,170,2,17,640,1238,0.9743678061673898
Dark,bHLH_1:10147517-10147766_non_binding_1893,0.370588,170,2,23,806,721,-0.220952938503485
Dark,bHLH_1:10147517-10147766_non_binding_1978,0.370588,170,2,24,767,926,0.18710907533329427
Dark,bHLH_1:10147517-10147766_reference_binding_2872,0.388235,170,2,17,545,1318,1.2642955473011277
Dark,bHLH_1:10166476-10166725_binding_1257,0.394118,170,2,8,266,305,0.3611668370696093
Dark,bHLH_1:10166476-10166725_binding_1354,0.376471,170,2,11,359,531,0.759973588051678
Dark,bHLH_1:10166476-10166725_binding_1427,0.388235,170,2,14,325,362,0.19978629197192457
Dark,bHLH_1:10166476-10166725_reference_binding_2754,0.376471,170,2,10,474,436,0.0571270636728434
Dark,bHLH_1:10253524-10253773_binding_1145,0.464706,170,2,18,779,541,-0.5947956991479161
Dark,bHLH_1:10253524-10253773_reference_binding_2735,0.458824,170,2,21,793,649,-0.3170002748818336
Dark,bHLH_1:10256536-10256785_non_binding_1706,0.405882,170,2,15,700,486,-0.5183910227793663
Dark,bHLH_1:10256536-10256785_non_binding_547,0.405882,170,2,10,505,243,-0.8808320613002311
Dark,bHLH_1:10256536-10256785_reference_binding_2380,0.411765,170,2,15,762,779,-0.06693750986037934
Dark,bHLH_1:10313276-10313525_non_binding_705,0.447059,170,2,7,412,130,-1.5811139148642175
Dark,bHLH_1:10313276-10313525_reference_binding_2507,0.447059,170,2,3,142,63,-0.96145887122784
Dark,bHLH_1:10373353-10373602_binding_42,0.476471,170,2,13,465,297,-0.6731435941172518
Dark,bHLH_1:10373353-10373602_reference_binding_2040,0.482353,170,2,8,549,253,-0.9230836171612651
Dark,bHLH_1:10376388-10376637_binding_1092,0.452941,170,2,9,316,441,0.5520265794597989
Dark,bHLH_1:10376388-10376637_binding_1372,0.441176,170,2,8,311,360,0.6818380243027599
Dark,bHLH_1:10376388-10376637_reference_binding_2717,0.447059,170,2,14,544,923,0.7174462014820452
Dark,bHLH_1:10378285-10378534_binding_1004,0.482353,170,2,12,474,218,-0.894319304318139
Dark,bHLH_1:10378285-10378534_binding_146,0.464706,170,2,12,391,273,-0.6843623045772084
Dark,bHLH_1:10378285-10378534_binding_275,0.464706,170,2,11,538,211,-1.1515384004021736
Dark,bHLH_1:10378285-10378534_reference_binding_2129,0.494118,170,2,17,920,419,-0.9979850200734044
Dark,bHLH_1:10433339-10433588_non_binding_856,0.411765,170,2,5,161,355,1.0737139832018456
Dark,bHLH_1:10433339-10433588_reference_binding_2607,0.417647,170,2,16,605,2155,1.83555667272043
Dark,bHLH_1:10470540-10470789_binding_1032,0.494118,170,2,6,328,117,-1.4486868387944134
Dark,bHLH_1:10470540-10470789_binding_1150,0.5,170,2,5,260,65,-1.5665655011074309
Dark,bHLH_1:10470540-10470789_non_binding_976,0.488235,170,2,11,724,217,-1.7029126509786707
Dark,bHLH_1:10470540-10470789_reference_binding_2674,0.488235,170,2,9,375,97,-1.4128294513491553
Dark,bHLH_1:10691727-10691976_non_binding_1840,0.370588,170,2,16,626,1477,1.2352007325704473
Dark,bHLH_1:10691727-10691976_reference_binding_2950,0.382353,170,2,15,539,1034,1.1085056955550545
Dark,bHLH_1:10758673-10758922_binding_1376,0.317647,170,2,11,511,452,-0.10198435008538193
Dark,bHLH_1:10758673-10758922_binding_1378,0.323529,170,2,19,742,1130,0.5861184266764923
Dark,bHLH_1:10758673-10758922_non_binding_1561,0.323529,170,2,16,879,831,-0.09462579227507123
Dark,bHLH_1:10758673-10758922_non_binding_883,0.317647,170,2,17,552,677,0.31369482072466465
Dark,bHLH_1:10758673-10758922_reference_binding_2628,0.317647,170,2,14,652,616,-0.19515117995103382
Dark,bHLH_1:10772849-10773098_non_binding_1651,0.341176,170,2,13,549,380,-0.5428287186702409
Dark,bHLH_1:10772849-10773098_non_binding_1890,0.335294,170,2,8,246,544,1.1793917020289426
Dark,bHLH_1:10772849-10773098_reference_binding_2869,0.335294,170,2,10,382,284,-0.5814251346795409
Dark,bHLH_1:10794099-10794348_binding_1242,0.405882,170,2,13,371,539,0.6130010988017099
Dark,bHLH_1:10794099-10794348_binding_1304,0.411765,170,2,15,691,1316,0.9373618177317424
Dark,bHLH_1:10794099-10794348_binding_1343,0.394118,170,2,12,440,827,0.8147601622063152
Dark,bHLH_1:10794099-10794348_reference_binding_2750,0.4,170,2,10,246,442,0.8090621550035983
Dark,bHLH_1:10837504-10837753_non_binding_1621,0.388235,170,2,12,695,193,-1.8870871858364566
Dark,bHLH_1:10837504-10837753_non_binding_1994,0.382353,170,2,13,658,229,-1.6216769403870532
Dark,bHLH_1:10837504-10837753_non_binding_550,0.382353,170,2,9,413,117,-1.8586986164764618
Dark,bHLH_1:10837504-10837753_non_binding_622,0.382353,170,2,8,423,181,-1.0820537133628805
Dark,bHLH_1:10837504-10837753_non_binding_713,0.388235,170,2,10,528,140,-1.8068895533809277
Dark,bHLH_1:10837504-10837753_reference_binding_2382,0.388235,170,2,9,403,157,-1.246374477327418
Dark,bHLH_1:1084515-1084764_binding_1070,0.458824,170,2,11,437,457,-0.09075039994486997
Dark,bHLH_1:1084515-1084764_reference_binding_2709,0.464706,170,2,11,325,486,0.6539776878891737
Dark,bHLH_1:10884252-10884501_binding_1281,0.364706,170,2,7,197,204,0.046345815304320026
Dark,bHLH_1:10884252-10884501_binding_1290,0.364706,170,2,2,30,42,0.5267726817583873
Dark,bHLH_1:10884252-10884501_reference_binding_2763,0.364706,170,2,4,127,109,-0.08753002405775989
Dark,bHLH_1:10897320-10897569_binding_293,0.329412,170,2,9,257,376,0.48153616337567684
Dark,bHLH_1:10897320-10897569_reference_binding_2221,0.305882,170,2,9,280,218,-0.18897132827133178
Dark,bHLH_1:10902166-10902415_non_binding_708,0.394118,170,2,6,162,206,0.2924240875021168
Dark,bHLH_1:10902166-10902415_reference_binding_2510,0.394118,170,2,4,99,107,0.5106329102515688
Dark,bHLH_1:10935169-10935418_binding_279,0.3,170,2,11,414,204,-1.1099391045546476
Dark,bHLH_1:10935169-10935418_binding_426,0.305882,170,2,14,610,347,-0.9097884933207052
Dark,bHLH_1:10935169-10935418_reference_binding_2211,0.3,170,2,6,136,134,0.1187084137231186
Dark,bHLH_1:1095777-1096026_binding_1213,0.441176,170,2,16,899,308,-1.4052738146605988
Dark,bHLH_1:1095777-1096026_binding_1345,0.441176,170,2,17,784,373,-0.8613182439491863
Dark,bHLH_1:1095777-1096026_binding_1391,0.435294,170,2,3,253,54,-1.9043088796316963
Dark,bHLH_1:1095777-1096026_binding_1456,0.429412,170,2,19,748,484,-0.6060895106061572
Dark,bHLH_1:1095777-1096026_binding_288,0.411765,170,2,6,312,143,-1.068943727733084
Dark,bHLH_1:1095777-1096026_reference_binding_2217,0.435294,170,2,5,234,72,-1.7882698532426744
Dark,bHLH_1:11028154-11028403_non_binding_1860,0.352941,170,2,12,477,467,0.034456718648379625
Dark,bHLH_1:11028154-11028403_reference_binding_2956,0.364706,170,2,9,356,265,-0.34931353522131225
Dark,bHLH_1:11037062-11037311_binding_101,0.458824,170,2,8,379,177,-1.0190981633853187
Dark,bHLH_1:11037062-11037311_binding_1477,0.482353,170,2,5,242,131,-0.9960848518144811
Dark,bHLH_1:11037062-11037311_reference_binding_2093,0.476471,170,2,10,337,154,-1.230633479471542
Dark,bHLH_1:1104306-1104555_non_binding_1793,0.329412,170,2,13,520,1883,1.8413552271089784
Dark,bHLH_1:1104306-1104555_non_binding_539,0.335294,170,2,9,277,2804,3.5458124789287018
Dark,bHLH_1:1104306-1104555_reference_binding_2372,0.329412,170,2,12,358,1434,1.9694478572431744
Dark,bHLH_1:11064615-11064864_binding_43,0.476471,170,2,14,550,700,0.24667538397228042
Dark,bHLH_1:11064615-11064864_non_binding_1640,0.476471,170,2,4,265,169,-0.6165095537299994
Dark,bHLH_1:11064615-11064864_reference_binding_2041,0.482353,170,2,3,82,37,-1.0353076104078018
Dark,bHLH_1:11163834-11164083_non_binding_1789,0.382353,170,2,7,326,413,0.4151276962857635
Dark,bHLH_1:11163834-11164083_non_binding_1855,0.376471,170,2,11,517,699,0.2600819123525461
Dark,bHLH_1:11163834-11164083_non_binding_1934,0.376471,170,2,7,206,261,0.29426199372804585
Dark,bHLH_1:11163834-11164083_non_binding_1970,0.388235,170,2,9,459,679,0.6186638509527673
Dark,bHLH_1:11163834-11164083_reference_binding_2926,0.394118,170,2,11,449,411,-0.21416191914077673
Dark,bHLH_1:11210365-11210614_binding_336,0.329412,170,2,5,107,140,0.3051551897798168
Dark,bHLH_1:11210365-11210614_binding_99,0.323529,170,2,5,125,84,-0.4778831483431166
Dark,bHLH_1:11210365-11210614_reference_binding_2091,0.341176,170,2,8,274,415,0.9221272144640931
Dark,bHLH_1:11251822-11252071_non_binding_1734,0.341176,170,2,6,364,175,-1.088882076277863
Dark,bHLH_1:11251822-11252071_reference_binding_2902,0.347059,170,2,9,517,179,-1.321403820115366
Dark,bHLH_1:11252788-11253037_binding_477,0.417647,170,2,7,224,86,-1.384385913549219
Dark,bHLH_1:11252788-11253037_reference_binding_2322,0.423529,170,2,8,303,89,-1.437716202469686
Dark,bHLH_1:11308607-11308856_binding_1191,0.458824,170,2,5,114,529,2.0023724278161326
Dark,bHLH_1:11308607-11308856_binding_1450,0.452941,170,2,8,159,833,2.3741203662863337
Dark,bHLH_1:11308607-11308856_reference_binding_2744,0.458824,170,2,7,191,603,1.7036380729263452
Dark,bHLH_1:11309294-11309543_non_binding_1688,0.335294,170,2,6,179,113,-0.3305577271783803
Dark,bHLH_1:11309294-11309543_reference_binding_2885,0.341176,170,2,5,240,144,-0.6763826656707426
Dark,bHLH_1:11370737-11370986_binding_424,0.435294,170,2,11,458,363,-0.4829025965683702
Dark,bHLH_1:11370737-11370986_binding_67,0.452941,170,2,26,824,749,-0.14126509773758084
Dark,bHLH_1:11370737-11370986_reference_binding_2063,0.470588,170,2,19,677,444,-0.7586456588719457
Dark,bHLH_1:11371022-11371271_non_binding_1509,0.358824,170,2,3,115,87,-0.39028902240242963
Dark,bHLH_1:11371022-11371271_non_binding_1577,0.352941,170,2,6,261,102,-0.8573158972326071
Dark,bHLH_1:11371022-11371271_non_binding_1681,0.358824,170,2,9,381,318,-0.41931250083985694
Dark,bHLH_1:11371022-11371271_non_binding_548,0.358824,170,2,5,249,84,-1.5006331309663135
Dark,bHLH_1:11371022-11371271_reference_binding_2381,0.358824,170,2,11,550,348,-0.6420885419945359
Dark,bHLH_1:11509277-11509526_non_binding_1519,0.523529,170,2,8,370,141,-1.2523853310381425
Dark,bHLH_1:11509277-11509526_non_binding_906,0.529412,170,2,15,649,328,-0.9842260026414714
Dark,bHLH_1:11509277-11509526_reference_binding_2644,0.529412,170,2,9,429,211,-1.1104762819201635
Dark,bHLH_1:11577568-11577817_binding_1053,0.494118,170,2,10,413,199,-1.0351086576252095
Dark,bHLH_1:11577568-11577817_binding_1201,0.505882,170,2,10,492,157,-1.3477024285345887
Dark,bHLH_1:11577568-11577817_binding_1364,0.5,170,2,12,549,217,-1.4287162930767088
Dark,bHLH_1:11577568-11577817_reference_binding_2704,0.505882,170,2,9,453,249,-0.8855539175966973
Dark,bHLH_1:11581474-11581723_non_binding_1656,0.411765,170,2,6,262,79,-1.6389666045645623
Dark,bHLH_1:11581474-11581723_reference_binding_2871,0.417647,170,2,3,161,96,-0.8139343808409876
Dark,bHLH_1:11622949-11623198_binding_1287,0.341176,170,2,5,232,281,0.24823901415075697
Dark,bHLH_1:11622949-11623198_reference_binding_2765,0.341176,170,2,15,933,2023,1.0443399289447441
Dark,bHLH_1:11653321-11653570_binding_1125,0.358824,170,2,12,488,424,-0.2434723631047309
Dark,bHLH_1:11653321-11653570_binding_1233,0.364706,170,2,15,550,548,0.213548737075808
Dark,bHLH_1:11653321-11653570_binding_1327,0.352941,170,2,16,448,350,-0.26098475803485566
Dark,bHLH_1:11653321-11653570_non_binding_848,0.347059,170,2,15,799,594,-0.22317390067701343
Dark,bHLH_1:11653321-11653570_non_binding_895,0.352941,170,2,9,280,240,-0.2733841297609647
Dark,bHLH_1:11653321-11653570_non_binding_961,0.352941,170,2,14,401,277,-0.21592086152368864
Dark,bHLH_1:11653321-11653570_non_binding_994,0.341176,170,2,7,283,280,0.04951267150835667
Dark,bHLH_1:11653321-11653570_reference_binding_2602,0.364706,170,2,10,416,288,-0.3319363448999141
Dark,bHLH_1:11667930-11668179_non_binding_1795,0.4,170,2,9,383,220,-0.7449778758118686
Dark,bHLH_1:11667930-11668179_non_binding_897,0.411765,170,2,3,142,56,-1.011100587272065
Dark,bHLH_1:11667930-11668179_reference_binding_2637,0.4,170,2,7,378,132,-1.5475263983626601
Dark,bHLH_1:11697519-11697768_binding_1348,0.494118,170,2,15,690,667,0.04535728884745112
Dark,bHLH_1:11697519-11697768_binding_324,0.482353,170,2,13,578,692,0.20880879413708897
Dark,bHLH_1:11697519-11697768_binding_332,0.464706,170,2,19,852,1285,0.6265110565953516
Dark,bHLH_1:11697519-11697768_binding_47,0.470588,170,2,12,563,720,0.31571719106044416
Dark,bHLH_1:11697519-11697768_reference_binding_2044,0.494118,170,2,15,414,701,0.7030369135074717
Dark,bHLH_1:11781148-11781397_binding_1017,0.329412,170,2,4,67,78,-0.031437751245571216
Dark,bHLH_1:11781148-11781397_reference_binding_2690,0.329412,170,2,3,60,32,-0.9727148155412302
Dark,bHLH_1:11902422-11902671_non_binding_1660,0.405882,170,2,6,273,154,-0.5929981777953717
Dark,bHLH_1:11902422-11902671_reference_binding_2873,0.4,170,2,9,424,392,-0.059126661295131666
Dark,bHLH_1:11927732-11927981_non_binding_1702,0.358824,170,2,14,470,4799,3.3857330089527897
Dark,bHLH_1:11927732-11927981_reference_binding_2888,0.364706,170,2,16,810,7660,3.083751692386617
Dark,bHLH_1:12036125-12036374_binding_1052,0.364706,170,2,6,226,271,0.19357255971824439
Dark,bHLH_1:12036125-12036374_binding_1286,0.358824,170,2,6,146,76,-0.9863401003844643
Dark,bHLH_1:12036125-12036374_binding_358,0.376471,170,2,7,351,210,-0.7381307211697129
Dark,bHLH_1:12036125-12036374_reference_binding_2257,0.364706,170,2,12,474,771,0.8309581117645555
Dark,bHLH_1:1206058-1206307_non_binding_624,0.223529,170,2,9,329,1100,1.6719991988852967
Dark,bHLH_1:1206058-1206307_reference_binding_2442,0.229412,170,2,8,280,926,1.7829920528730958
Dark,bHLH_1:12071771-12072020_binding_296,0.370588,170,2,8,366,231,-0.4994092008370271
Dark,bHLH_1:12071771-12072020_non_binding_1516,0.376471,170,2,11,494,234,-1.1526031711087235
Dark,bHLH_1:12071771-12072020_non_binding_641,0.382353,170,2,6,296,196,-0.5034443835529729
Dark,bHLH_1:12071771-12072020_reference_binding_2224,0.376471,170,2,9,514,318,-0.5367639996428346
Dark,bHLH_1:12100233-12100482_non_binding_1549,0.511765,170,2,2,153,72,-1.1933532681628436
Dark,bHLH_1:12100233-12100482_non_binding_1675,0.505882,170,2,2,155,39,-1.8104785299171429
Dark,bHLH_1:12100233-12100482_reference_binding_2821,0.505882,170,2,2,93,23,-1.7107415550857703
Dark,bHLH_1:12104963-12105212_non_binding_639,0.441176,170,2,2,48,33,-1.0960639408277906
Dark,bHLH_1:12124505-12124754_non_binding_679,0.5,170,2,4,199,74,-1.4749530745096397
Dark,bHLH_1:12124505-12124754_reference_binding_2486,0.5,170,2,4,229,86,-1.3100571049368093
Dark,bHLH_1:12146012-12146261_non_binding_722,0.423529,170,2,20,835,1233,0.4467548620800924
Dark,bHLH_1:12146012-12146261_reference_binding_2520,0.423529,170,2,21,1018,1609,0.7513601322166392
Dark,bHLH_1:12149007-12149256_non_binding_1693,0.488235,170,2,7,307,158,-0.8982260872915887
Dark,bHLH_1:12149007-12149256_non_binding_748,0.494118,170,2,2,99,63,-0.9184792764261815
Dark,bHLH_1:12149007-12149256_reference_binding_2538,0.488235,170,2,6,202,78,-1.104722626779998
Dark,bHLH_1:12189120-12189369_non_binding_1574,0.482353,170,2,1,35,24,-0.30503704053968983
Dark,bHLH_1:12189120-12189369_reference_binding_2823,0.476471,170,2,1,34,5,-1.5188178829898373
Dark,bHLH_1:12201578-12201827_non_binding_1515,0.311765,170,2,1,9,26,1.217834120161442
Dark,bHLH_1:12201578-12201827_non_binding_1557,0.311765,170,1,1,9,7,-0.27164272566031045
Dark,bHLH_1:12201578-12201827_non_binding_706,0.311765,170,2,3,33,64,0.6768997077728837
Dark,bHLH_1:12201578-12201827_non_binding_774,0.323529,170,2,2,69,68,-0.037936715050736564
Dark,bHLH_1:12201578-12201827_reference_binding_2508,0.317647,170,2,2,22,18,0.846824709215196
Dark,bHLH_1:12207126-12207375_binding_450,0.523529,170,2,8,220,281,0.5467836585463448
Dark,bHLH_1:12207126-12207375_reference_binding_2307,0.552941,170,2,7,232,462,1.0328887363544283
Dark,bHLH_1:12238888-12239137_binding_1333,0.358824,170,2,16,417,713,0.6434400442754356
Dark,bHLH_1:12238888-12239137_reference_binding_2776,0.358824,170,2,12,310,553,0.7600935078220642
Dark,bHLH_1:12278333-12278582_non_binding_1539,0.358824,170,2,9,360,119,-1.5581898189627688
Dark,bHLH_1:12278333-12278582_non_binding_1639,0.358824,170,2,8,348,105,-1.560923523673679
Dark,bHLH_1:12278333-12278582_non_binding_863,0.376471,170,2,11,431,214,-1.0922311570245271
Dark,bHLH_1:12278333-12278582_reference_binding_2612,0.364706,170,2,15,685,220,-1.7241541740792337
Dark,bHLH_1:12299243-12299492_binding_488,0.5,170,2,13,553,193,-1.5015280072377557
Dark,bHLH_1:12299243-12299492_reference_binding_2327,0.505882,170,2,17,795,583,-0.5313429789146611
Dark,bHLH_1:12313186-12313435_binding_1091,0.376471,170,2,6,279,152,-0.6872382438807892
Dark,bHLH_1:12313186-12313435_reference_binding_2716,0.394118,170,2,11,521,309,-0.8460773623717888
Dark,bHLH_1:1233568-1233817_non_binding_1511,0.282353,170,2,12,355,371,-0.005123288211175969
Dark,bHLH_1:1233568-1233817_reference_binding_2799,0.282353,170,2,11,346,554,0.6111789030599837
Dark,bHLH_1:12358900-12359149_binding_1066,0.376471,170,2,8,263,650,1.3885554592728526
Dark,bHLH_1:12358900-12359149_binding_1126,0.382353,170,2,16,625,4668,2.8870322233250536
Dark,bHLH_1:12358900-12359149_reference_binding_2707,0.388235,170,2,12,314,789,1.201007106621002
Dark,bHLH_1:12377129-12377378_non_binding_646,0.5,170,2,7,333,90,-1.832493048673531
Dark,bHLH_1:12377129-12377378_reference_binding_2460,0.505882,170,2,5,307,107,-1.621207872229668
Dark,bHLH_1:12378359-12378608_binding_1057,0.447059,170,2,6,143,118,-0.043554935512164716
Dark,bHLH_1:12378359-12378608_binding_347,0.458824,170,2,7,371,232,-0.5996868270591382
Dark,bHLH_1:12378359-12378608_binding_356,0.423529,170,2,8,206,153,-0.4191370358219751
Dark,bHLH_1:12378359-12378608_reference_binding_2251,0.441176,170,2,7,214,199,-0.21891603626273864
Dark,bHLH_1:124232-124481_binding_38,0.411765,170,2,10,433,153,-1.3650644772487828
Dark,bHLH_1:124232-124481_reference_binding_2037,0.411765,170,2,7,195,66,-1.3326491149759188
Dark,bHLH_1:12468994-12469243_non_binding_532,0.3,170,2,11,577,1126,1.0028159362649598
Dark,bHLH_1:12468994-12469243_reference_binding_2365,0.305882,170,2,7,148,503,1.405119485854876
Dark,bHLH_1:12470640-12470889_non_binding_870,0.317647,170,2,2,53,32,-0.658335383416766
Dark,bHLH_1:12470640-12470889_non_binding_925,0.305882,170,2,4,92,89,-0.25359536258309445
Dark,bHLH_1:12571914-12572163_binding_1012,0.476471,170,2,11,470,209,-1.253350762701896
Dark,bHLH_1:12571914-12572163_binding_1249,0.482353,170,2,9,365,159,-1.3113116406265455
Dark,bHLH_1:12571914-12572163_reference_binding_2688,0.482353,170,2,9,428,180,-1.2181914279442037
Dark,bHLH_1:12576356-12576605_binding_1168,0.441176,170,2,12,605,712,0.23835537183950958
Dark,bHLH_1:12576356-12576605_binding_170,0.411765,170,2,7,261,283,0.09536172253652081
Dark,bHLH_1:12576356-12576605_reference_binding_2148,0.447059,170,2,8,259,199,-0.1435273947461982
Dark,bHLH_1:12596299-12596548_non_binding_1743,0.317647,170,2,1,17,9,-0.23521735221142992
Dark,bHLH_1:12596299-12596548_non_binding_888,0.317647,170,2,5,179,85,-0.5866699692201056
Dark,bHLH_1:12596299-12596548_reference_binding_2632,0.323529,170,2,8,333,155,-1.028452049842227
Dark,bHLH_1:12628701-12628950_non_binding_574,0.376471,170,2,3,155,60,-1.48150147784804
Dark,bHLH_1:12628701-12628950_non_binding_626,0.370588,170,2,1,69,22,-0.9413740957943215
Dark,bHLH_1:12628701-12628950_reference_binding_2399,0.376471,170,2,3,144,59,-1.2957039342677827
Dark,bHLH_1:12664692-12664941_binding_1026,0.511765,170,2,17,743,661,-0.17989052114073262
Dark,bHLH_1:12664692-12664941_binding_1055,0.505882,170,2,10,409,398,0.17124558069917467
Dark,bHLH_1:12664692-12664941_binding_1060,0.505882,170,2,14,754,973,0.3417068848311764
Dark,bHLH_1:12664692-12664941_binding_1110,0.511765,170,2,13,515,509,0.08347330493381028
Dark,bHLH_1:12664692-12664941_binding_1170,0.511765,170,2,4,156,103,-0.4916010453991936
Dark,bHLH_1:12664692-12664941_binding_1197,0.505882,170,2,19,803,799,-0.13002728353249954
Dark,bHLH_1:12664692-12664941_binding_1401,0.5,170,2,23,1151,1137,0.006931738973396717
Dark,bHLH_1:12664692-12664941_binding_1412,0.505882,170,2,14,570,506,-0.03147444668892385
Dark,bHLH_1:12664692-12664941_binding_1429,0.505882,170,2,14,602,572,0.11985346293771912
Dark,bHLH_1:12664692-12664941_binding_1496,0.5,170,2,20,1005,866,-0.11651060520690822
Dark,bHLH_1:12664692-12664941_reference_binding_2694,0.523529,170,2,19,992,1337,0.3725071689429442
Dark,bHLH_1:12692476-12692725_binding_74,0.282353,170,2,5,302,1390,2.1674896288103964
Dark,bHLH_1:12692476-12692725_binding_90,0.264706,170,2,4,217,1020,2.2420497681533194
Dark,bHLH_1:12692476-12692725_reference_binding_2070,0.276471,170,2,6,280,1049,1.9902072749426267
Dark,bHLH_1:12711562-12711811_binding_1205,0.4,170,2,6,269,147,-0.7878473352173876
Dark,bHLH_1:12711562-12711811_binding_1320,0.417647,170,2,11,670,243,-1.352260738945736
Dark,bHLH_1:12711562-12711811_binding_1417,0.411765,170,2,12,650,430,-0.6251884716581356
Dark,bHLH_1:12711562-12711811_binding_1431,0.423529,170,2,10,461,291,-0.7913082011661898
Dark,bHLH_1:12711562-12711811_reference_binding_2745,0.417647,170,2,11,327,275,-0.18019421350105874
Dark,bHLH_1:12721855-12722104_binding_1293,0.329412,170,2,1,7,36,1.4273698812489712
Dark,bHLH_1:12721855-12722104_reference_binding_2767,0.347059,170,2,1,5,9,0.6358627667831543
Dark,bHLH_1:12753714-12753963_non_binding_719,0.435294,170,2,3,102,45,-0.8968917370049247
Dark,bHLH_1:12753714-12753963_reference_binding_2519,0.435294,170,2,7,312,142,-0.7028701885361214
Dark,bHLH_1:12807752-12808001_non_binding_506,0.341176,170,2,13,500,896,0.7956815669317214
Dark,bHLH_1:12807752-12808001_reference_binding_2339,0.341176,170,2,13,610,1331,1.0230806642816765
Dark,bHLH_1:12811663-12811912_non_binding_1758,0.329412,170,2,5,368,166,-0.8991808431138344
Dark,bHLH_1:12811663-12811912_non_binding_1836,0.323529,170,2,7,229,176,-0.18915765854566313
Dark,bHLH_1:12811663-12811912_reference_binding_2912,0.347059,170,2,5,196,275,0.3798297906488476
Dark,bHLH_1:12826297-12826546_non_binding_560,0.411765,170,2,17,680,537,-0.34409794374954816
Dark,bHLH_1:12826297-12826546_non_binding_990,0.411765,170,2,7,232,205,-0.21507279255079956
Dark,bHLH_1:12826297-12826546_reference_binding_2390,0.417647,170,2,11,359,433,0.18136568089908092
Dark,bHLH_1:1282820-1283069_non_binding_767,0.358824,170,2,10,474,207,-1.1318665120944396
Dark,bHLH_1:1282820-1283069_non_binding_770,0.370588,170,2,2,96,29,-1.618682471462884
Dark,bHLH_1:1282820-1283069_non_binding_886,0.370588,170,2,6,264,88,-1.396192568878217
Dark,bHLH_1:1282820-1283069_reference_binding_2553,0.370588,170,2,9,366,186,-1.041255441011809
Dark,bHLH_1:12965701-12965950_non_binding_687,0.447059,170,2,9,483,164,-1.3371461925135133
Dark,bHLH_1:12965701-12965950_reference_binding_2492,0.452941,170,2,13,565,471,-0.3610240132061814
Dark,bHLH_1:12998722-12998971_binding_1090,0.388235,170,2,12,418,304,-0.4704719250076823
Dark,bHLH_1:12998722-12998971_binding_1467,0.382353,170,2,9,403,182,-1.3042350976883947
Dark,bHLH_1:12998722-12998971_binding_194,0.382353,170,2,10,349,210,-0.8058257610128535
Dark,bHLH_1:12998722-12998971_binding_335,0.394118,170,2,7,172,242,0.505652412396976
Dark,bHLH_1:12998722-12998971_binding_390,0.405882,170,2,12,430,239,-0.8042044175308593
Dark,bHLH_1:12998722-12998971_reference_binding_2160,0.394118,170,2,13,528,300,-0.6820944773963792
Dark,bHLH_1:13013178-13013427_non_binding_1723,0.435294,170,2,5,207,123,-0.908642546399504
Dark,bHLH_1:13013178-13013427_non_binding_841,0.429412,170,2,5,299,105,-1.3051609734020544
Dark,bHLH_1:13013178-13013427_reference_binding_2596,0.441176,170,2,6,312,162,-0.935711260152378
Dark,bHLH_1:13020636-13020885_non_binding_1637,0.388235,170,2,3,153,67,-1.2048882388895763
Dark,bHLH_1:13020636-13020885_non_binding_1889,0.382353,170,2,3,222,54,-1.6061729423104882
Dark,bHLH_1:13020636-13020885_reference_binding_2863,0.382353,170,2,2,115,31,-1.560094091023556
Dark,bHLH_1:13077834-13078083_non_binding_947,0.411765,170,2,3,96,68,-0.46240419666722976
Dark,bHLH_1:13077834-13078083_reference_binding_2665,0.417647,170,2,8,282,167,-0.7818950277995245
Dark,bHLH_1:13113781-13114030_non_binding_1742,0.358824,170,2,5,194,89,-0.9066093571856605
Dark,bHLH_1:13113781-13114030_non_binding_561,0.352941,170,2,4,128,50,-1.0717529642385655
Dark,bHLH_1:13113781-13114030_reference_binding_2391,0.358824,170,2,5,134,105,-0.4702969925309912
Dark,bHLH_1:13173663-13173912_binding_1036,0.417647,170,2,11,351,923,1.3775782722434526
Dark,bHLH_1:13173663-13173912_binding_339,0.417647,170,2,15,752,1033,0.4577505127144151
Dark,bHLH_1:13173663-13173912_reference_binding_2246,0.417647,170,2,3,109,195,0.9556535153284029
Dark,bHLH_1:13266256-13266505_binding_103,0.476471,170,2,14,564,671,0.16513442932881517
Dark,bHLH_1:13266256-13266505_binding_458,0.482353,170,2,6,275,223,0.2119675302340913
Dark,bHLH_1:13266256-13266505_reference_binding_2095,0.517647,170,2,9,349,413,0.006917487267446676
Dark,bHLH_1:13267400-13267649_binding_368,0.482353,170,2,5,188,1137,2.4174373123485298
Dark,bHLH_1:13267400-13267649_reference_binding_2263,0.5,170,2,8,247,1393,2.6557799366227055
Dark,bHLH_1:13305950-13306199_binding_1184,0.411765,170,2,6,145,519,1.807550035445093
Dark,bHLH_1:13305950-13306199_binding_1192,0.405882,170,2,8,336,746,1.1816502025891182
Dark,bHLH_1:13305950-13306199_reference_binding_2742,0.405882,170,2,14,561,1834,1.7423050855999351
Dark,bHLH_1:1338443-1338692_non_binding_782,0.370588,170,2,10,348,428,0.490913968949369
Dark,bHLH_1:1338443-1338692_reference_binding_2564,0.364706,170,2,14,455,769,0.7843826583480707
Dark,bHLH_1:13394008-13394257_binding_344,0.441176,170,2,1,63,49,-0.6579244574909323
Dark,bHLH_1:13394008-13394257_reference_binding_2249,0.435294,170,2,9,353,208,-0.7540284252058702
Dark,bHLH_1:13441579-13441828_binding_11,0.411765,170,2,10,335,149,-1.2581169772248335
Dark,bHLH_1:13441579-13441828_binding_480,0.411765,170,2,6,272,154,-0.9247464532980685
Dark,bHLH_1:13441579-13441828_reference_binding_2011,0.4,170,2,6,359,147,-1.116729196168138
Dark,bHLH_1:1345566-1345815_non_binding_1623,0.488235,170,2,5,383,136,-1.5464123522084023
Dark,bHLH_1:1345566-1345815_reference_binding_2858,0.494118,170,2,8,392,188,-1.2597079065327987
Dark,bHLH_1:13483806-13484055_binding_1189,0.441176,170,2,8,305,214,-0.5965290813554578
Dark,bHLH_1:13483806-13484055_binding_355,0.441176,170,2,5,132,102,-0.09179380178500125
Dark,bHLH_1:13483806-13484055_reference_binding_2255,0.429412,170,2,11,420,325,-0.327990103470159
Dark,bHLH_1:13511083-13511332_binding_1446,0.523529,170,2,1,38,29,-0.28835774206647447
Dark,bHLH_1:13511083-13511332_reference_binding_2790,0.535294,170,2,2,35,62,0.49432078735455326
Dark,bHLH_1:13513185-13513434_binding_230,0.517647,170,2,13,658,201,-1.6939073532457138
Dark,bHLH_1:13513185-13513434_binding_496,0.505882,170,2,14,669,218,-1.7872165779267317
Dark,bHLH_1:13513185-13513434_reference_binding_2185,0.523529,170,2,9,357,116,-1.8030109058534762
Dark,bHLH_1:13534917-13535166_binding_161,0.458824,170,2,17,686,319,-1.10066799449628
Dark,bHLH_1:13534917-13535166_binding_34,0.458824,170,2,10,429,193,-1.2557583285937062
Dark,bHLH_1:13534917-13535166_reference_binding_2033,0.447059,170,2,8,332,125,-1.0945834038856237
Dark,bHLH_1:13540878-13541127_binding_190,0.488235,170,2,4,205,43,-1.9305870184403608
Dark,bHLH_1:13540878-13541127_reference_binding_2158,0.511765,170,2,5,369,167,-1.213804548681722
Dark,bHLH_1:1355584-1355833_non_binding_1593,0.441176,170,2,10,281,769,1.4055393192292418
Dark,bHLH_1:1355584-1355833_non_binding_1941,0.441176,170,2,10,454,679,0.7722047449953646
Dark,bHLH_1:1355584-1355833_non_binding_1961,0.447059,170,2,23,833,1043,0.4833663184981155
Dark,bHLH_1:1355584-1355833_reference_binding_2843,0.441176,170,2,11,286,607,1.1722896255160258
Dark,bHLH_1:13631217-13631466_binding_1132,0.458824,170,2,13,496,282,-0.7993543661157518
Dark,bHLH_1:13631217-13631466_binding_1328,0.447059,170,2,13,715,249,-1.454774175844042
Dark,bHLH_1:13631217-13631466_binding_1486,0.441176,170,2,11,518,224,-1.241383813089937
Dark,bHLH_1:13631217-13631466_reference_binding_2728,0.458824,170,2,12,656,279,-1.1951613086356079
Dark,bHLH_1:13647566-13647815_non_binding_975,0.447059,170,2,8,287,394,0.44704723558370074
Dark,bHLH_1:13647566-13647815_reference_binding_2673,0.452941,170,2,5,248,269,0.10384152722763376
Dark,bHLH_1:13653556-13653805_binding_94,0.482353,170,2,18,1076,386,-1.2729803176769332
Dark,bHLH_1:13653556-13653805_reference_binding_2088,0.511765,170,2,19,803,504,-0.7265036406466259
Dark,bHLH_1:13662034-13662283_binding_1102,0.5,170,2,19,554,288,-0.9971983834206151
Dark,bHLH_1:13662034-13662283_binding_396,0.511765,170,2,29,1212,596,-1.2306434572034228
Dark,bHLH_1:13662034-13662283_binding_417,0.511765,170,2,19,790,394,-0.994465454490921
Dark,bHLH_1:13662034-13662283_reference_binding_2277,0.5,170,2,24,899,1218,0.35295459417439257
Dark,bHLH_1:13680955-13681204_non_binding_1520,0.458824,170,2,17,664,432,-0.6991210614636518
Dark,bHLH_1:13680955-13681204_non_binding_867,0.458824,170,2,19,733,372,-1.164195513210422
Dark,bHLH_1:13680955-13681204_reference_binding_2614,0.458824,170,2,10,544,254,-1.2142367293104983
Dark,bHLH_1:13691855-13692104_non_binding_1717,0.394118,170,2,5,168,118,-0.37800009195715484
Dark,bHLH_1:13691855-13692104_non_binding_535,0.405882,170,2,7,399,265,-0.5194399088811903
Dark,bHLH_1:13691855-13692104_non_binding_651,0.405882,170,2,5,151,90,-0.41316343154824187
Dark,bHLH_1:13691855-13692104_reference_binding_2368,0.4,170,2,10,451,561,0.1783693401386241
Dark,bHLH_1:13717607-13717856_binding_1095,0.429412,170,2,10,607,323,-0.9845351877514621
Dark,bHLH_1:13717607-13717856_binding_112,0.417647,170,2,7,231,81,-1.520596501921422
Dark,bHLH_1:13717607-13717856_binding_278,0.429412,170,2,8,332,118,-1.6357536894443863
Dark,bHLH_1:13717607-13717856_reference_binding_2102,0.429412,170,2,10,333,189,-0.789149083839047
Dark,bHLH_1:137275-137524_binding_1083,0.429412,170,2,3,148,60,-1.3850340717023095
Dark,bHLH_1:137275-137524_binding_1266,0.417647,170,2,2,161,51,-1.3803634958741946
Dark,bHLH_1:137275-137524_binding_1276,0.429412,170,2,3,165,73,-0.9010754312079727
Dark,bHLH_1:137275-137524_binding_1483,0.411765,170,2,2,110,25,-1.8368608236090687
Dark,bHLH_1:13729675-13729924_binding_246,0.347059,170,2,8,301,313,0.06969523668904395
Dark,bHLH_1:13729675-13729924_binding_270,0.347059,170,2,6,537,439,-0.4253437189256032
Dark,bHLH_1:13729675-13729924_reference_binding_2197,0.311765,170,1,1,41,13,-1.5661849327525939
Dark,bHLH_1:13739792-13740041_non_binding_1977,0.352941,170,2,11,395,308,-0.29624699247177344
Dark,bHLH_1:13739792-13740041_non_binding_540,0.352941,170,2,4,103,63,-0.761937858722329
Dark,bHLH_1:13739792-13740041_non_binding_638,0.347059,170,2,4,200,102,-0.753129306585131
Dark,bHLH_1:13739792-13740041_non_binding_945,0.341176,170,2,3,96,56,-0.7208899623598524
Dark,bHLH_1:13739792-13740041_reference_binding_2373,0.347059,170,2,7,200,129,-0.4575315047318219
Dark,bHLH_1:1377555-1377804_non_binding_501,0.388235,170,2,5,329,62,-2.0002825726084454
Dark,bHLH_1:1377555-1377804_reference_binding_2334,0.388235,170,2,8,427,131,-1.7850454036208898
Dark,bHLH_1:13801568-13801817_non_binding_504,0.488235,170,2,8,432,112,-1.903753847931811
Dark,bHLH_1:13801568-13801817_non_binding_819,0.5,170,2,12,601,138,-2.0166158930806493
Dark,bHLH_1:13801568-13801817_reference_binding_2337,0.494118,170,2,19,930,310,-1.5296624742678748
Dark,bHLH_1:13807483-13807732_non_binding_508,0.394118,170,2,14,680,1199,0.8708961233060494
Dark,bHLH_1:13807483-13807732_reference_binding_2341,0.4,170,2,21,816,905,0.17833636092537414
Dark,bHLH_1:13824795-13825044_binding_210,0.370588,170,2,20,780,977,0.3299757174736143
Dark,bHLH_1:13824795-13825044_binding_84,0.4,170,2,20,776,862,0.12005897386393344
Dark,bHLH_1:13824795-13825044_reference_binding_2079,0.405882,170,2,21,816,887,0.20034403935394257
Dark,bHLH_1:13830910-13831159_binding_1113,0.511765,170,2,16,689,440,-0.7001074846157798
Dark,bHLH_1:13830910-13831159_binding_1398,0.505882,170,2,19,1307,611,-1.0699270144421356
Dark,bHLH_1:13830910-13831159_binding_1423,0.505882,170,2,23,1143,546,-1.0401490078103661
Dark,bHLH_1:13830910-13831159_binding_325,0.482353,170,2,17,804,321,-1.4432064951522627
Dark,bHLH_1:13830910-13831159_reference_binding_2239,0.505882,170,2,21,937,597,-0.7103791747396659
Dark,bHLH_1:1385303-1385552_binding_221,0.405882,170,2,6,305,147,-1.000939833944016
Dark,bHLH_1:1385303-1385552_reference_binding_2178,0.423529,170,2,5,225,124,-0.9353688665634644
Dark,bHLH_1:13894310-13894559_binding_129,0.529412,170,2,10,419,718,0.7186163183559593
Dark,bHLH_1:13894310-13894559_binding_238,0.541176,170,2,9,520,916,0.7769157117122343
Dark,bHLH_1:13894310-13894559_reference_binding_2116,0.547059,170,2,7,281,484,0.850446275735764
Dark,bHLH_1:13926246-13926495_non_binding_1603,0.282353,170,2,7,287,188,-0.7232948968654263
Dark,bHLH_1:13926246-13926495_reference_binding_2847,0.288235,170,2,8,315,156,-0.6909962939305537
Dark,bHLH_1:13949807-13950056_non_binding_756,0.529412,170,2,7,199,130,-0.8516855291899896
Dark,bHLH_1:13949807-13950056_non_binding_969,0.541176,170,2,8,213,183,-0.2642473071177679
Dark,bHLH_1:13949807-13950056_reference_binding_2546,0.547059,170,2,12,532,445,-0.25147102890973894
Dark,bHLH_1:13950063-13950312_binding_1050,0.523529,170,2,10,371,99,-2.006955304487006
Dark,bHLH_1:13950063-13950312_reference_binding_2703,0.523529,170,2,9,388,125,-1.3565757565797751
Dark,bHLH_1:13950345-13950594_binding_17,0.523529,170,2,12,631,427,-0.6722174813189562
Dark,bHLH_1:13950345-13950594_reference_binding_2017,0.558824,170,2,13,533,289,-0.500737457598901
Dark,bHLH_1:14002816-14003065_non_binding_1605,0.329412,170,2,9,240,425,0.841555447870553
Dark,bHLH_1:14002816-14003065_non_binding_584,0.329412,170,2,13,309,548,0.7243461232176094
Dark,bHLH_1:14002816-14003065_reference_binding_2407,0.335294,170,2,10,303,469,0.7381481738521414
Dark,bHLH_1:1400424-1400673_binding_111,0.435294,170,2,16,935,368,-1.3079841915174089
Dark,bHLH_1:1400424-1400673_binding_192,0.429412,170,2,7,183,156,-0.4131137590904519
Dark,bHLH_1:1400424-1400673_binding_334,0.447059,170,2,17,1007,972,-0.05574710221794327
Dark,bHLH_1:1400424-1400673_reference_binding_2101,0.458824,170,2,14,686,511,-0.4334884737454384
Dark,bHLH_1:14124119-14124368_binding_1472,0.458824,170,2,11,556,672,0.34361967061267856
Dark,bHLH_1:14124119-14124368_binding_201,0.447059,170,2,16,540,567,0.23559232899194932
Dark,bHLH_1:14124119-14124368_binding_248,0.452941,170,2,12,490,628,0.33078036675287364
Dark,bHLH_1:14124119-14124368_reference_binding_2167,0.458824,170,2,14,624,757,0.19752630840430627
Dark,bHLH_1:14134271-14134520_non_binding_1583,0.405882,170,2,6,339,183,-0.9667352092765775
Dark,bHLH_1:14134271-14134520_reference_binding_2836,0.411765,170,2,4,139,51,-1.1773745985974826
Dark,bHLH_1:14147977-14148226_binding_1311,0.370588,170,2,9,303,229,-0.5726713253393069
Dark,bHLH_1:14147977-14148226_reference_binding_2771,0.370588,170,2,13,505,420,-0.004908635098375247
Dark,bHLH_1:14189628-14189877_binding_1360,0.388235,170,2,3,126,51,-1.4449911527387846
Dark,bHLH_1:14189628-14189877_binding_186,0.370588,170,2,6,160,82,-0.968412967642724
Dark,bHLH_1:14189628-14189877_binding_51,0.358824,170,2,7,408,96,-1.9526033527726336
Dark,bHLH_1:14189628-14189877_reference_binding_2047,0.388235,170,2,3,42,22,-0.8271369424949574
Dark,bHLH_1:14197035-14197284_non_binding_1922,0.452941,170,2,10,410,116,-1.4998274699450505
Dark,bHLH_1:14197035-14197284_non_binding_681,0.470588,170,2,12,533,345,-0.5368406639361406
Dark,bHLH_1:14197035-14197284_reference_binding_2488,0.470588,170,2,15,678,421,-0.8436779355816867
Dark,bHLH_1:14201951-14202200_non_binding_1631,0.511765,170,2,8,382,133,-1.2979263469324291
Dark,bHLH_1:14201951-14202200_reference_binding_2861,0.517647,170,2,7,453,147,-1.5223848019533774
Dark,bHLH_1:14214501-14214750_binding_456,0.447059,170,2,2,74,18,-1.9046397332982443
Dark,bHLH_1:14214501-14214750_non_binding_826,0.441176,170,2,1,88,19,-2.268550387853982
Dark,bHLH_1:14214501-14214750_reference_binding_2312,0.447059,170,2,4,129,43,-1.5279911791407907
Dark,bHLH_1:14328704-14328953_non_binding_1570,0.405882,170,2,21,820,440,-0.7280832327740764
Dark,bHLH_1:14328704-14328953_reference_binding_2831,0.411765,170,2,25,877,698,-0.3047626817994592
Dark,bHLH_1:14353224-14353473_binding_233,0.435294,170,2,8,351,691,0.9919421551049807
Dark,bHLH_1:14353224-14353473_non_binding_619,0.447059,170,2,13,509,784,0.6584187082349525
Dark,bHLH_1:14353224-14353473_reference_binding_2188,0.447059,170,2,9,294,584,0.9153374699472288
Dark,bHLH_1:14366723-14366972_binding_1469,0.552941,170,2,15,818,352,-1.2111693992390362
Dark,bHLH_1:14366723-14366972_binding_16,0.529412,170,2,9,363,270,-0.6330539518782428
Dark,bHLH_1:14366723-14366972_binding_171,0.523529,170,2,6,374,251,-0.7016877785583525
Dark,bHLH_1:14366723-14366972_reference_binding_2016,0.558824,170,2,17,1106,856,-0.35391137710293463
Dark,bHLH_1:1436864-1437113_binding_79,0.523529,170,2,10,595,274,-0.8954839182825302
Dark,bHLH_1:1436864-1437113_reference_binding_2075,0.529412,170,2,16,846,530,-0.7124220669821079
Dark,bHLH_1:14377003-14377252_binding_189,0.423529,170,2,10,469,242,-0.7838960518044054
Dark,bHLH_1:14377003-14377252_reference_binding_2157,0.405882,170,2,9,273,120,-1.0801659537077026
Dark,bHLH_1:14398877-14399126_non_binding_580,0.447059,170,2,9,306,509,0.7577339120773628
Dark,bHLH_1:14398877-14399126_non_binding_995,0.441176,170,2,12,515,887,0.9025879169571922
Dark,bHLH_1:14405325-14405574_non_binding_617,0.394118,170,2,7,303,2005,2.6723221160953026
Dark,bHLH_1:14405325-14405574_reference_binding_2438,0.4,170,2,11,385,3052,2.8309636627665045
Dark,bHLH_1:14412376-14412625_binding_178,0.535294,170,2,9,355,197,-0.6631795471866977
Dark,bHLH_1:14412376-14412625_binding_361,0.558824,170,2,12,425,252,-0.9201687031064121
Dark,bHLH_1:14422656-14422905_binding_1005,0.4,170,2,7,288,88,-1.2321514706729222
Dark,bHLH_1:14422656-14422905_binding_429,0.417647,170,2,4,110,121,0.3781240665832181
Dark,bHLH_1:14434941-14435190_non_binding_1876,0.464706,170,2,2,67,21,-1.3453078660268178
Dark,bHLH_1:14434941-14435190_non_binding_1895,0.452941,170,2,1,43,24,-0.041606386995169164
Dark,bHLH_1:14434941-14435190_non_binding_1931,0.476471,170,2,3,79,58,-0.5378102971574533
Dark,bHLH_1:14434941-14435190_reference_binding_2961,0.464706,170,2,2,116,61,-1.0093172876521814
Dark,bHLH_1:14477153-14477402_binding_1022,0.541176,170,2,9,464,279,-0.3895241366834846
Dark,bHLH_1:14477153-14477402_binding_1393,0.541176,170,2,11,423,257,-0.4453694249536341
Dark,bHLH_1:14477153-14477402_reference_binding_2692,0.547059,170,2,15,794,693,-0.2038500729469388
Dark,bHLH_1:14480183-14480432_binding_1384,0.4,170,2,6,163,74,-1.0882193686781734
Dark,bHLH_1:14480183-14480432_binding_228,0.417647,170,2,5,260,109,-0.9995437467852326
Dark,bHLH_1:14480183-14480432_reference_binding_2184,0.4,170,2,13,556,268,-1.0760790034161656
Dark,bHLH_1:14495363-14495612_binding_1006,0.511765,170,2,5,259,86,-1.5304495722262792
Dark,bHLH_1:14495363-14495612_non_binding_1874,0.505882,170,2,7,606,179,-1.7388393400154494
Dark,bHLH_1:14495363-14495612_reference_binding_2684,0.511765,170,2,10,468,119,-1.9861765837067695
Dark,bHLH_1:14539107-14539356_non_binding_611,0.447059,170,2,17,581,1502,1.4552054339651979
Dark,bHLH_1:14539107-14539356_non_binding_909,0.452941,170,2,8,198,417,0.9872808768450926
Dark,bHLH_1:14539107-14539356_reference_binding_2432,0.452941,170,2,14,466,1427,1.6167738529763276
Dark,bHLH_1:14539994-14540243_non_binding_534,0.447059,170,2,3,143,99,-0.5700284152870821
Dark,bHLH_1:14539994-14540243_reference_binding_2367,0.452941,170,2,5,310,185,-0.927348156762015
Dark,bHLH_1:14541032-14541281_binding_218,0.494118,170,2,9,538,164,-1.5685686781407346
Dark,bHLH_1:14541032-14541281_binding_78,0.5,170,2,9,375,111,-1.9306753473970635
Dark,bHLH_1:14541032-14541281_reference_binding_2074,0.494118,170,2,9,421,139,-1.5624264419210607
Dark,bHLH_1:14595327-14595576_binding_57,0.358824,170,2,17,715,1025,0.48612504082682695
Dark,bHLH_1:14595327-14595576_reference_binding_2053,0.341176,170,2,11,384,698,0.8367200727256917
Dark,bHLH_1:14603209-14603458_binding_252,0.405882,170,1,1,9,14,0.7283572743396896
Dark,bHLH_1:14608377-14608626_non_binding_576,0.423529,170,2,7,249,121,-0.8391169549462021
Dark,bHLH_1:14608377-14608626_reference_binding_2401,0.429412,170,2,8,360,175,-0.973409914754534
Dark,bHLH_1:14686205-14686454_non_binding_1569,0.335294,170,2,13,398,1014,1.4776518515026227
Dark,bHLH_1:14686205-14686454_non_binding_1685,0.335294,170,2,12,405,935,1.0996039915610851
Dark,bHLH_1:14686205-14686454_non_binding_655,0.341176,170,2,16,453,913,1.1571379097534749
Dark,bHLH_1:14686205-14686454_reference_binding_2466,0.341176,170,2,20,661,2319,1.7210333251615881
Dark,bHLH_1:1479453-1479702_binding_1252,0.329412,170,2,11,428,681,0.5764910786918065
Dark,bHLH_1:1479453-1479702_binding_262,0.358824,170,2,21,974,1649,0.7680167469131917
Dark,bHLH_1:1479453-1479702_binding_267,0.352941,170,2,7,166,259,0.7468401793433769
Dark,bHLH_1:1479453-1479702_reference_binding_2205,0.329412,170,2,18,808,1454,0.7470214132584014
Dark,bHLH_1:14811615-14811864_binding_0,0.494118,170,2,6,284,84,-1.7015897547046492
Dark,bHLH_1:14811615-14811864_binding_433,0.482353,170,2,9,424,210,-0.9386810566051396
Dark,bHLH_1:14811615-14811864_reference_binding_2000,0.470588,170,2,15,748,332,-1.2231834444996568
Dark,bHLH_1:1481433-1481682_binding_1085,0.311765,170,2,11,505,646,0.3102434871022426
Dark,bHLH_1:1481433-1481682_binding_1499,0.323529,170,2,8,329,382,0.33956147105305606
Dark,bHLH_1:1481433-1481682_reference_binding_2714,0.317647,170,2,6,276,445,0.78113515868657
Dark,bHLH_1:14902531-14902780_binding_1238,0.470588,170,2,2,111,29,-1.792317120901382
Dark,bHLH_1:14902531-14902780_binding_294,0.488235,170,2,2,202,51,-1.7834170228546404
Dark,bHLH_1:14902531-14902780_binding_343,0.476471,170,2,2,114,27,-1.9816012352827128
Dark,bHLH_1:14902531-14902780_reference_binding_2222,0.470588,170,2,3,110,45,-1.4265468800301369
Dark,bHLH_1:1495886-1496135_binding_307,0.376471,170,2,8,466,244,-0.7257883884205213
Dark,bHLH_1:1495886-1496135_binding_55,0.382353,170,2,17,684,672,-0.07996530106977756
Dark,bHLH_1:1495886-1496135_non_binding_1867,0.364706,170,2,1,44,30,-0.1944063708807905
Dark,bHLH_1:1495886-1496135_reference_binding_2051,0.370588,170,2,11,433,304,-0.4838561285218719
Dark,bHLH_1:149982-150231_binding_381,0.435294,170,2,27,1577,684,-1.1711847203399852
Dark,bHLH_1:149982-150231_reference_binding_2270,0.411765,170,2,25,1056,509,-1.084532024030287
Dark,bHLH_1:1506529-1506778_binding_416,0.464706,170,2,9,428,166,-1.4000693446323857
Dark,bHLH_1:1506529-1506778_reference_binding_2290,0.464706,170,2,10,493,204,-1.4231982755878385
Dark,bHLH_1:1514382-1514631_binding_1031,0.358824,170,2,9,308,145,-0.8229754653936067
Dark,bHLH_1:1514382-1514631_non_binding_716,0.358824,170,2,10,419,203,-1.0252201903002534
Dark,bHLH_1:1514382-1514631_reference_binding_2517,0.364706,170,2,9,284,166,-0.9417370709867099
Dark,bHLH_1:15303356-15303605_binding_64,0.452941,170,2,12,592,404,-0.6476352103126997
Dark,bHLH_1:15303356-15303605_reference_binding_2060,0.470588,170,2,3,189,138,-0.5292005966471229
Dark,bHLH_1:15386355-15386604_binding_1316,0.5,170,2,9,378,483,0.2568353761620785
Dark,bHLH_1:15386355-15386604_binding_1353,0.494118,170,2,6,249,380,0.527573494230781
Dark,bHLH_1:15386355-15386604_binding_1493,0.494118,170,2,9,291,347,0.13659141935231744
Dark,bHLH_1:15386355-15386604_reference_binding_2774,0.511765,170,2,7,403,578,0.4040822472266138
Dark,bHLH_1:15401438-15401687_binding_271,0.441176,170,2,11,638,435,-0.6119989598460254
Dark,bHLH_1:15419900-15420149_non_binding_734,0.505882,170,2,1,28,25,-0.15732189418454684
Dark,bHLH_1:15419900-15420149_reference_binding_2528,0.505882,170,2,1,17,14,-0.27664581841357205
Dark,bHLH_1:15454781-15455030_binding_1071,0.470588,170,2,8,329,284,0.10220149788545868
Dark,bHLH_1:15454781-15455030_binding_1245,0.470588,170,2,13,807,845,0.1383464562565444
Dark,bHLH_1:15454781-15455030_binding_198,0.447059,170,2,10,478,573,0.2913828337482939
Dark,bHLH_1:15454781-15455030_binding_395,0.447059,170,2,16,597,758,0.4327364287073502
Dark,bHLH_1:15454781-15455030_binding_487,0.447059,170,2,11,367,408,0.2322229367822541
Dark,bHLH_1:15454781-15455030_reference_binding_2164,0.464706,170,2,11,365,528,0.6992202752891461
Dark,bHLH_1:15502243-15502492_non_binding_743,0.482353,170,2,8,425,104,-1.9220115054036016
Dark,bHLH_1:15502243-15502492_reference_binding_2535,0.488235,170,2,7,313,80,-2.0109429262963854
Dark,bHLH_1:15509049-15509298_non_binding_599,0.523529,170,2,4,109,51,-1.0607405492632533
Dark,bHLH_1:15509049-15509298_reference_binding_2421,0.523529,170,2,4,198,61,-1.3336844793451506
Dark,bHLH_1:15517971-15518220_non_binding_1624,0.388235,170,2,5,126,68,-0.2934520253892324
Dark,bHLH_1:15517971-15518220_non_binding_1635,0.382353,170,2,1,8,9,-0.10944387015963425
Dark,bHLH_1:15517971-15518220_non_binding_887,0.388235,170,2,10,379,223,-0.8039843514251804
Dark,bHLH_1:15517971-15518220_reference_binding_2631,0.388235,170,2,2,58,34,-0.5360457975924843
Dark,bHLH_1:15519814-15520063_non_binding_1602,0.435294,170,2,6,170,123,-0.6158285535801472
Dark,bHLH_1:15519814-15520063_reference_binding_2846,0.429412,170,2,12,550,285,-0.8992186469039803
Dark,bHLH_1:15523209-15523458_binding_370,0.441176,170,2,10,402,386,0.053924202479345276
Dark,bHLH_1:15523209-15523458_reference_binding_2264,0.464706,170,2,8,536,450,-0.21937719744813125
Dark,bHLH_1:15549845-15550094_binding_466,0.535294,170,2,3,44,118,1.4569855421824187
Dark,bHLH_1:15549845-15550094_reference_binding_2317,0.576471,170,2,4,93,315,1.858285058200579
Dark,bHLH_1:15553218-15553467_binding_28,0.447059,170,2,18,568,1263,1.1145786221498644
Dark,bHLH_1:15553218-15553467_binding_292,0.458824,170,2,9,513,1118,1.0822703687684554
Dark,bHLH_1:15553218-15553467_reference_binding_2028,0.447059,170,2,15,471,1001,0.9107309805751651
Dark,bHLH_1:15553919-15554168_non_binding_899,0.482353,170,2,21,902,359,-1.3784287094352838
Dark,bHLH_1:15553919-15554168_reference_binding_2639,0.482353,170,2,18,997,420,-1.137715204771617
Dark,bHLH_1:15558738-15558987_binding_1002,0.435294,170,2,10,438,340,-0.354633025182568
Dark,bHLH_1:15558738-15558987_binding_1097,0.435294,170,2,5,409,269,-0.6103521003039389
Dark,bHLH_1:15558738-15558987_binding_1229,0.441176,170,2,5,210,210,0.16517544456158473
Dark,bHLH_1:15558738-15558987_binding_1441,0.429412,170,2,8,249,228,-0.1284249693419479
Dark,bHLH_1:15558738-15558987_reference_binding_2682,0.441176,170,2,6,332,218,-0.34427510764729474
Dark,bHLH_1:15604697-15604946_non_binding_930,0.435294,170,2,13,463,708,0.5620448295709356
Dark,bHLH_1:15604697-15604946_reference_binding_2659,0.441176,170,2,17,742,1208,0.7019550798656221
Dark,bHLH_1:1564372-1564621_binding_195,0.376471,170,2,6,233,352,0.7567925283428574
Dark,bHLH_1:1564372-1564621_reference_binding_2161,0.352941,170,2,6,330,254,-0.4255985111884938
Dark,bHLH_1:15659438-15659687_binding_187,0.358824,170,2,6,283,70,-1.674742953889519
Dark,bHLH_1:15659438-15659687_binding_27,0.358824,170,2,7,436,112,-1.9276689120849464
Dark,bHLH_1:15659438-15659687_binding_389,0.370588,170,2,5,361,82,-2.1974086997059965
Dark,bHLH_1:15659438-15659687_binding_82,0.358824,170,2,5,310,79,-1.7461945751849879
Dark,bHLH_1:15659438-15659687_reference_binding_2027,0.358824,170,2,4,169,68,-1.4679019687750379
Dark,bHLH_1:15668743-15668992_non_binding_1540,0.482353,170,2,9,533,249,-1.1813806342546518
Dark,bHLH_1:15668743-15668992_non_binding_1671,0.482353,170,2,7,442,207,-1.123154763215291
Dark,bHLH_1:15668743-15668992_reference_binding_2814,0.488235,170,2,9,453,181,-1.251750576558663
Dark,bHLH_1:15684957-15685206_non_binding_1808,0.352941,170,2,2,76,180,1.1043123569019526
Dark,bHLH_1:15684957-15685206_non_binding_1909,0.364706,170,2,5,257,496,0.8536943405140127
Dark,bHLH_1:15684957-15685206_non_binding_1914,0.370588,170,2,4,81,140,0.9346325345486961
Dark,bHLH_1:15684957-15685206_reference_binding_2936,0.364706,170,2,3,189,310,0.7339062906493159
Dark,bHLH_1:1575851-1576100_non_binding_536,0.364706,170,2,10,369,359,-0.08075820365512845
Dark,bHLH_1:1575851-1576100_reference_binding_2369,0.358824,170,2,14,414,378,-0.061971205160586434
Dark,bHLH_1:1580960-1581209_binding_1027,0.335294,170,2,21,897,903,-0.03884273070160446
Dark,bHLH_1:1580960-1581209_binding_1043,0.341176,170,2,24,957,877,-0.1713249899894569
Dark,bHLH_1:1580960-1581209_binding_1163,0.341176,170,2,19,691,528,-0.3451342807972613
Dark,bHLH_1:1580960-1581209_reference_binding_2695,0.335294,170,2,13,434,309,-0.36780753497887214
Dark,bHLH_1:158608-158857_binding_1351,0.323529,170,2,4,144,78,-0.4831089456523275
Dark,bHLH_1:158608-158857_reference_binding_2781,0.323529,170,2,1,54,83,0.6378666533901645
Dark,bHLH_1:15864591-15864840_non_binding_1987,0.388235,170,2,2,86,32,-0.9842851040246077
Dark,bHLH_1:15869990-15870239_non_binding_798,0.364706,170,2,3,33,48,-0.0043853319194703255
Dark,bHLH_1:15869990-15870239_reference_binding_2575,0.376471,170,2,3,81,28,-1.407616552587339
Dark,bHLH_1:15888275-15888524_non_binding_1797,0.370588,170,2,3,92,132,0.7623238347464554
Dark,bHLH_1:15888275-15888524_reference_binding_2929,0.382353,170,2,11,532,664,0.18993750664299808
Dark,bHLH_1:15895532-15895781_binding_1179,0.417647,170,2,8,251,262,-0.1073335309619953
Dark,bHLH_1:15895532-15895781_binding_1232,0.411765,170,2,16,814,1183,0.595286076532759
Dark,bHLH_1:15895532-15895781_binding_1258,0.417647,170,2,4,162,131,-0.24830128430367954
Dark,bHLH_1:15895532-15895781_binding_1392,0.417647,170,2,8,525,383,-0.3567535830428735
Dark,bHLH_1:15895532-15895781_binding_73,0.417647,170,2,9,374,166,-1.0328440514049957
Dark,bHLH_1:15895532-15895781_reference_binding_2069,0.417647,170,2,15,707,554,-0.40652889344497245
Dark,bHLH_1:15912465-15912714_binding_52,0.394118,170,2,6,138,125,-0.3931284445483494
Dark,bHLH_1:15912465-15912714_reference_binding_2048,0.4,170,2,5,170,152,-0.25267420267487706
Dark,bHLH_1:15957531-15957780_binding_1235,0.435294,170,2,7,268,154,-0.746179088612302
Dark,bHLH_1:15957531-15957780_binding_1400,0.429412,170,2,11,636,231,-1.3307120096694258
Dark,bHLH_1:15957531-15957780_non_binding_998,0.429412,170,2,12,467,173,-1.3577291066600128
Dark,bHLH_1:15957531-15957780_reference_binding_2680,0.435294,170,2,10,586,263,-1.0796513998516843
Dark,bHLH_1:15967426-15967675_non_binding_737,0.311765,170,2,10,374,250,-0.5402273033288777
Dark,bHLH_1:15967426-15967675_reference_binding_2529,0.311765,170,2,12,180,159,-0.0699804353432125
Dark,bHLH_1:15968889-15969138_non_binding_516,0.352941,170,2,6,132,101,-0.2702650623656082
Dark,bHLH_1:15968889-15969138_non_binding_551,0.352941,170,2,2,58,46,-0.13053259723680208
Dark,bHLH_1:15968889-15969138_non_binding_807,0.347059,170,2,6,118,128,0.19404478818006057
Dark,bHLH_1:15976292-15976541_binding_202,0.464706,170,2,14,633,951,0.5244681593213005
Dark,bHLH_1:15976292-15976541_non_binding_1610,0.488235,170,2,11,472,383,-0.45700099441476894
Dark,bHLH_1:15976292-15976541_reference_binding_2168,0.482353,170,2,18,877,745,-0.20408016691473316
Dark,bHLH_1:15989251-15989500_non_binding_1661,0.382353,170,2,7,235,442,0.9019274531635916
Dark,bHLH_1:15989251-15989500_non_binding_587,0.382353,170,2,9,218,368,0.527396505853067
Dark,bHLH_1:15989251-15989500_reference_binding_2410,0.388235,170,2,9,238,514,1.1031552736884045
Dark,bHLH_1:16001152-16001401_binding_1039,0.394118,170,1,1,10,15,0.6758898544455538
Dark,bHLH_1:16001152-16001401_non_binding_1597,0.4,170,2,2,76,23,-1.627891347295477
Dark,bHLH_1:16001152-16001401_non_binding_828,0.388235,170,2,2,102,22,-2.0427238891868233
Dark,bHLH_1:16001152-16001401_non_binding_958,0.382353,170,2,5,95,50,-1.1227030764756387
Dark,bHLH_1:16001152-16001401_reference_binding_2591,0.394118,170,2,1,5,5,-0.43242043546478653
Dark,bHLH_1:16007793-16008042_binding_337,0.405882,170,2,13,595,354,-0.6341502568020121
Dark,bHLH_1:16007793-16008042_reference_binding_2244,0.429412,170,2,7,333,151,-0.9811601989237092
Dark,bHLH_1:16025585-16025834_binding_121,0.441176,170,2,4,302,193,-0.6315220190886863
Dark,bHLH_1:16025585-16025834_reference_binding_2109,0.464706,170,2,4,211,126,-0.7508293503921254
Dark,bHLH_1:16033782-16034031_non_binding_1692,0.370588,170,2,10,441,240,-1.0132767772660651
Dark,bHLH_1:16033782-16034031_non_binding_1798,0.388235,170,2,4,195,147,-0.5862613579815357
Dark,bHLH_1:16033782-16034031_reference_binding_2886,0.370588,170,2,12,506,352,-0.6609537075998396
Dark,bHLH_1:16074582-16074831_binding_1291,0.370588,170,2,13,427,437,0.19095557113090614
Dark,bHLH_1:16074582-16074831_binding_1420,0.382353,170,2,10,449,296,-0.39974926264971045
Dark,bHLH_1:16074582-16074831_reference_binding_2766,0.388235,170,2,8,275,232,-0.16303127073963286
Dark,bHLH_1:16120974-16121223_binding_1134,0.417647,170,2,14,700,459,-0.617795210108854
Dark,bHLH_1:16120974-16121223_binding_1253,0.411765,170,2,11,544,338,-0.6619755276434394
Dark,bHLH_1:16120974-16121223_binding_1336,0.411765,170,2,14,525,506,-0.1552048345611958
Dark,bHLH_1:16120974-16121223_binding_1480,0.429412,170,2,8,303,241,-0.40084723754154683
Dark,bHLH_1:16120974-16121223_reference_binding_2729,0.411765,170,2,5,183,182,-0.2718112363616765
Dark,bHLH_1:16148095-16148344_non_binding_750,0.523529,170,2,7,245,711,1.3015687417639075
Dark,bHLH_1:16148095-16148344_reference_binding_2540,0.523529,170,2,6,247,856,1.7351646452074156
Dark,bHLH_1:16210431-16210680_non_binding_951,0.429412,170,2,9,334,481,0.6936771512713783
Dark,bHLH_1:16210431-16210680_reference_binding_2668,0.435294,170,2,14,699,938,0.40235907075790533
Dark,bHLH_1:16283838-16284087_non_binding_1507,0.423529,170,2,17,846,784,-0.0021015355846241146
Dark,bHLH_1:16283838-16284087_reference_binding_2798,0.429412,170,2,14,520,681,0.2864522060846841
Dark,bHLH_1:16374806-16375055_non_binding_1834,0.352941,170,2,10,210,305,0.45047715874038263
Dark,bHLH_1:16374806-16375055_non_binding_812,0.376471,170,2,16,472,894,0.8436852783677096
Dark,bHLH_1:16374806-16375055_reference_binding_2583,0.382353,170,2,14,581,1469,1.4198014004220072
Dark,bHLH_1:16377253-16377502_binding_338,0.423529,170,2,11,305,1528,2.309074502357183
Dark,bHLH_1:16377253-16377502_binding_372,0.429412,170,2,5,198,464,1.312669490513135
Dark,bHLH_1:16377253-16377502_reference_binding_2245,0.423529,170,2,12,292,1749,2.569782725888206
Dark,bHLH_1:1637855-1638104_binding_1149,0.394118,170,1,2,25,35,0.5763541808946395
Dark,bHLH_1:1637855-1638104_binding_467,0.370588,170,2,1,9,8,-0.22490168582536466
Dark,bHLH_1:1637855-1638104_reference_binding_2318,0.388235,170,1,3,33,40,0.3684613292533069
Dark,bHLH_1:16413356-16413605_non_binding_635,0.335294,170,2,7,137,702,2.1565225078143797
Dark,bHLH_1:16413356-16413605_reference_binding_2452,0.341176,170,2,7,141,385,1.3658303643144847
Dark,bHLH_1:16430845-16431094_non_binding_1638,0.388235,170,2,4,64,171,1.2229313931477677
Dark,bHLH_1:16430845-16431094_non_binding_1667,0.382353,170,2,6,154,276,0.8396999835685748
Dark,bHLH_1:16430845-16431094_non_binding_1733,0.382353,170,2,13,295,506,0.8556678556454309
Dark,bHLH_1:16430845-16431094_non_binding_640,0.382353,170,2,12,352,426,0.2962174822009276
Dark,bHLH_1:16430845-16431094_reference_binding_2455,0.388235,170,2,9,175,447,1.3240099756455534
Dark,bHLH_1:16433419-16433668_non_binding_766,0.447059,170,2,6,238,429,0.923939304316002
Dark,bHLH_1:16433419-16433668_reference_binding_2552,0.452941,170,2,7,187,357,1.0703010488929992
Dark,bHLH_1:16515456-16515705_binding_6,0.488235,170,2,10,359,1496,1.9392261725923605
Dark,bHLH_1:16515456-16515705_non_binding_1883,0.488235,170,2,14,432,1740,2.0285641095349085
Dark,bHLH_1:16515456-16515705_reference_binding_2006,0.505882,170,2,13,520,2374,2.244046328849787
Dark,bHLH_1:16553511-16553760_non_binding_1645,0.447059,170,2,14,688,3106,2.184764313025984
Dark,bHLH_1:16553511-16553760_non_binding_753,0.429412,170,2,9,391,698,0.8779044991615497
Dark,bHLH_1:16553511-16553760_non_binding_868,0.441176,170,2,9,281,804,1.6086109323726556
Dark,bHLH_1:16553511-16553760_non_binding_980,0.423529,170,2,8,332,696,1.1414622483336796
Dark,bHLH_1:16553511-16553760_reference_binding_2543,0.447059,170,2,19,650,2566,1.9572592737404273
Dark,bHLH_1:16572885-16573134_non_binding_1744,0.388235,170,2,9,472,542,0.17055744813162055
Dark,bHLH_1:16572885-16573134_reference_binding_2906,0.388235,170,2,9,280,305,0.1145409720510226
Dark,bHLH_1:1659961-1660210_non_binding_744,0.288235,170,2,6,93,269,1.5851620505126411
Dark,bHLH_1:1659961-1660210_reference_binding_2536,0.294118,170,2,3,110,258,1.311827948841407
Dark,bHLH_1:16626152-16626401_non_binding_1803,0.447059,170,2,10,587,334,-0.6524096622331141
Dark,bHLH_1:16626152-16626401_non_binding_1948,0.464706,170,2,15,647,325,-1.0531229650031806
Dark,bHLH_1:16626152-16626401_reference_binding_2933,0.476471,170,2,11,336,186,-0.6190543568999554
Dark,bHLH_1:16661841-16662090_non_binding_1900,0.458824,170,2,2,30,51,0.8647909795203247
Dark,bHLH_1:16661841-16662090_reference_binding_2966,0.447059,170,2,9,257,374,0.45613771707610073
Dark,bHLH_1:16666395-16666644_binding_158,0.476471,170,2,8,283,897,1.8510445232324295
Dark,bHLH_1:16666395-16666644_binding_229,0.482353,170,2,5,276,757,1.5391278259813532
Dark,bHLH_1:16666395-16666644_reference_binding_2139,0.523529,170,2,7,251,1159,2.2523526625288444
Dark,bHLH_1:16678342-16678591_binding_1138,0.411765,170,2,7,292,357,0.2395506255499189
Dark,bHLH_1:16678342-16678591_reference_binding_2732,0.4,170,2,13,597,524,-0.1129889289745505
Dark,bHLH_1:16679121-16679370_non_binding_724,0.405882,170,2,9,494,345,-0.4143848326823915
Dark,bHLH_1:16679121-16679370_reference_binding_2522,0.405882,170,2,8,202,161,-0.4395301936166809
Dark,bHLH_1:1667917-1668166_binding_182,0.452941,170,2,7,371,435,0.16424346518061417
Dark,bHLH_1:1667917-1668166_reference_binding_2154,0.447059,170,2,8,399,700,1.0272412413854142
Dark,bHLH_1:16680132-16680381_binding_110,0.376471,170,2,19,856,559,-0.4169485025201177
Dark,bHLH_1:16680132-16680381_non_binding_672,0.388235,170,2,8,184,100,-0.9569659044425738
Dark,bHLH_1:16680132-16680381_non_binding_827,0.376471,170,2,12,592,280,-1.1528247188939544
Dark,bHLH_1:16680132-16680381_reference_binding_2100,0.382353,170,2,15,563,349,-0.4313113805649817
Dark,bHLH_1:16681339-16681588_binding_403,0.494118,170,2,27,1335,2173,0.6246844259311798
Dark,bHLH_1:16681339-16681588_reference_binding_2281,0.494118,170,2,27,1165,897,-0.39817420663200676
Dark,bHLH_1:16747699-16747948_non_binding_800,0.335294,170,2,15,526,481,-0.1492238138876496
Dark,bHLH_1:16747699-16747948_reference_binding_2576,0.335294,170,2,15,449,437,0.16804563149953503
Dark,bHLH_1:16760583-16760832_binding_1341,0.429412,170,2,7,320,216,-0.5119173131714241
Dark,bHLH_1:16760583-16760832_non_binding_1587,0.429412,170,2,11,397,237,-0.558474881516184
Dark,bHLH_1:16760583-16760832_reference_binding_2778,0.435294,170,2,8,272,179,-0.6429630538977091
Dark,bHLH_1:16799821-16800070_non_binding_1801,0.482353,170,2,8,450,191,-1.2426087250450681
Dark,bHLH_1:16799821-16800070_reference_binding_2932,0.476471,170,2,7,298,122,-1.144298203063634
Dark,bHLH_1:16805584-16805833_binding_473,0.323529,170,2,4,149,81,-0.6879528353094096
Dark,bHLH_1:16805584-16805833_reference_binding_2321,0.352941,170,2,6,226,161,-0.190546734554228
Dark,bHLH_1:16836888-16837137_binding_1009,0.382353,170,2,5,197,78,-1.3570416401126093
Dark,bHLH_1:16836888-16837137_reference_binding_2686,0.394118,170,2,10,582,365,-0.7307103120335121
Dark,bHLH_1:16885251-16885500_non_binding_1958,0.358824,170,2,13,424,318,-0.2054099240628185
Dark,bHLH_1:16885251-16885500_non_binding_629,0.341176,170,2,10,495,165,-1.35136768697328
Dark,bHLH_1:16885251-16885500_non_binding_985,0.341176,170,2,7,327,139,-1.1037908442865443
Dark,bHLH_1:16885251-16885500_reference_binding_2446,0.341176,170,2,12,554,281,-1.1047106098936024
Dark,bHLH_1:16917582-16917831_non_binding_675,0.358824,170,2,9,493,158,-1.3495364235549723
Dark,bHLH_1:16917582-16917831_reference_binding_2483,0.358824,170,2,5,408,112,-1.494948532580763
Dark,bHLH_1:1696867-1697116_binding_1120,0.288235,170,2,6,134,60,-1.3357267374833706
Dark,bHLH_1:1696867-1697116_binding_1216,0.282353,170,2,3,69,35,-0.8335684408213457
Dark,bHLH_1:1696867-1697116_reference_binding_2723,0.288235,170,2,6,266,98,-1.4354492942687034
Dark,bHLH_1:16973751-16974000_binding_41,0.423529,170,2,17,589,665,0.15613818542794447
Dark,bHLH_1:16973751-16974000_binding_49,0.429412,170,2,10,423,435,0.17997071891199762
Dark,bHLH_1:16973751-16974000_reference_binding_2039,0.429412,170,2,10,384,346,-0.23893953846158142
Dark,bHLH_1:16991292-16991541_binding_1106,0.364706,170,2,8,268,388,0.34668812851268
Dark,bHLH_1:16991292-16991541_binding_1130,0.376471,170,2,3,161,283,0.44732872450185257
Dark,bHLH_1:16991292-16991541_binding_1193,0.376471,170,2,12,501,680,0.24994310279976756
Dark,bHLH_1:16991292-16991541_binding_1230,0.376471,170,2,11,474,480,0.22398445338441905
Dark,bHLH_1:16991292-16991541_binding_1231,0.376471,170,2,10,418,578,0.3407008092832906
Dark,bHLH_1:16991292-16991541_binding_1294,0.382353,170,2,13,633,693,0.08040168393570943
Dark,bHLH_1:16991292-16991541_binding_1301,0.376471,170,2,9,455,410,0.21103489232605585
Dark,bHLH_1:16991292-16991541_binding_1459,0.376471,170,2,10,507,587,0.28093014087686274
Dark,bHLH_1:16991292-16991541_binding_1475,0.388235,170,2,16,790,1112,0.44549841891735065
Dark,bHLH_1:16991292-16991541_reference_binding_2720,0.382353,170,2,6,307,376,0.2907528651616109
Dark,bHLH_1:17037030-17037279_non_binding_1517,0.411765,170,2,8,294,141,-1.0155806335995345
Dark,bHLH_1:17037030-17037279_non_binding_1756,0.429412,170,2,15,674,524,-0.20944739956083508
Dark,bHLH_1:17037030-17037279_reference_binding_2802,0.417647,170,2,15,856,476,-0.8779742448342469
Dark,bHLH_1:17051161-17051410_binding_1283,0.411765,170,2,3,94,36,-1.2709945190798893
Dark,bHLH_1:17051161-17051410_binding_1396,0.411765,170,2,5,167,50,-1.5183999931333427
Dark,bHLH_1:17051161-17051410_binding_207,0.435294,170,2,5,151,35,-1.9163367299141303
Dark,bHLH_1:17051161-17051410_binding_213,0.411765,170,2,5,155,57,-1.5810867449016366
Dark,bHLH_1:17051161-17051410_binding_259,0.411765,170,2,1,68,20,-1.282943445420418
Dark,bHLH_1:17051161-17051410_binding_303,0.4,170,2,3,138,31,-2.163441626494264
Dark,bHLH_1:17051161-17051410_reference_binding_2172,0.411765,170,2,9,267,83,-1.6968738792878115
Dark,bHLH_1:17059539-17059788_binding_105,0.458824,170,2,18,877,326,-1.364019700587833
Dark,bHLH_1:17059539-17059788_non_binding_684,0.458824,170,2,19,745,404,-0.9715985627742307
Dark,bHLH_1:17059539-17059788_reference_binding_2096,0.452941,170,2,19,918,488,-0.9474911328372282
Dark,bHLH_1:17080228-17080477_binding_126,0.417647,170,2,13,429,449,0.0032084582514078225
Dark,bHLH_1:17080228-17080477_binding_176,0.411765,170,2,8,289,178,-0.7053720613067018
Dark,bHLH_1:17080228-17080477_binding_184,0.4,170,2,5,165,84,-0.9389773497178725
Dark,bHLH_1:17080228-17080477_reference_binding_2114,0.405882,170,2,12,623,276,-1.0466137333407761
Dark,bHLH_1:17100871-17101120_non_binding_901,0.405882,170,2,17,726,453,-0.7481057243793614
Dark,bHLH_1:17100871-17101120_reference_binding_2640,0.4,170,2,12,494,174,-1.3047001459182734
Dark,bHLH_1:1713548-1713797_binding_1116,0.494118,170,2,3,124,387,1.5857721629222905
Dark,bHLH_1:1713548-1713797_binding_60,0.494118,170,2,3,82,277,1.6469675243670596
Dark,bHLH_1:17171121-17171370_binding_1059,0.535294,170,2,3,213,38,-2.3467253150184466
Dark,bHLH_1:17171121-17171370_reference_binding_2705,0.541176,170,2,8,314,107,-1.734534409007161
Dark,bHLH_1:17280893-17281142_non_binding_1817,0.329412,170,2,18,825,969,0.24649010033758595
Dark,bHLH_1:17280893-17281142_non_binding_1856,0.329412,170,2,21,575,816,0.5140189214788765
Dark,bHLH_1:17280893-17281142_non_binding_1916,0.347059,170,2,21,738,1352,0.8444821985772881
Dark,bHLH_1:17280893-17281142_reference_binding_2941,0.323529,170,2,21,798,1055,0.41402812965589064
Dark,bHLH_1:17344885-17345134_binding_76,0.264706,170,2,4,266,857,1.795174173968544
Dark,bHLH_1:17344885-17345134_reference_binding_2072,0.288235,170,2,12,519,2174,2.0824932015993864
Dark,bHLH_1:17384880-17385129_non_binding_1575,0.447059,170,2,8,279,1288,2.0353350705830815
Dark,bHLH_1:17384880-17385129_non_binding_557,0.452941,170,2,6,158,706,2.000003808987079
Dark,bHLH_1:17384880-17385129_reference_binding_2388,0.447059,170,2,10,361,1424,2.0159823902042824
Dark,bHLH_1:17405579-17405828_non_binding_1955,0.247059,170,2,13,570,658,0.30342985883157014
Dark,bHLH_1:17405579-17405828_reference_binding_2977,0.241176,170,2,6,246,432,0.8990157698263878
Dark,bHLH_1:17445879-17446128_binding_1062,0.452941,170,2,23,1302,380,-1.7184837141455085
Dark,bHLH_1:17445879-17446128_binding_1206,0.452941,170,2,11,433,197,-1.1720062923529426
Dark,bHLH_1:17445879-17446128_binding_492,0.464706,170,2,6,364,232,-0.6569929955636384
Dark,bHLH_1:17445879-17446128_reference_binding_2330,0.447059,170,2,8,405,181,-1.2296563193769183
Dark,bHLH_1:17499705-17499954_non_binding_1985,0.270588,170,2,6,305,921,1.6977506148320654
Dark,bHLH_1:17499705-17499954_reference_binding_2985,0.311765,170,2,11,452,1418,1.646581839709511
Dark,bHLH_1:17529347-17529596_binding_479,0.458824,170,2,11,579,226,-1.3428146695109509
Dark,bHLH_1:17529347-17529596_reference_binding_2324,0.476471,170,2,13,577,232,-1.0085909437322351
Dark,bHLH_1:1761393-1761642_binding_1267,0.405882,170,2,6,188,90,-1.0723373739722353
Dark,bHLH_1:1761393-1761642_binding_379,0.411765,170,2,6,200,83,-1.3482243745399545
Dark,bHLH_1:1761393-1761642_binding_462,0.411765,170,2,4,175,78,-1.1838821313008459
Dark,bHLH_1:1761393-1761642_reference_binding_2269,0.4,170,2,5,236,98,-0.9303754435575788
Dark,bHLH_1:17627809-17628058_non_binding_669,0.570588,170,2,3,194,452,1.4094797353099433
Dark,bHLH_1:17627809-17628058_non_binding_935,0.576471,170,2,3,130,255,0.8971941519558593
Dark,bHLH_1:17627809-17628058_reference_binding_2478,0.576471,170,2,8,296,802,1.4047158430837028
Dark,bHLH_1:17633431-17633680_non_binding_1759,0.294118,170,2,8,274,261,-0.09880705722462876
Dark,bHLH_1:17633431-17633680_non_binding_1896,0.294118,170,2,1,22,26,0.48709294106041223
Dark,bHLH_1:17633431-17633680_reference_binding_2913,0.288235,170,2,5,286,351,0.24174475971414244
Dark,bHLH_1:1766042-1766291_non_binding_859,0.505882,170,2,4,267,111,-1.3036435644913709
Dark,bHLH_1:1766042-1766291_reference_binding_2609,0.511765,170,2,7,403,371,0.014514931600856679
Dark,bHLH_1:1769902-1770151_non_binding_992,0.376471,170,2,2,32,37,0.23089801703485785
Dark,bHLH_1:1769902-1770151_reference_binding_2679,0.376471,170,2,3,156,155,0.14607464665831965
Dark,bHLH_1:17700079-17700328_non_binding_804,0.458824,170,2,24,1070,968,-0.17741981127159273
Dark,bHLH_1:17700079-17700328_reference_binding_2577,0.458824,170,2,17,872,619,-0.4829694023535496
Dark,bHLH_1:17720326-17720575_non_binding_739,0.458824,170,2,10,346,267,-0.35014254797854405
Dark,bHLH_1:17720326-17720575_reference_binding_2531,0.464706,170,2,11,388,196,-0.956262433131408
Dark,bHLH_1:17750399-17750648_non_binding_1500,0.4,170,2,13,432,191,-1.221115075972964
Dark,bHLH_1:17750399-17750648_non_binding_1622,0.4,170,2,14,506,206,-1.2240432119994762
Dark,bHLH_1:17750399-17750648_reference_binding_2792,0.394118,170,2,6,206,75,-1.1898926555457754
Dark,bHLH_1:17871800-17872049_non_binding_1799,0.470588,170,2,20,1113,628,-0.7758604378454298
Dark,bHLH_1:17871800-17872049_non_binding_1995,0.476471,170,2,14,670,413,-0.7181495870864572
Dark,bHLH_1:17871800-17872049_reference_binding_2930,0.482353,170,2,10,365,213,-0.5383086025454391
Dark,bHLH_1:17893968-17894217_non_binding_752,0.441176,170,2,4,254,175,-0.5506059996010485
Dark,bHLH_1:17893968-17894217_reference_binding_2542,0.435294,170,2,8,387,178,-0.948814938392176
Dark,bHLH_1:17920209-17920458_non_binding_711,0.5,170,2,3,33,44,0.4683067248441733
Dark,bHLH_1:17920209-17920458_reference_binding_2513,0.505882,170,2,2,30,16,0.038132720008429155
Dark,bHLH_1:17955545-17955794_non_binding_1802,0.447059,170,2,8,300,138,-1.1651787415118795
Dark,bHLH_1:17955545-17955794_non_binding_885,0.470588,170,2,6,433,138,-1.3928143062216902
Dark,bHLH_1:17955545-17955794_reference_binding_2630,0.464706,170,2,9,578,232,-1.3506894943120566
Dark,bHLH_1:18015487-18015736_non_binding_1778,0.405882,170,2,10,382,150,-1.2358038271149563
Dark,bHLH_1:18015487-18015736_non_binding_1903,0.411765,170,2,9,367,202,-0.8825874778102025
Dark,bHLH_1:18015487-18015736_non_binding_1945,0.4,170,2,10,311,180,-0.72097473112594
Dark,bHLH_1:18015487-18015736_non_binding_834,0.417647,170,2,7,465,170,-1.3929644347522552
Dark,bHLH_1:18015487-18015736_reference_binding_2594,0.435294,170,2,7,312,106,-1.3187597775804334
Dark,bHLH_1:18018116-18018365_binding_1350,0.441176,170,2,13,326,826,1.137813277167645
Dark,bHLH_1:18018116-18018365_non_binding_1584,0.435294,170,2,6,287,465,0.7895996718298165
Dark,bHLH_1:18018116-18018365_reference_binding_2780,0.429412,170,2,6,335,509,0.7334606760409209
Dark,bHLH_1:18051261-18051510_non_binding_1678,0.423529,170,2,2,54,25,-0.640954452717894
Dark,bHLH_1:18051261-18051510_non_binding_1730,0.423529,170,2,2,74,17,-1.5977090085598005
Dark,bHLH_1:18051261-18051510_non_binding_823,0.429412,170,2,4,217,89,-1.0392233044547194
Dark,bHLH_1:18051261-18051510_reference_binding_2588,0.429412,170,2,3,116,46,-1.0924523085115312
Dark,bHLH_1:18052552-18052801_non_binding_1988,0.341176,170,2,14,688,831,0.2077219382239923
Dark,bHLH_1:18052552-18052801_non_binding_818,0.323529,170,2,10,517,633,0.25687988120122096
Dark,bHLH_1:18052552-18052801_reference_binding_2586,0.317647,170,2,8,370,692,0.8911987162459918
Dark,bHLH_1:18091174-18091423_non_binding_1773,0.335294,170,2,12,425,591,0.53801889774237
Dark,bHLH_1:18091174-18091423_non_binding_603,0.347059,170,2,11,396,625,0.6265050093291601
Dark,bHLH_1:18091174-18091423_reference_binding_2424,0.347059,170,2,14,539,907,0.6200239213647829
Dark,bHLH_1:18140758-18141007_binding_140,0.435294,170,2,11,433,297,-0.574293659888651
Dark,bHLH_1:18140758-18141007_reference_binding_2126,0.452941,170,2,11,533,272,-0.9527019995485893
Dark,bHLH_1:18157830-18158079_binding_249,0.352941,170,2,17,726,432,-0.862524204547599
Dark,bHLH_1:18157830-18158079_reference_binding_2199,0.341176,170,2,13,527,267,-1.0705856797477304
Dark,bHLH_1:18182506-18182755_non_binding_1749,0.329412,170,2,6,196,543,1.3802803199185238
Dark,bHLH_1:18182506-18182755_non_binding_616,0.323529,170,2,11,361,977,1.5614832560930747
Dark,bHLH_1:18182506-18182755_reference_binding_2437,0.323529,170,2,11,542,1582,1.4821596913886013
Dark,bHLH_1:18182758-18183007_non_binding_911,0.305882,170,2,10,309,1495,2.18998294836564
Dark,bHLH_1:18182758-18183007_reference_binding_2648,0.311765,170,2,8,330,1142,1.826048588138507
Dark,bHLH_1:18217105-18217354_non_binding_729,0.458824,170,2,5,255,94,-1.3176029265063034
Dark,bHLH_1:18217105-18217354_reference_binding_2525,0.458824,170,2,11,338,120,-1.324925882452443
Dark,bHLH_1:18230743-18230992_binding_1240,0.311765,170,2,2,42,105,1.132221073007697
Dark,bHLH_1:18230743-18230992_binding_1428,0.317647,170,2,3,28,65,1.1990532485524896
Dark,bHLH_1:18230743-18230992_binding_85,0.288235,170,2,2,40,60,1.064998711977324
Dark,bHLH_1:18230743-18230992_reference_binding_2080,0.317647,170,2,5,124,201,0.6691114495846125
Dark,bHLH_1:18231224-18231473_binding_1129,0.417647,170,2,18,685,393,-0.8978747823070952
Dark,bHLH_1:18231224-18231473_reference_binding_2727,0.429412,170,2,9,423,240,-0.8587323055917904
Dark,bHLH_1:18275860-18276109_non_binding_1662,0.376471,170,2,7,384,183,-0.7898473872560796
Dark,bHLH_1:18275860-18276109_reference_binding_2874,0.382353,170,2,6,144,84,-0.6599565160053348
Dark,bHLH_1:1842443-1842692_non_binding_1811,0.341176,170,2,5,196,418,1.0695457841625136
Dark,bHLH_1:1842443-1842692_reference_binding_2937,0.329412,170,2,7,162,209,0.5949211852432876
Dark,bHLH_1:18450397-18450646_non_binding_1726,0.311765,170,2,16,610,1219,1.0251428280837978
Dark,bHLH_1:18450397-18450646_non_binding_520,0.311765,170,2,6,155,196,0.46159604898803636
Dark,bHLH_1:18450397-18450646_reference_binding_2353,0.317647,170,2,11,505,581,0.279827802918854
Dark,bHLH_1:18452483-18452732_non_binding_1910,0.5,170,2,11,342,844,1.3396276778837075
Dark,bHLH_1:18452483-18452732_non_binding_509,0.517647,170,2,9,362,317,-0.09375328376278837
Dark,bHLH_1:18452483-18452732_reference_binding_2342,0.517647,170,2,18,759,1177,0.6230614369094534
Dark,bHLH_1:18479569-18479818_binding_1143,0.435294,170,2,4,97,86,-0.18845258804526707
Dark,bHLH_1:18479569-18479818_reference_binding_2734,0.423529,170,2,4,144,141,0.08952912120276707
Dark,bHLH_1:18526363-18526612_binding_378,0.405882,170,2,3,86,43,-1.0653319319658925
Dark,bHLH_1:18526363-18526612_reference_binding_2268,0.4,170,2,4,118,40,-1.4543824136622374
Dark,bHLH_1:18533912-18534161_binding_1209,0.370588,170,2,2,60,43,-0.30571299728906454
Dark,bHLH_1:18533912-18534161_binding_1219,0.382353,170,2,1,14,6,-1.5378688267140959
Dark,bHLH_1:18533912-18534161_binding_1433,0.382353,170,2,5,120,117,0.005380248509989222
Dark,bHLH_1:18533912-18534161_binding_1448,0.394118,170,2,2,51,14,-1.4409571921442574
Dark,bHLH_1:18533912-18534161_binding_1468,0.382353,170,2,3,67,22,-1.6146112985415257
Dark,bHLH_1:18533912-18534161_binding_310,0.388235,170,2,2,32,24,-0.8373689937748151
Dark,bHLH_1:18533912-18534161_reference_binding_2232,0.388235,170,2,1,13,12,-0.06616059089727941
Dark,bHLH_1:18546150-18546399_binding_1340,0.476471,170,2,10,344,269,-0.3391060332703758
Dark,bHLH_1:18546150-18546399_reference_binding_2777,0.494118,170,2,16,738,491,-0.6743426663245522
Dark,bHLH_1:18551171-18551420_non_binding_1666,0.476471,170,2,12,578,603,0.13416682800430843
Dark,bHLH_1:18551171-18551420_reference_binding_2877,0.476471,170,2,11,465,419,-0.06868854663830655
Dark,bHLH_1:18581607-18581856_binding_24,0.323529,170,2,13,449,1700,2.011588920978146
Dark,bHLH_1:18581607-18581856_non_binding_1740,0.311765,170,2,12,380,1345,1.8063278519354238
Dark,bHLH_1:18581607-18581856_non_binding_1907,0.317647,170,2,16,622,1756,1.5974048432671601
Dark,bHLH_1:18581607-18581856_non_binding_893,0.317647,170,2,15,642,2142,1.7817362318069145
Dark,bHLH_1:18581607-18581856_reference_binding_2024,0.317647,170,2,11,538,1935,1.8965431972824276
Dark,bHLH_1:18640234-18640483_binding_312,0.370588,170,2,10,566,248,-1.1176810909753025
Dark,bHLH_1:18640234-18640483_reference_binding_2234,0.364706,170,2,18,1090,391,-1.459600968919616
Dark,bHLH_1:18662894-18663143_non_binding_523,0.441176,170,2,17,754,1319,0.7694512037202699
Dark,bHLH_1:18662894-18663143_non_binding_698,0.429412,170,2,17,633,764,0.19301397868063824
Dark,bHLH_1:18662894-18663143_reference_binding_2356,0.435294,170,2,9,364,600,0.5950240858554912
Dark,bHLH_1:18676250-18676499_non_binding_519,0.458824,170,2,4,167,82,-0.8899809231983988
Dark,bHLH_1:18676250-18676499_reference_binding_2352,0.464706,170,2,4,97,99,-0.1488701535471457
Dark,bHLH_1:1870220-1870469_non_binding_908,0.370588,170,2,9,322,97,-1.6144098848828663
Dark,bHLH_1:1870220-1870469_reference_binding_2646,0.370588,170,2,3,106,48,-1.3071838908410736
Dark,bHLH_1:18711894-18712143_binding_264,0.4,170,2,13,508,358,-0.41938290898159003
Dark,bHLH_1:18711894-18712143_reference_binding_2206,0.376471,170,2,16,800,723,-0.10282540749278134
Dark,bHLH_1:18730546-18730795_binding_367,0.305882,170,2,6,290,369,0.33563386236277404
Dark,bHLH_1:18730546-18730795_reference_binding_2262,0.311765,170,2,6,305,497,0.7610032895097196
Dark,bHLH_1:18843078-18843327_non_binding_1674,0.458824,170,2,8,407,199,-1.1500603789990458
Dark,bHLH_1:18843078-18843327_reference_binding_2881,0.452941,170,2,10,306,183,-0.7335844199454721
Dark,bHLH_1:18851475-18851724_non_binding_1747,0.335294,170,2,14,657,320,-1.079501044812163
Dark,bHLH_1:18851475-18851724_reference_binding_2908,0.341176,170,2,5,167,83,-0.967546765139766
Dark,bHLH_1:18861198-18861447_binding_75,0.423529,170,2,5,96,150,0.5644464923133514
Dark,bHLH_1:18861198-18861447_reference_binding_2071,0.441176,170,2,5,238,445,0.7946056327811697
Dark,bHLH_1:1887874-1888123_non_binding_627,0.4,170,2,14,543,532,-0.025456920911371514
Dark,bHLH_1:1887874-1888123_reference_binding_2444,0.4,170,2,11,450,321,-0.5335025134759815
Dark,bHLH_1:18899972-18900221_binding_407,0.470588,170,2,6,284,113,-1.552007004162311
Dark,bHLH_1:18899972-18900221_binding_415,0.464706,170,2,4,172,56,-1.6361892087813832
Dark,bHLH_1:18899972-18900221_reference_binding_2285,0.470588,170,2,7,506,118,-1.884249742628472
Dark,bHLH_1:18904088-18904337_non_binding_525,0.335294,170,2,6,392,301,-0.23086539115554916
Dark,bHLH_1:18904088-18904337_reference_binding_2358,0.335294,170,2,13,518,261,-0.6876959259780611
Dark,bHLH_1:18953491-18953740_non_binding_878,0.364706,170,2,11,506,449,-0.12516371503203255
Dark,bHLH_1:18953491-18953740_reference_binding_2623,0.382353,170,2,3,221,211,-0.07824895023327547
Dark,bHLH_1:18964522-18964771_binding_1310,0.5,170,2,6,273,124,-0.7117113041278248
Dark,bHLH_1:18964522-18964771_reference_binding_2770,0.505882,170,2,9,394,276,-0.5712349788557503
Dark,bHLH_1:18990097-18990346_non_binding_1508,0.470588,170,2,9,412,433,-0.08440466908281845
Dark,bHLH_1:18990097-18990346_non_binding_1648,0.464706,170,2,3,110,83,-0.39080910873241714
Dark,bHLH_1:18990097-18990346_non_binding_788,0.452941,170,2,3,86,51,-0.5819141352676135
Dark,bHLH_1:18990097-18990346_non_binding_996,0.458824,170,2,9,315,197,-0.6580578312220738
Dark,bHLH_1:18990097-18990346_reference_binding_2569,0.464706,170,2,8,300,287,-0.1324193963168939
Dark,bHLH_1:18999241-18999490_binding_1000,0.394118,170,2,5,328,153,-1.2524288070665606
Dark,bHLH_1:18999241-18999490_binding_1157,0.4,170,2,11,538,168,-1.2854512718650495
Dark,bHLH_1:18999241-18999490_reference_binding_2681,0.388235,170,2,16,994,516,-0.8213215744125956
Dark,bHLH_1:19038397-19038646_non_binding_1533,0.464706,170,2,15,503,340,-0.5705826176851289
Dark,bHLH_1:19038397-19038646_non_binding_1672,0.452941,170,2,11,368,312,-0.28460267704344044
Dark,bHLH_1:19038397-19038646_reference_binding_2810,0.458824,170,2,9,522,312,-0.7449938489995251
Dark,bHLH_1:19072252-19072501_non_binding_592,0.470588,170,2,18,857,1059,0.2844845834495365
Dark,bHLH_1:19072252-19072501_non_binding_921,0.476471,170,2,13,571,420,-0.41463878927533865
Dark,bHLH_1:19072252-19072501_reference_binding_2415,0.464706,170,2,15,489,372,-0.24713440828358516
Dark,bHLH_1:19118123-19118372_binding_1186,0.5,170,2,8,173,103,-1.0622570257576347
Dark,bHLH_1:19118123-19118372_non_binding_962,0.5,170,2,11,444,122,-1.7314345228379935
Dark,bHLH_1:19118123-19118372_reference_binding_2671,0.494118,170,2,12,680,256,-1.4602836404522292
Dark,bHLH_1:19118414-19118663_non_binding_884,0.405882,170,2,25,809,1827,1.0803869609418801
Dark,bHLH_1:19118414-19118663_reference_binding_2629,0.405882,170,2,27,1120,2587,1.1604013204886372
Dark,bHLH_1:19354507-19354756_non_binding_566,0.464706,170,2,4,214,52,-1.5734773881085513
Dark,bHLH_1:19354507-19354756_reference_binding_2393,0.470588,170,2,5,207,76,-1.6062125777110074
Dark,bHLH_1:19410685-19410934_non_binding_1701,0.452941,170,2,2,74,41,-0.7451168510658797
Dark,bHLH_1:19410685-19410934_non_binding_877,0.452941,170,2,4,132,26,-1.97288043315657
Dark,bHLH_1:19410685-19410934_non_binding_965,0.447059,170,2,12,667,184,-1.8934589351763842
Dark,bHLH_1:19410685-19410934_reference_binding_2622,0.447059,170,2,6,380,190,-0.9863381905495273
Dark,bHLH_1:19412798-19413047_non_binding_934,0.441176,170,2,11,494,427,-0.11633388512971893
Dark,bHLH_1:19412798-19413047_reference_binding_2661,0.458824,170,2,5,240,292,0.25685748270413267
Dark,bHLH_1:19432803-19433052_non_binding_1765,0.276471,170,2,14,760,1710,1.1965986038075842
Dark,bHLH_1:19432803-19433052_non_binding_1929,0.282353,170,2,12,348,962,1.67328400971914
Dark,bHLH_1:19432803-19433052_reference_binding_2916,0.288235,170,2,8,244,898,1.7192617103024315
Dark,bHLH_1:19446189-19446438_binding_137,0.394118,170,2,20,593,1430,1.2337088974409995
Dark,bHLH_1:19446189-19446438_non_binding_939,0.429412,170,2,9,424,710,0.7349375651209358
Dark,bHLH_1:19446189-19446438_reference_binding_2123,0.417647,170,2,23,679,2247,1.8902711732045365
Dark,bHLH_1:19446922-19447171_binding_393,0.517647,170,2,9,468,2326,2.2518408351377466
Dark,bHLH_1:19446922-19447171_non_binding_694,0.505882,170,2,13,571,702,0.4564718423739592
Dark,bHLH_1:19446922-19447171_non_binding_781,0.517647,170,2,8,473,1566,1.8360965153451256
Dark,bHLH_1:19446922-19447171_reference_binding_2275,0.511765,170,2,10,380,1052,1.5425980834745423
Dark,bHLH_1:19480211-19480460_binding_212,0.441176,170,2,8,426,593,0.7109729403706163
Dark,bHLH_1:19480211-19480460_reference_binding_2174,0.429412,170,2,8,365,465,0.6756993752017277
Dark,bHLH_1:19501945-19502194_non_binding_1522,0.4,170,2,3,99,126,0.786278800756515
Dark,bHLH_1:19501945-19502194_non_binding_876,0.394118,170,2,1,11,8,0.3730584191622638
Dark,bHLH_1:19501945-19502194_reference_binding_2621,0.394118,170,2,1,34,14,0.03381027436424888
Dark,bHLH_1:19519373-19519622_non_binding_775,0.364706,170,2,4,54,101,0.37206354640118605
Dark,bHLH_1:19519373-19519622_reference_binding_2559,0.370588,170,2,6,134,144,0.13535189989115237
Dark,bHLH_1:19534385-19534634_non_binding_1829,0.388235,170,2,5,136,312,1.3516610793052397
Dark,bHLH_1:19534385-19534634_non_binding_1863,0.4,170,2,3,56,116,1.0890860090152599
Dark,bHLH_1:19534385-19534634_non_binding_1975,0.4,170,2,4,62,205,1.4172742969468852
Dark,bHLH_1:19534385-19534634_non_binding_1980,0.4,170,2,7,97,190,0.7459824439504498
Dark,bHLH_1:19534385-19534634_reference_binding_2946,0.4,170,2,5,63,129,0.8388084506385236
Dark,bHLH_1:19544696-19544945_non_binding_621,0.411765,170,2,8,340,209,-0.7583964329504161
Dark,bHLH_1:19544696-19544945_reference_binding_2440,0.417647,170,2,6,225,234,0.17523955091907145
Dark,bHLH_1:1957380-1957629_non_binding_680,0.429412,170,2,5,340,121,-1.486331966648135
Dark,bHLH_1:1957380-1957629_non_binding_803,0.429412,170,2,5,171,111,-0.7395629105479173
Dark,bHLH_1:1957380-1957629_reference_binding_2487,0.435294,170,2,6,236,97,-0.8696693783652786
Dark,bHLH_1:19581767-19582016_binding_397,0.388235,170,2,11,310,1253,2.0695088712427956
Dark,bHLH_1:19581767-19582016_binding_7,0.376471,170,2,10,393,1237,1.6806110561402565
Dark,bHLH_1:19581767-19582016_reference_binding_2007,0.376471,170,2,11,422,1356,1.472058335012166
Dark,bHLH_1:19607667-19607916_binding_234,0.423529,170,2,9,447,367,-0.325777936016757
Dark,bHLH_1:19607667-19607916_reference_binding_2189,0.394118,170,2,5,178,88,-0.9202503493806639
Dark,bHLH_1:19635021-19635270_binding_1084,0.370588,170,2,14,410,299,-0.3545626269712892
Dark,bHLH_1:19635021-19635270_reference_binding_2713,0.376471,170,2,19,794,593,-0.3894938924033221
Dark,bHLH_1:19673542-19673791_binding_1038,0.305882,170,2,15,442,772,0.7182168018243381
Dark,bHLH_1:19673542-19673791_binding_1220,0.311765,170,2,7,200,194,-0.08452010130712173
Dark,bHLH_1:19673542-19673791_binding_133,0.323529,170,2,7,338,755,1.0488193372096868
Dark,bHLH_1:19673542-19673791_binding_298,0.317647,170,2,15,513,1132,1.072635828938233
Dark,bHLH_1:19673542-19673791_binding_385,0.305882,170,2,7,303,818,1.3768008702219063
Dark,bHLH_1:19673542-19673791_reference_binding_2119,0.317647,170,2,10,429,598,0.4335661196429468
Dark,bHLH_1:1971527-1971776_binding_150,0.411765,170,2,8,366,120,-1.2525315331182791
Dark,bHLH_1:1971527-1971776_reference_binding_2132,0.370588,170,2,5,146,52,-1.1203193471879986
Dark,bHLH_1:19781926-19782175_binding_419,0.411765,170,2,5,206,57,-1.5475803822838972
Dark,bHLH_1:19781926-19782175_reference_binding_2292,0.417647,170,2,6,239,101,-1.3809998150663798
Dark,bHLH_1:19789205-19789454_non_binding_1965,0.247059,170,2,7,228,479,0.993404938124442
Dark,bHLH_1:19789205-19789454_non_binding_1992,0.241176,170,2,3,93,120,0.4091099134234605
Dark,bHLH_1:19789205-19789454_reference_binding_2981,0.241176,170,2,13,413,700,0.8539216500065732
Dark,bHLH_1:19825249-19825498_binding_1225,0.447059,170,2,12,498,2700,2.3711532320928255
Dark,bHLH_1:19825249-19825498_binding_289,0.423529,170,2,9,251,735,1.424602867963599
Dark,bHLH_1:19825249-19825498_binding_321,0.417647,170,2,16,604,2055,1.7655744498446526
Dark,bHLH_1:19825249-19825498_reference_binding_2218,0.447059,170,2,12,501,2011,2.1077101465707333
Dark,bHLH_1:19825990-19826239_non_binding_1875,0.276471,170,2,16,595,823,0.3702362642421697
Dark,bHLH_1:19825990-19826239_non_binding_1902,0.294118,170,2,5,103,307,1.5347441347558837
Dark,bHLH_1:19825990-19826239_reference_binding_2960,0.294118,170,2,13,486,617,0.29158598538416935
Dark,bHLH_1:19837737-19837986_non_binding_1628,0.335294,170,2,18,576,1283,1.2632496301334595
Dark,bHLH_1:19837737-19837986_non_binding_723,0.347059,170,2,20,617,1606,1.5430119596215701
Dark,bHLH_1:19837737-19837986_reference_binding_2521,0.341176,170,2,24,745,2007,1.4750750401641648
Dark,bHLH_1:19891360-19891609_non_binding_704,0.447059,170,2,12,620,323,-0.9765796718439654
Dark,bHLH_1:19891360-19891609_reference_binding_2506,0.452941,170,2,13,732,251,-1.399398681521332
Dark,bHLH_1:19911168-19911417_non_binding_1812,0.352941,170,2,8,483,927,0.8862922262815032
Dark,bHLH_1:19911168-19911417_reference_binding_2938,0.341176,170,2,3,181,206,0.2914433293354739
Dark,bHLH_1:19912710-19912959_non_binding_1967,0.364706,170,2,6,207,233,0.05209866823651013
Dark,bHLH_1:19912710-19912959_reference_binding_2982,0.358824,170,2,6,245,165,-0.4691170648391283
Dark,bHLH_1:20066351-20066600_non_binding_914,0.411765,170,2,9,412,123,-1.544765654850695
Dark,bHLH_1:20066351-20066600_reference_binding_2650,0.411765,170,2,7,341,75,-1.8491102938391784
Dark,bHLH_1:20094539-20094788_binding_287,0.364706,170,2,9,510,281,-0.6930552640635623
Dark,bHLH_1:20094539-20094788_reference_binding_2216,0.370588,170,2,17,670,595,-0.07134398767147329
Dark,bHLH_1:20169565-20169814_non_binding_1830,0.347059,170,2,1,13,40,1.4304920828157164
Dark,bHLH_1:20169565-20169814_non_binding_1833,0.347059,170,2,1,51,32,-0.22740202635454781
Dark,bHLH_1:20169565-20169814_reference_binding_2947,0.370588,170,2,14,544,1006,0.8959579648485565
Dark,bHLH_1:2017631-2017880_non_binding_740,0.429412,170,2,6,221,62,-1.757516526871931
Dark,bHLH_1:2017631-2017880_non_binding_790,0.429412,170,2,4,275,70,-1.9502167303097302
Dark,bHLH_1:2017631-2017880_reference_binding_2532,0.429412,170,2,2,120,33,-2.029071796706727
Dark,bHLH_1:20209424-20209673_binding_205,0.364706,170,2,8,353,887,1.4179064937032975
Dark,bHLH_1:20209424-20209673_reference_binding_2170,0.376471,170,2,9,454,509,0.14013486669649974
Dark,bHLH_1:20262195-20262444_non_binding_1560,0.335294,170,2,11,406,616,0.6717992798156536
Dark,bHLH_1:20262195-20262444_non_binding_1576,0.323529,170,2,7,215,467,1.0251570668508587
Dark,bHLH_1:20262195-20262444_non_binding_1636,0.329412,170,2,12,421,731,0.8268381632137796
Dark,bHLH_1:20262195-20262444_non_binding_1695,0.323529,170,2,11,332,582,0.7175491775057504
Dark,bHLH_1:20262195-20262444_non_binding_1716,0.329412,170,2,11,382,459,0.2880372409203592
Dark,bHLH_1:20262195-20262444_non_binding_1807,0.317647,170,2,6,137,166,0.21881102906974748
Dark,bHLH_1:20262195-20262444_non_binding_1847,0.311765,170,2,16,559,691,0.3248269762732612
Dark,bHLH_1:20262195-20262444_non_binding_1983,0.305882,170,2,9,290,357,0.22647610554092723
Dark,bHLH_1:20262195-20262444_non_binding_562,0.323529,170,2,12,418,802,0.8280538747440751
Dark,bHLH_1:20262195-20262444_reference_binding_2392,0.329412,170,2,9,301,789,1.1968928232865477
Dark,bHLH_1:20326511-20326760_non_binding_514,0.376471,170,2,6,181,66,-1.2361478660496874
Dark,bHLH_1:20326511-20326760_reference_binding_2347,0.376471,170,2,3,114,47,-1.2747832011954063
Dark,bHLH_1:20333450-20333699_non_binding_1911,0.388235,170,2,7,236,927,1.9806562652454387
Dark,bHLH_1:20333450-20333699_non_binding_772,0.370588,170,2,8,174,697,1.880294179274144
Dark,bHLH_1:20333450-20333699_non_binding_949,0.370588,170,2,9,131,321,1.5130921341009413
Dark,bHLH_1:20333450-20333699_reference_binding_2557,0.376471,170,2,4,182,435,1.3528901599695784
Dark,bHLH_1:2035447-2035696_binding_1337,0.341176,170,2,12,500,343,-0.525959444873962
Dark,bHLH_1:2035447-2035696_non_binding_783,0.352941,170,2,4,123,63,-0.5506129057534757
Dark,bHLH_1:2035447-2035696_reference_binding_2565,0.335294,170,2,6,309,177,-0.8150279709499764
Dark,bHLH_1:20386055-20386304_non_binding_522,0.358824,170,2,3,171,131,-0.0748673553635531
Dark,bHLH_1:20386055-20386304_non_binding_900,0.358824,170,2,3,72,120,0.5999646922303326
Dark,bHLH_1:20386055-20386304_reference_binding_2355,0.364706,170,2,2,53,122,1.0057375936964639
Dark,bHLH_1:20393487-20393736_binding_128,0.364706,170,2,17,477,2314,2.4805067580956193
Dark,bHLH_1:20393487-20393736_reference_binding_2115,0.341176,170,2,4,75,202,1.501205064007643
Dark,bHLH_1:20445556-20445805_binding_113,0.364706,170,2,10,432,880,1.0525754290154294
Dark,bHLH_1:20445556-20445805_binding_1159,0.329412,170,2,15,890,1015,0.19609274235202107
Dark,bHLH_1:20445556-20445805_reference_binding_2103,0.335294,170,2,3,75,67,-0.34452288277481213
Dark,bHLH_1:20450026-20450275_non_binding_612,0.323529,170,2,7,201,188,0.21261006192747853
Dark,bHLH_1:20450026-20450275_reference_binding_2433,0.323529,170,2,4,97,77,-0.1823085209156255
Dark,bHLH_1:20463176-20463425_binding_1218,0.423529,170,2,7,414,123,-1.4718970440496393
Dark,bHLH_1:20463176-20463425_binding_353,0.423529,170,2,12,560,185,-1.5714731858319053
Dark,bHLH_1:20463176-20463425_reference_binding_2254,0.429412,170,2,10,461,198,-1.3707116444029759
Dark,bHLH_1:20464864-20465113_non_binding_1864,0.276471,170,2,15,418,1002,1.1143638251742716
Dark,bHLH_1:20464864-20465113_reference_binding_2958,0.282353,170,2,12,431,454,0.18671241421677282
Dark,bHLH_1:20504519-20504768_non_binding_1545,0.335294,170,2,4,339,342,0.04377790853339256
Dark,bHLH_1:20504519-20504768_reference_binding_2817,0.341176,170,2,1,36,14,-0.9549643802290555
Dark,bHLH_1:20524660-20524909_non_binding_1713,0.4,170,2,5,231,221,-0.01542094847434361
Dark,bHLH_1:20524660-20524909_non_binding_510,0.4,170,2,3,109,203,0.6710466932519747
Dark,bHLH_1:20524660-20524909_reference_binding_2343,0.405882,170,2,8,434,372,-0.30567795352760496
Dark,bHLH_1:20551827-20552076_non_binding_1842,0.382353,170,2,7,181,346,1.009639555505564
Dark,bHLH_1:20551827-20552076_reference_binding_2952,0.4,170,2,8,320,377,0.4171393526244164
Dark,bHLH_1:20554334-20554583_non_binding_610,0.417647,170,2,1,30,21,-1.2707006128885017
Dark,bHLH_1:20554334-20554583_reference_binding_2431,0.417647,170,2,2,153,36,-2.275596585471573
Dark,bHLH_1:20575572-20575821_binding_1261,0.394118,170,2,22,993,808,-0.15784805158507303
Dark,bHLH_1:20575572-20575821_reference_binding_2756,0.382353,170,2,7,410,405,-0.08540582809958172
Dark,bHLH_1:20587883-20588132_non_binding_880,0.388235,170,2,15,611,878,0.6130483380746351
Dark,bHLH_1:20587883-20588132_reference_binding_2625,0.394118,170,2,11,478,588,0.3663835930513458
Dark,bHLH_1:20625943-20626192_non_binding_761,0.323529,170,2,10,304,315,0.040730937697478944
Dark,bHLH_1:20625943-20626192_reference_binding_2550,0.335294,170,2,10,231,295,0.3979815218956707
Dark,bHLH_1:20651380-20651629_binding_309,0.417647,170,2,24,1162,842,-0.42976603369560473
Dark,bHLH_1:20651380-20651629_reference_binding_2231,0.429412,170,2,17,795,1560,0.8228121334339944
Dark,bHLH_1:20654727-20654976_non_binding_701,0.4,170,2,10,609,185,-1.7204677245078845
Dark,bHLH_1:20654727-20654976_reference_binding_2503,0.394118,170,2,15,669,310,-1.2413959371735568
Dark,bHLH_1:20677307-20677556_non_binding_632,0.429412,170,2,7,336,101,-1.401708662147862
Dark,bHLH_1:20677307-20677556_reference_binding_2449,0.429412,170,2,7,262,108,-1.511880605847058
Dark,bHLH_1:20678774-20679023_binding_1109,0.394118,170,2,7,252,222,-0.2639888216428111
Dark,bHLH_1:20678774-20679023_binding_1151,0.394118,170,2,16,603,467,-0.3548137816633887
Dark,bHLH_1:20678774-20679023_binding_1166,0.388235,170,2,14,526,415,-0.2772372827323337
Dark,bHLH_1:20678774-20679023_binding_1347,0.394118,170,2,11,515,336,-0.4461304925390357
Dark,bHLH_1:20678774-20679023_binding_1390,0.388235,170,2,8,403,391,-0.0027856442610565135
Dark,bHLH_1:20678774-20679023_binding_1402,0.388235,170,2,6,203,154,-0.3672586814377788
Dark,bHLH_1:20678774-20679023_binding_1426,0.388235,170,2,10,313,261,-0.2116733620362657
Dark,bHLH_1:20678774-20679023_binding_1474,0.382353,170,2,10,391,338,-0.21360646368757105
Dark,bHLH_1:20678774-20679023_reference_binding_2722,0.394118,170,2,6,253,213,-0.041250798362845204
Dark,bHLH_1:20681618-20681867_non_binding_1854,0.458824,170,2,2,22,13,-0.6476050119822037
Dark,bHLH_1:20681618-20681867_non_binding_1866,0.464706,170,2,9,382,167,-1.1712400877209503
Dark,bHLH_1:20681618-20681867_reference_binding_2954,0.441176,170,2,5,177,50,-1.5344311561780062
Dark,bHLH_1:20689491-20689740_non_binding_1642,0.447059,170,2,15,746,205,-1.9123691803936556
Dark,bHLH_1:20689491-20689740_reference_binding_2865,0.441176,170,2,8,395,132,-1.7304510900023855
Dark,bHLH_1:20701633-20701882_binding_1019,0.347059,170,2,9,450,1447,1.6933300991875013
Dark,bHLH_1:20701633-20701882_binding_197,0.364706,170,2,14,521,1854,1.7167763625527006
Dark,bHLH_1:20701633-20701882_binding_409,0.388235,170,2,9,365,4018,3.364450777849147
Dark,bHLH_1:20701633-20701882_reference_binding_2163,0.347059,170,2,12,451,1056,1.1562675405678247
Dark,bHLH_1:207017-207266_binding_209,0.488235,170,2,6,212,657,1.8141409819989827
Dark,bHLH_1:207017-207266_binding_37,0.482353,170,2,4,159,554,1.7413172644534667
Dark,bHLH_1:207017-207266_binding_382,0.482353,170,2,10,515,1518,1.6558781640264397
Dark,bHLH_1:207017-207266_reference_binding_2036,0.5,170,2,6,151,504,1.6471413343859083
Dark,bHLH_1:20760984-20761233_reference_binding_2023,0.382353,170,2,1,21,43,0.9945444956895589
Dark,bHLH_1:2076798-2077047_non_binding_1548,0.523529,170,2,15,451,269,-0.7074304417400007
Dark,bHLH_1:2076798-2077047_non_binding_1696,0.529412,170,2,15,616,352,-0.7485483726034639
Dark,bHLH_1:2076798-2077047_reference_binding_2820,0.529412,170,2,12,538,298,-0.6610824458145956
Dark,bHLH_1:20779102-20779351_non_binding_1616,0.411765,170,2,12,509,372,-0.46699096952694696
Dark,bHLH_1:20779102-20779351_reference_binding_2854,0.417647,170,2,10,446,230,-0.8320657589941105
Dark,bHLH_1:20785513-20785762_non_binding_862,0.405882,170,2,12,485,608,0.3062704440209967
Dark,bHLH_1:20785513-20785762_reference_binding_2611,0.417647,170,2,11,410,420,0.10248023804610665
Dark,bHLH_1:20828029-20828278_non_binding_1649,0.347059,170,2,2,102,60,-0.9976862170358991
Dark,bHLH_1:20828029-20828278_reference_binding_2868,0.352941,170,2,2,79,62,-0.20018786704409414
Dark,bHLH_1:20830560-20830809_non_binding_1898,0.370588,170,2,12,621,503,-0.2225291220051537
Dark,bHLH_1:20830560-20830809_non_binding_1901,0.388235,170,2,11,661,525,-0.3042180877356211
Dark,bHLH_1:20830560-20830809_reference_binding_2964,0.376471,170,2,9,335,258,-0.4254498644823226
Dark,bHLH_1:20891503-20891752_non_binding_642,0.452941,170,2,9,545,342,-0.6339198977546414
Dark,bHLH_1:20891503-20891752_reference_binding_2456,0.458824,170,2,2,201,153,-0.03792186502303818
Dark,bHLH_1:209076-209325_non_binding_1709,0.341176,170,1,1,14,5,-1.3944994734458438
Dark,bHLH_1:209076-209325_non_binding_923,0.341176,170,2,1,17,7,-0.680541110493537
Dark,bHLH_1:209076-209325_reference_binding_2655,0.347059,170,2,1,7,9,0.46534430786562075
Dark,bHLH_1:20921681-20921930_non_binding_1542,0.441176,170,2,5,282,88,-1.4362413580258275
Dark,bHLH_1:20921681-20921930_non_binding_709,0.435294,170,2,8,513,172,-1.7276413481528445
Dark,bHLH_1:20921681-20921930_reference_binding_2511,0.435294,170,2,15,774,328,-1.285418578432413
Dark,bHLH_1:21030606-21030855_binding_448,0.352941,170,2,8,430,967,1.1884546458711496
Dark,bHLH_1:21030606-21030855_reference_binding_2305,0.358824,170,2,9,373,955,1.3479832276084904
Dark,bHLH_1:21067397-21067646_non_binding_1634,0.217647,170,2,12,566,1924,1.840962323075415
Dark,bHLH_1:21067397-21067646_non_binding_1732,0.223529,170,2,15,564,1847,1.7208528938990777
Dark,bHLH_1:21067397-21067646_non_binding_1741,0.217647,170,2,16,707,1993,1.657447437390147
Dark,bHLH_1:21067397-21067646_reference_binding_2862,0.223529,170,2,10,266,1085,1.9598994947832946
Dark,bHLH_1:21134030-21134279_non_binding_530,0.352941,170,2,9,341,372,0.3820855548684
Dark,bHLH_1:21134030-21134279_reference_binding_2363,0.347059,170,2,6,243,250,0.15815428408749674
Dark,bHLH_1:21143469-21143718_non_binding_1578,0.458824,170,2,17,610,921,0.5229574754757171
Dark,bHLH_1:21143469-21143718_non_binding_964,0.441176,170,2,16,563,610,0.19700419871645544
Dark,bHLH_1:21143469-21143718_reference_binding_2672,0.452941,170,2,15,714,972,0.40567206327877525
Dark,bHLH_1:212404-212653_non_binding_618,0.405882,170,1,1,31,11,-1.6025360098485988
Dark,bHLH_1:21241938-21242187_binding_1054,0.376471,170,2,5,326,467,0.6906621432811881
Dark,bHLH_1:21241938-21242187_binding_420,0.376471,170,2,7,410,746,0.8749345193088077
Dark,bHLH_1:21241938-21242187_binding_475,0.352941,170,2,7,301,377,0.5311003288661906
Dark,bHLH_1:21241938-21242187_reference_binding_2293,0.376471,170,2,6,259,409,0.631358058803009
Dark,bHLH_1:21243678-21243927_binding_83,0.441176,170,2,15,709,226,-1.2801247131263231
Dark,bHLH_1:21243678-21243927_reference_binding_2078,0.452941,170,2,9,315,136,-1.228540881192214
Dark,bHLH_1:21259608-21259857_non_binding_1571,0.511765,170,2,17,503,348,-0.6054369820363675
Dark,bHLH_1:21259608-21259857_reference_binding_2832,0.505882,170,2,14,401,360,-0.2651858241256315
Dark,bHLH_1:21264672-21264921_non_binding_1736,0.429412,170,2,11,436,667,0.6306412658080061
Dark,bHLH_1:21264672-21264921_non_binding_513,0.429412,170,2,8,314,304,0.047223435336557096
Dark,bHLH_1:21264672-21264921_reference_binding_2346,0.435294,170,2,13,437,631,0.4884175178185238
Dark,bHLH_1:2132912-2133161_non_binding_1505,0.417647,170,2,8,274,209,-0.32126847245923207
Dark,bHLH_1:2132912-2133161_reference_binding_2797,0.411765,170,2,14,518,535,0.05671771651278293
Dark,bHLH_1:21336942-21337191_non_binding_531,0.405882,170,2,14,777,994,0.3855884032104169
Dark,bHLH_1:21336942-21337191_non_binding_966,0.4,170,2,18,860,955,0.183203973222743
Dark,bHLH_1:21336942-21337191_reference_binding_2364,0.411765,170,2,11,476,269,-0.5781661016139928
Dark,bHLH_1:21372506-21372755_non_binding_905,0.458824,170,2,18,692,500,-0.5376926085902254
Dark,bHLH_1:21372506-21372755_reference_binding_2643,0.464706,170,2,23,948,612,-0.586043147274809
Dark,bHLH_1:2139753-2140002_non_binding_860,0.517647,170,2,11,432,491,0.21036114369508682
Dark,bHLH_1:2139753-2140002_reference_binding_2610,0.517647,170,2,10,355,557,0.6598048582311171
Dark,bHLH_1:21410680-21410929_binding_148,0.458824,170,2,13,458,876,1.0137978043284994
Dark,bHLH_1:21410680-21410929_binding_244,0.464706,170,2,7,297,378,0.5407461273265529
Dark,bHLH_1:21410680-21410929_binding_430,0.464706,170,2,6,210,213,-0.06508083579205085
Dark,bHLH_1:21410680-21410929_reference_binding_2130,0.470588,170,2,8,395,320,-0.16204845222926562
Dark,bHLH_1:21430117-21430366_binding_1326,0.464706,170,2,10,441,355,-0.18118572899826496
Dark,bHLH_1:21430117-21430366_binding_354,0.464706,170,2,8,363,215,-0.7245032965425727
Dark,bHLH_1:21430117-21430366_binding_40,0.452941,170,2,7,373,106,-1.827918074607572
Dark,bHLH_1:21430117-21430366_binding_442,0.470588,170,2,5,221,125,-0.8987214848328503
Dark,bHLH_1:21430117-21430366_reference_binding_2038,0.458824,170,2,10,331,156,-1.116445549095236
Dark,bHLH_1:21456929-21457178_non_binding_1530,0.511765,170,2,10,604,224,-1.4452359867503004
Dark,bHLH_1:21456929-21457178_reference_binding_2808,0.517647,170,2,9,502,147,-1.7215590863540178
Dark,bHLH_1:215276-215525_binding_19,0.488235,170,2,15,937,602,-0.6219609265735827
Dark,bHLH_1:215276-215525_binding_468,0.482353,170,2,12,611,386,-0.5331305342469864
Dark,bHLH_1:215276-215525_reference_binding_2019,0.505882,170,2,9,282,278,0.10486310529152376
Dark,bHLH_1:21534711-21534960_non_binding_1601,0.382353,170,2,7,237,289,0.26538980849296157
Dark,bHLH_1:21534711-21534960_reference_binding_2845,0.382353,170,2,10,278,304,0.020138245073067274
Dark,bHLH_1:21724619-21724868_non_binding_751,0.317647,170,2,10,465,305,-0.7088630723388389
Dark,bHLH_1:21724619-21724868_non_binding_762,0.3,170,2,7,162,110,-0.5126527715614094
Dark,bHLH_1:21724619-21724868_non_binding_844,0.305882,170,2,6,213,72,-1.207583718509704
Dark,bHLH_1:21724619-21724868_reference_binding_2541,0.311765,170,2,10,589,205,-1.1113453509577127
Dark,bHLH_1:2181467-2181716_binding_1177,0.347059,170,2,7,150,104,-0.44869161651809464
Dark,bHLH_1:2181467-2181716_reference_binding_2741,0.352941,170,2,17,403,317,-0.4168853940026721
Dark,bHLH_1:21877293-21877542_binding_1153,0.358824,170,2,5,122,250,0.9955334263935319
Dark,bHLH_1:21877293-21877542_reference_binding_2737,0.352941,170,2,5,75,81,0.24060523556168412
Dark,bHLH_1:21897124-21897373_non_binding_1973,0.335294,170,2,7,330,189,-0.9400597734536333
Dark,bHLH_1:21897124-21897373_reference_binding_2984,0.329412,170,2,10,416,311,-0.33384779101641704
Dark,bHLH_1:21909377-21909626_non_binding_670,0.435294,170,2,1,31,5,-2.344320272030387
Dark,bHLH_1:21909377-21909626_reference_binding_2479,0.435294,170,2,2,42,28,-0.5877708551968407
Dark,bHLH_1:219164-219413_binding_1107,0.5,170,2,6,381,92,-1.868529539897383
Dark,bHLH_1:219164-219413_reference_binding_2721,0.494118,170,2,10,425,755,0.7907596332369986
Dark,bHLH_1:21923716-21923965_non_binding_1764,0.364706,170,2,3,155,220,0.48690908552302037
Dark,bHLH_1:21923716-21923965_reference_binding_2915,0.352941,170,2,10,285,436,0.6036851061991647
Dark,bHLH_1:2192973-2193222_binding_1373,0.423529,170,2,1,5,6,-0.07041634082503834
Dark,bHLH_1:2192973-2193222_reference_binding_2784,0.429412,170,2,3,75,52,-0.13255750876833822
Dark,bHLH_1:21940841-21941090_binding_1108,0.423529,170,2,5,134,110,-0.38643958011666246
Dark,bHLH_1:21940841-21941090_binding_123,0.417647,170,2,5,251,70,-1.7598090175543808
Dark,bHLH_1:21940841-21941090_binding_1263,0.429412,170,2,8,397,292,-0.2432738365419118
Dark,bHLH_1:21940841-21941090_binding_1457,0.417647,170,2,7,221,132,-0.7537034080986955
Dark,bHLH_1:21940841-21941090_non_binding_686,0.423529,170,2,3,148,38,-2.106637424604992
Dark,bHLH_1:21940841-21941090_reference_binding_2111,0.423529,170,2,4,225,59,-1.7065524184724858
Dark,bHLH_1:21976546-21976795_non_binding_881,0.370588,170,2,21,906,1316,0.5525886211966432
Dark,bHLH_1:21976546-21976795_reference_binding_2626,0.376471,170,2,25,788,2325,1.4382675994603233
Dark,bHLH_1:21981881-21982130_non_binding_749,0.429412,170,2,7,310,169,-0.8585011134042926
Dark,bHLH_1:21981881-21982130_reference_binding_2539,0.435294,170,2,18,836,397,-1.1152830922295052
Dark,bHLH_1:2198605-2198854_non_binding_1993,0.470588,170,2,4,138,84,-0.7916136014941144
Dark,bHLH_1:2198605-2198854_reference_binding_2987,0.494118,170,2,8,327,212,-0.48935996795181713
Dark,bHLH_1:22054888-22055137_non_binding_1521,0.488235,170,2,6,335,125,-1.2454579482886443
Dark,bHLH_1:22054888-22055137_non_binding_903,0.488235,170,2,10,509,160,-1.5419883122322302
Dark,bHLH_1:22054888-22055137_reference_binding_2641,0.488235,170,2,8,414,157,-1.2420485739812857
Dark,bHLH_1:22065053-22065302_binding_333,0.394118,170,2,18,676,849,0.2486460470573939
Dark,bHLH_1:22065053-22065302_binding_484,0.4,170,2,12,533,598,0.2939597776584786
Dark,bHLH_1:22065053-22065302_reference_binding_2243,0.394118,170,2,12,415,426,-0.08527343459913597
Dark,bHLH_1:2206671-2206920_non_binding_608,0.411765,170,2,3,173,327,1.13383475491453
Dark,bHLH_1:2206671-2206920_reference_binding_2429,0.411765,170,2,8,164,883,2.268304943165908
Dark,bHLH_1:22080568-22080817_non_binding_944,0.329412,170,1,1,10,15,0.6758898544455538
Dark,bHLH_1:22101706-22101955_non_binding_710,0.5,170,2,12,617,370,-0.6651369350704373
Dark,bHLH_1:22101706-22101955_non_binding_835,0.488235,170,2,6,249,147,-0.7161072440318179
Dark,bHLH_1:22101706-22101955_reference_binding_2512,0.5,170,2,12,709,633,-0.23609510828145402
Dark,bHLH_1:22103296-22103545_non_binding_755,0.370588,170,2,8,387,211,-0.8872308440454275
Dark,bHLH_1:22103296-22103545_non_binding_933,0.376471,170,2,13,554,227,-1.1025921281033055
Dark,bHLH_1:22103296-22103545_reference_binding_2545,0.376471,170,2,16,744,354,-0.9312217358090757
Dark,bHLH_1:22104124-22104373_binding_1405,0.541176,170,2,3,118,124,0.1176407711461159
Dark,bHLH_1:22104124-22104373_binding_1490,0.541176,170,2,2,147,121,-0.15790020932332602
Dark,bHLH_1:22104124-22104373_reference_binding_2788,0.547059,170,2,2,70,130,0.7492697418514971
Dark,bHLH_1:22119528-22119777_non_binding_1580,0.447059,170,2,14,642,644,0.019306749062662013
Dark,bHLH_1:22119528-22119777_reference_binding_2834,0.452941,170,2,19,914,781,0.007835523763967997
Dark,bHLH_1:22127552-22127801_non_binding_1697,0.329412,170,2,19,1025,1130,0.14634556608674096
Dark,bHLH_1:22127552-22127801_reference_binding_2887,0.335294,170,2,6,209,427,1.0227045385862996
Dark,bHLH_1:22137705-22137954_binding_1086,0.294118,170,2,10,269,468,0.7611636198215008
Dark,bHLH_1:22137705-22137954_binding_65,0.3,170,2,19,618,895,0.5580806409191311
Dark,bHLH_1:22137705-22137954_reference_binding_2061,0.3,170,2,16,623,1064,0.7612402812753354
Dark,bHLH_1:2214797-2215046_non_binding_1872,0.323529,170,2,21,658,1114,0.786478488730697
Dark,bHLH_1:2214797-2215046_non_binding_542,0.323529,170,2,10,431,613,0.39194682018546867
Dark,bHLH_1:2214797-2215046_non_binding_668,0.329412,170,2,16,616,633,0.2262877880139345
Dark,bHLH_1:2214797-2215046_reference_binding_2375,0.329412,170,2,15,591,1068,0.8822836803226182
Dark,bHLH_1:22164027-22164276_non_binding_636,0.335294,170,2,14,563,6277,3.433824992373304
Dark,bHLH_1:22164027-22164276_non_binding_955,0.347059,170,2,9,438,3624,3.0710010034225164
Dark,bHLH_1:22164027-22164276_reference_binding_2453,0.335294,170,2,9,325,4785,3.838186525378007
Dark,bHLH_1:22184575-22184824_binding_95,0.429412,170,2,9,474,375,-0.3142027506078011
Dark,bHLH_1:22184575-22184824_reference_binding_2089,0.447059,170,2,8,437,284,-0.6604948555859586
Dark,bHLH_1:22212187-22212436_non_binding_1579,0.523529,170,2,25,1325,664,-0.9118713259035433
Dark,bHLH_1:22212187-22212436_non_binding_771,0.535294,170,2,18,985,495,-1.1286618366377281
Dark,bHLH_1:22212187-22212436_non_binding_851,0.541176,170,2,21,904,378,-1.3049419931019168
Dark,bHLH_1:22212187-22212436_reference_binding_2556,0.529412,170,2,18,750,379,-1.0994474715760996
Dark,bHLH_1:22217626-22217875_non_binding_699,0.417647,170,2,10,515,445,-0.03350223384092396
Dark,bHLH_1:22217626-22217875_non_binding_987,0.417647,170,2,13,651,528,-0.2605106002824631
Dark,bHLH_1:22217626-22217875_reference_binding_2501,0.417647,170,2,11,430,186,-1.1146068577096542
Dark,bHLH_1:22265312-22265561_binding_257,0.394118,170,2,6,153,94,-0.6395351820018279
Dark,bHLH_1:22265312-22265561_binding_9,0.376471,170,2,3,106,103,-0.10768242641966622
Dark,bHLH_1:22265312-22265561_reference_binding_2009,0.376471,170,2,6,141,112,-0.23971851598574365
Dark,bHLH_1:22279728-22279977_non_binding_794,0.464706,170,2,12,613,335,-0.8235171587237904
Dark,bHLH_1:22279728-22279977_reference_binding_2574,0.470588,170,2,7,532,152,-1.6116179535086776
Dark,bHLH_1:22284313-22284562_non_binding_1959,0.464706,170,2,15,685,279,-1.2480984482917958
Dark,bHLH_1:22284313-22284562_reference_binding_2979,0.464706,170,2,9,498,177,-1.4735961187932762
Dark,bHLH_1:22312060-22312309_binding_1141,0.458824,170,2,18,788,352,-1.193614486330842
Dark,bHLH_1:22312060-22312309_binding_364,0.423529,170,2,16,691,555,-0.44893016582199896
Dark,bHLH_1:22312060-22312309_reference_binding_2260,0.464706,170,2,25,1117,1014,-0.13833003411881034
Dark,bHLH_1:22319304-22319553_non_binding_573,0.358824,170,2,11,611,307,-0.8918984388726631
Dark,bHLH_1:22319304-22319553_reference_binding_2398,0.358824,170,2,5,294,189,-0.5870261084754667
Dark,bHLH_1:22341210-22341459_binding_224,0.441176,170,2,9,492,218,-1.2470387070712712
Dark,bHLH_1:22341210-22341459_reference_binding_2181,0.429412,170,2,15,688,771,0.13928684333725228
Dark,bHLH_1:22355648-22355897_non_binding_773,0.470588,170,2,4,176,36,-2.2527109643357184
Dark,bHLH_1:22355648-22355897_non_binding_959,0.464706,170,2,3,185,37,-1.9439669192776474
Dark,bHLH_1:22355648-22355897_reference_binding_2558,0.458824,170,2,1,36,17,-1.1218480169508853
Dark,bHLH_1:22382548-22382797_binding_330,0.411765,170,2,13,561,687,0.22558005204436338
Dark,bHLH_1:22382548-22382797_binding_365,0.429412,170,2,5,298,309,0.09969605708264503
Dark,bHLH_1:22382548-22382797_reference_binding_2242,0.435294,170,2,13,387,531,0.7126602355327099
Dark,bHLH_1:22414140-22414389_non_binding_1625,0.364706,170,2,4,62,91,0.5053427768848051
Dark,bHLH_1:22414140-22414389_non_binding_1683,0.364706,170,2,2,49,33,-0.42045814068858034
Dark,bHLH_1:22414140-22414389_non_binding_1819,0.364706,170,2,7,216,138,-0.6121119074280232
Dark,bHLH_1:22414140-22414389_non_binding_1844,0.364706,170,2,5,60,84,0.16242369266708462
Dark,bHLH_1:22414140-22414389_non_binding_615,0.370588,170,2,4,118,147,0.1023525111228359
Dark,bHLH_1:22414140-22414389_reference_binding_2436,0.370588,170,2,8,184,143,0.04654878476822277
Dark,bHLH_1:22445916-22446165_binding_413,0.464706,170,2,10,509,202,-1.274731567960965
Dark,bHLH_1:22445916-22446165_reference_binding_2289,0.482353,170,2,12,364,185,-0.8949560887287012
Dark,bHLH_1:22468869-22469118_non_binding_904,0.376471,170,2,13,522,262,-1.0228235162954666
Dark,bHLH_1:22468869-22469118_non_binding_912,0.370588,170,2,18,1010,510,-1.018787992131423
Dark,bHLH_1:22468869-22469118_reference_binding_2642,0.376471,170,2,11,406,214,-0.6789944333167478
Dark,bHLH_1:22475653-22475902_binding_1173,0.464706,170,2,15,580,252,-1.4191914817670672
Dark,bHLH_1:22475653-22475902_binding_80,0.452941,170,2,20,691,291,-1.2971503672574651
Dark,bHLH_1:22475653-22475902_reference_binding_2076,0.476471,170,2,6,336,108,-1.607888706443541
Dark,bHLH_1:2248012-2248261_non_binding_703,0.517647,170,2,7,290,109,-1.4808938276198946
Dark,bHLH_1:2248012-2248261_reference_binding_2505,0.511765,170,2,18,816,710,-0.22216708306321592
Dark,bHLH_1:22492035-22492284_binding_107,0.423529,170,2,10,298,208,-0.29624991739026413
Dark,bHLH_1:22492035-22492284_binding_1139,0.417647,170,2,6,357,243,-0.5478127849970587
Dark,bHLH_1:22492035-22492284_binding_1481,0.411765,170,2,18,560,379,-0.4124134369025662
Dark,bHLH_1:22492035-22492284_binding_219,0.417647,170,2,12,478,438,-0.22298095683532035
Dark,bHLH_1:22492035-22492284_reference_binding_2098,0.411765,170,2,21,997,1019,0.11533634138667079
Dark,bHLH_1:22510240-22510489_binding_236,0.464706,170,2,13,627,392,-0.5265433654556296
Dark,bHLH_1:22510240-22510489_binding_326,0.458824,170,2,10,443,313,-0.5814465235872307
Dark,bHLH_1:22510240-22510489_reference_binding_2191,0.452941,170,2,8,335,314,-0.27071688424900786
Dark,bHLH_1:22636321-22636570_non_binding_831,0.358824,170,2,8,423,303,-0.3229207285953538
Dark,bHLH_1:22636321-22636570_reference_binding_2592,0.358824,170,2,10,416,343,-0.3100905356599495
Dark,bHLH_1:22652488-22652737_non_binding_725,0.411765,170,2,2,19,16,0.46843119167572095
Dark,bHLH_1:22652488-22652737_non_binding_728,0.417647,170,2,4,158,174,0.1692636665050389
Dark,bHLH_1:22652488-22652737_reference_binding_2523,0.411765,170,2,4,191,442,1.23770036769822
Dark,bHLH_1:22710963-22711212_non_binding_1676,0.4,170,2,9,384,257,-0.7367813146189727
Dark,bHLH_1:22710963-22711212_reference_binding_2882,0.394118,170,2,11,532,211,-1.3177973892760313
Dark,bHLH_1:2272710-2272959_binding_1058,0.429412,170,2,4,149,64,-1.0007736155998808
Dark,bHLH_1:2272710-2272959_binding_410,0.423529,170,2,6,192,155,-0.36855415277400316
Dark,bHLH_1:2272710-2272959_binding_474,0.435294,170,2,4,181,126,-0.6885692495295175
Dark,bHLH_1:2272710-2272959_reference_binding_2286,0.435294,170,2,7,241,149,-0.8215007481648943
Dark,bHLH_1:22801122-22801371_non_binding_1506,0.276471,170,2,9,446,1371,1.6662890559075028
Dark,bHLH_1:22801122-22801371_non_binding_926,0.276471,170,2,10,364,1533,2.072939225225109
Dark,bHLH_1:22801122-22801371_reference_binding_2657,0.276471,170,2,7,344,1638,2.1866546831265574
Dark,bHLH_1:22812917-22813166_binding_1045,0.352941,170,2,8,425,241,-0.7973669455615091
Dark,bHLH_1:22812917-22813166_binding_1268,0.341176,170,2,10,443,440,-0.08115111938127403
Dark,bHLH_1:22812917-22813166_binding_1438,0.358824,170,2,10,679,435,-0.5835173890409802
Dark,bHLH_1:22812917-22813166_reference_binding_2699,0.347059,170,2,11,543,406,-0.41150465428934524
Dark,bHLH_1:22823161-22823410_binding_300,0.329412,170,2,12,749,462,-0.7156559331704929
Dark,bHLH_1:22823161-22823410_reference_binding_2226,0.317647,170,2,5,211,146,-0.6029432014296698
Dark,bHLH_1:2286728-2286977_binding_247,0.388235,170,2,4,234,137,-0.8174649067064949
Dark,bHLH_1:2286728-2286977_binding_369,0.388235,170,2,10,521,212,-0.9577100055308785
Dark,bHLH_1:2286728-2286977_binding_436,0.388235,170,2,5,185,177,-0.09724391968310836
Dark,bHLH_1:2286728-2286977_reference_binding_2198,0.388235,170,1,1,12,38,1.5551936946234086
Dark,bHLH_1:22897270-22897519_non_binding_942,0.423529,170,2,9,441,150,-1.5097908398674464
Dark,bHLH_1:22897270-22897519_reference_binding_2663,0.423529,170,2,9,485,137,-1.4530236182297962
Dark,bHLH_1:22922302-22922551_binding_391,0.452941,170,2,26,1166,421,-1.6410805580012684
Dark,bHLH_1:22922302-22922551_reference_binding_2274,0.470588,170,2,11,941,240,-1.88201972016972
Dark,bHLH_1:22945622-22945871_binding_1041,0.394118,170,2,16,651,909,0.46667454485885773
Dark,bHLH_1:22945622-22945871_binding_418,0.388235,170,2,17,574,487,-0.2315822906050492
Dark,bHLH_1:22945622-22945871_binding_465,0.388235,170,2,15,549,741,0.27146767341467565
Dark,bHLH_1:22945622-22945871_reference_binding_2291,0.4,170,2,21,931,1069,0.2271348562568925
Dark,bHLH_1:23015182-23015431_non_binding_1669,0.276471,170,2,16,566,803,0.6259484127735572
Dark,bHLH_1:23015182-23015431_reference_binding_2879,0.282353,170,2,15,425,621,0.4513904060887292
Dark,bHLH_1:23075435-23075684_non_binding_604,0.370588,170,2,12,515,1729,1.8906623872693245
Dark,bHLH_1:23075435-23075684_reference_binding_2425,0.370588,170,2,13,378,1926,2.445215957498302
Dark,bHLH_1:23135004-23135253_non_binding_1963,0.305882,170,2,10,312,385,0.2245443265822355
Dark,bHLH_1:23135004-23135253_reference_binding_2980,0.294118,170,2,3,79,85,0.22566815148534203
Dark,bHLH_1:23229389-23229638_binding_96,0.458824,170,2,5,162,101,-0.8405327157150219
Dark,bHLH_1:23229389-23229638_reference_binding_2090,0.447059,170,2,13,722,393,-0.6239752218089438
Dark,bHLH_1:23231263-23231512_non_binding_1547,0.505882,170,2,18,656,1065,0.6114634606265075
Dark,bHLH_1:23231263-23231512_reference_binding_2819,0.505882,170,2,11,515,369,-0.30509951424152726
Dark,bHLH_1:23279101-23279350_non_binding_625,0.388235,170,2,10,361,752,1.0345029941712307
Dark,bHLH_1:23279101-23279350_reference_binding_2443,0.394118,170,2,20,668,1003,0.6462617618519501
Dark,bHLH_1:23374349-23374598_non_binding_682,0.282353,170,2,11,307,492,0.561002895193331
Dark,bHLH_1:23374349-23374598_reference_binding_2489,0.288235,170,2,4,172,291,0.7430748447801259
Dark,bHLH_1:2338279-2338528_binding_269,0.423529,170,2,10,283,222,-0.4046802122045229
Dark,bHLH_1:2338279-2338528_reference_binding_2209,0.435294,170,2,10,425,340,-0.40960198825591754
Dark,bHLH_1:23408110-23408359_non_binding_521,0.305882,170,2,7,228,736,1.716174857525151
Dark,bHLH_1:23408110-23408359_reference_binding_2354,0.3,170,2,9,435,488,0.15002487623998895
Dark,bHLH_1:23428003-23428252_non_binding_631,0.352941,170,2,4,50,46,-0.24703637140380538
Dark,bHLH_1:23428003-23428252_reference_binding_2448,0.347059,170,2,3,66,29,-0.8652520457351865
Dark,bHLH_1:23441618-23441867_non_binding_1892,0.4,170,2,4,164,496,1.681854718585325
Dark,bHLH_1:23441618-23441867_reference_binding_2963,0.405882,170,2,7,286,458,0.6971228950536881
Dark,bHLH_1:23448736-23448985_non_binding_1564,0.4,170,2,15,552,1914,1.7588274913237782
Dark,bHLH_1:23448736-23448985_non_binding_661,0.4,170,2,12,411,1054,1.4247121107979128
Dark,bHLH_1:23448736-23448985_reference_binding_2472,0.405882,170,2,15,578,1688,1.5278544889519599
Dark,bHLH_1:2348582-2348831_binding_50,0.405882,170,2,9,269,479,0.715855330528498
Dark,bHLH_1:2348582-2348831_reference_binding_2046,0.411765,170,2,15,418,750,0.6850678776145165
Dark,bHLH_1:23520865-23521114_non_binding_1585,0.358824,170,2,3,170,182,0.39163724333476274
Dark,bHLH_1:23520865-23521114_non_binding_1791,0.358824,170,2,11,515,926,0.7523168209190183
Dark,bHLH_1:23520865-23521114_reference_binding_2837,0.364706,170,2,2,63,102,0.7563576941894905
Dark,bHLH_1:23534909-23535158_binding_185,0.423529,170,2,5,152,224,0.8751702596037234
Dark,bHLH_1:23534909-23535158_reference_binding_2155,0.452941,170,2,2,23,42,0.5170574167839367
Dark,bHLH_1:23580328-23580577_non_binding_1818,0.429412,170,2,8,302,357,0.22792855321792677
Dark,bHLH_1:23580328-23580577_reference_binding_2942,0.411765,170,2,8,232,241,0.13511890942839969
Dark,bHLH_1:2359902-2360151_binding_1118,0.505882,170,2,17,683,490,-0.5991938527550292
Dark,bHLH_1:2359902-2360151_binding_1127,0.494118,170,2,29,1649,643,-1.4426429344767664
Dark,bHLH_1:2359902-2360151_binding_1178,0.494118,170,2,10,544,207,-1.2398836009215644
Dark,bHLH_1:2359902-2360151_binding_277,0.494118,170,2,10,544,293,-0.7632868305780846
Dark,bHLH_1:2359902-2360151_reference_binding_2210,0.511765,170,2,9,637,260,-1.344485752869002
Dark,bHLH_1:23614576-23614825_binding_1008,0.547059,170,2,18,863,444,-0.9277070499064507
Dark,bHLH_1:23614576-23614825_non_binding_1526,0.547059,170,2,3,101,54,-0.9014054971623953
Dark,bHLH_1:23614576-23614825_non_binding_1555,0.541176,170,2,6,360,129,-1.3812477544669644
Dark,bHLH_1:23614576-23614825_reference_binding_2685,0.541176,170,2,5,318,171,-0.8512639349166375
Dark,bHLH_1:23639342-23639591_non_binding_738,0.317647,170,2,6,420,306,-0.5413298105691143
Dark,bHLH_1:23639342-23639591_reference_binding_2530,0.323529,170,2,15,463,381,-0.10575367029441649
Dark,bHLH_1:23687871-23688120_non_binding_1537,0.364706,170,2,9,424,79,-1.8389088022428268
Dark,bHLH_1:23687871-23688120_non_binding_847,0.364706,170,2,8,534,117,-2.216265005835541
Dark,bHLH_1:23687871-23688120_reference_binding_2601,0.364706,170,2,10,809,168,-1.981149820468442
Dark,bHLH_1:23689032-23689281_binding_12,0.352941,170,2,15,640,949,0.5280406510081301
Dark,bHLH_1:23689032-23689281_non_binding_864,0.335294,170,2,4,185,61,-1.7591774476543987
Dark,bHLH_1:23689032-23689281_reference_binding_2012,0.323529,170,2,3,124,61,-1.0653789440720576
Dark,bHLH_1:2370234-2370483_binding_1124,0.476471,170,2,20,788,566,-0.3548386008468989
Dark,bHLH_1:2370234-2370483_binding_1307,0.464706,170,2,15,450,382,-0.35320012005309476
Dark,bHLH_1:2370234-2370483_reference_binding_2725,0.470588,170,2,9,222,91,-0.77835325193304294
Dark,bHLH_1:23704100-23704349_binding_1212,0.352941,170,2,7,301,365,0.48975902210883754
Dark,bHLH_1:23704100-23704349_binding_1296,0.347059,170,2,3,85,107,0.27087030784875105
Dark,bHLH_1:23704100-23704349_binding_1485,0.347059,170,2,7,255,653,1.4239642552415235
Dark,bHLH_1:23704100-23704349_binding_427,0.352941,170,2,8,230,341,0.4569319965449413
Dark,bHLH_1:23704100-23704349_reference_binding_2295,0.352941,170,2,9,270,264,0.20315176846894897
Dark,bHLH_1:23717662-23717911_non_binding_1608,0.458824,170,2,16,744,436,-0.7199475736427108
Dark,bHLH_1:23717662-23717911_non_binding_846,0.464706,170,2,12,550,310,-0.7633479503477074
Dark,bHLH_1:23717662-23717911_non_binding_937,0.464706,170,2,9,373,245,-0.6643952435810174
Dark,bHLH_1:23717662-23717911_reference_binding_2600,0.464706,170,2,14,684,356,-0.9492811709125806
Dark,bHLH_1:23726451-23726700_non_binding_1813,0.382353,170,2,2,127,48,-1.5129963768532524
Dark,bHLH_1:23740371-23740620_non_binding_714,0.405882,170,2,9,264,550,1.0423249380429844
Dark,bHLH_1:23740371-23740620_reference_binding_2515,0.4,170,2,4,142,164,0.12064629814446166
Dark,bHLH_1:23766069-23766318_non_binding_896,0.323529,170,2,21,935,764,-0.20203276832915906
Dark,bHLH_1:23766069-23766318_reference_binding_2636,0.323529,170,2,7,414,636,0.3378077478000652
Dark,bHLH_1:238359-238608_binding_1080,0.476471,170,2,6,337,188,-1.2337757331953485
Dark,bHLH_1:238359-238608_binding_1196,0.482353,170,2,6,177,73,-1.1959610784662589
Dark,bHLH_1:238359-238608_binding_1244,0.476471,170,2,17,588,233,-1.3636501718857854
Dark,bHLH_1:238359-238608_binding_455,0.470588,170,2,13,616,319,-0.8887074398283267
Dark,bHLH_1:238359-238608_reference_binding_2311,0.482353,170,2,15,643,271,-1.3278436365637294
Dark,bHLH_1:23845554-23845803_binding_1282,0.435294,170,2,21,849,484,-0.8428935879838497
Dark,bHLH_1:23845554-23845803_binding_1460,0.435294,170,2,10,344,184,-1.0113201279919057
Dark,bHLH_1:23845554-23845803_reference_binding_2764,0.435294,170,2,10,477,291,-0.7732961267080403
Dark,bHLH_1:23853726-23853975_binding_297,0.5,170,2,13,502,622,0.1495389521896079
Dark,bHLH_1:23853726-23853975_non_binding_857,0.470588,170,2,7,325,353,0.25526310510993494
Dark,bHLH_1:23853726-23853975_reference_binding_2225,0.482353,170,2,13,656,602,-0.16613521834761116
Dark,bHLH_1:23866038-23866287_non_binding_1568,0.429412,170,2,7,193,193,0.1481569604425037
Dark,bHLH_1:23866038-23866287_non_binding_1658,0.435294,170,2,4,253,231,0.0536613334889465
Dark,bHLH_1:23866038-23866287_reference_binding_2830,0.435294,170,2,9,568,348,-0.842977648979313
Dark,bHLH_1:23903123-23903372_binding_295,0.358824,170,2,4,179,59,-1.0306822937896296
Dark,bHLH_1:23903123-23903372_binding_306,0.364706,170,2,13,537,376,-0.5870953847867846
Dark,bHLH_1:23903123-23903372_binding_318,0.358824,170,2,4,194,106,-0.9861261800930946
Dark,bHLH_1:23903123-23903372_binding_346,0.352941,170,2,7,326,206,-0.5463328369158287
Dark,bHLH_1:23903123-23903372_reference_binding_2223,0.370588,170,2,8,280,198,-0.5682491400609063
Dark,bHLH_1:23908379-23908628_non_binding_693,0.382353,170,2,16,841,846,0.16685172333474346
Dark,bHLH_1:23908379-23908628_reference_binding_2497,0.382353,170,2,15,589,777,0.2656738056590343
Dark,bHLH_1:23912722-23912971_binding_100,0.341176,170,2,11,461,508,0.11515471498373847
Dark,bHLH_1:23912722-23912971_reference_binding_2092,0.341176,170,2,22,1003,1035,0.010978883122749361
Dark,bHLH_1:239379-239628_binding_308,0.305882,170,2,9,367,251,-0.34739523972217917
Dark,bHLH_1:239379-239628_non_binding_891,0.3,170,2,10,338,555,0.7216533749466576
Dark,bHLH_1:239379-239628_reference_binding_2230,0.305882,170,2,14,537,1025,1.0046386877512927
Dark,bHLH_1:24010023-24010272_non_binding_567,0.388235,170,2,12,370,247,-0.7556607593523001
Dark,bHLH_1:24010023-24010272_non_binding_747,0.382353,170,2,11,450,298,-0.6803543013117672
Dark,bHLH_1:24010023-24010272_reference_binding_2394,0.388235,170,2,14,576,390,-0.35568806122913454
Dark,bHLH_1:24023134-24023383_non_binding_1504,0.423529,170,2,7,245,164,-0.4018998521689282
Dark,bHLH_1:24023134-24023383_non_binding_1650,0.429412,170,2,5,242,140,-0.55689308322847475
Dark,bHLH_1:24023134-24023383_reference_binding_2796,0.423529,170,2,3,110,111,-0.058722296672371777
Dark,bHLH_1:24040149-24040398_binding_223,0.488235,170,2,3,280,127,-1.0811377241416835
Dark,bHLH_1:24040149-24040398_binding_299,0.476471,170,2,1,39,22,-0.8612601654409312
Dark,bHLH_1:24040149-24040398_reference_binding_2180,0.505882,170,2,2,50,35,-0.48102574576712187
Dark,bHLH_1:24045068-24045317_non_binding_656,0.488235,170,2,9,375,229,-0.9164338051009251
Dark,bHLH_1:24045068-24045317_non_binding_726,0.494118,170,2,19,904,330,-1.641900571079514
Dark,bHLH_1:24045068-24045317_reference_binding_2467,0.494118,170,2,13,686,210,-1.572662630677017
Dark,bHLH_1:24047691-24047940_binding_1081,0.441176,170,2,5,153,102,-0.7583753475715033
Dark,bHLH_1:24047691-24047940_binding_1452,0.435294,170,2,10,364,293,-0.24179558277326219
Dark,bHLH_1:24047691-24047940_binding_159,0.429412,170,2,6,273,228,-0.2570346814315661
Dark,bHLH_1:24047691-24047940_binding_220,0.429412,170,2,12,402,291,-0.4858319262495263
Dark,bHLH_1:24047691-24047940_binding_469,0.429412,170,2,3,75,86,0.2625238156401919
Dark,bHLH_1:24047691-24047940_reference_binding_2140,0.447059,170,2,11,352,297,-0.34021243344513574
Dark,bHLH_1:24050331-24050580_non_binding_1684,0.452941,170,2,13,672,278,-1.2670187914057747
Dark,bHLH_1:24050331-24050580_non_binding_1705,0.458824,170,2,7,367,142,-1.3368071227506577
Dark,bHLH_1:24050331-24050580_reference_binding_2883,0.458824,170,2,15,828,332,-1.2208091958004732
Dark,bHLH_1:24074590-24074839_binding_206,0.388235,170,2,7,155,64,-1.2882111583607936
Dark,bHLH_1:24074590-24074839_non_binding_776,0.376471,170,2,3,151,51,-1.497603203780536
Dark,bHLH_1:24074590-24074839_non_binding_991,0.388235,170,2,9,255,128,-1.3665053850835702
Dark,bHLH_1:24074590-24074839_reference_binding_2171,0.376471,170,2,11,388,212,-0.9755155568029477
Dark,bHLH_1:24103440-24103689_non_binding_1572,0.458824,170,2,10,480,204,-1.3399785744045716
Dark,bHLH_1:24103440-24103689_non_binding_874,0.470588,170,2,11,555,220,-1.4297424933205694
Dark,bHLH_1:24103440-24103689_reference_binding_2619,0.464706,170,2,14,490,182,-1.3324278918203292
Dark,bHLH_1:24121249-24121498_non_binding_582,0.470588,170,2,20,858,318,-1.460083039269318
Dark,bHLH_1:24121249-24121498_reference_binding_2405,0.464706,170,2,12,544,192,-1.4467343054582984
Dark,bHLH_1:24132512-24132761_binding_313,0.429412,170,2,10,267,183,-0.5212875948118272
Dark,bHLH_1:24132512-24132761_binding_398,0.435294,170,2,9,355,152,-1.315690809177624
Dark,bHLH_1:24132512-24132761_reference_binding_2235,0.441176,170,2,15,731,417,-0.8443189179949755
Dark,bHLH_1:241725-241974_binding_1123,0.4,170,2,17,526,1021,0.8499618882353641
Dark,bHLH_1:241725-241974_reference_binding_2724,0.405882,170,2,14,602,1316,1.1297640339922412
Dark,bHLH_1:24212066-24212315_non_binding_1861,0.370588,170,2,8,372,363,-0.05471717754805219
Dark,bHLH_1:24212066-24212315_non_binding_1996,0.376471,170,2,2,52,110,1.2933771267378793
Dark,bHLH_1:24212066-24212315_reference_binding_2957,0.370588,170,2,2,44,80,1.4838215181270265
Dark,bHLH_1:24228136-24228385_binding_329,0.464706,170,2,8,427,158,-1.3888775052146354
Dark,bHLH_1:24228136-24228385_reference_binding_2241,0.447059,170,2,12,550,170,-1.5923360124906778
Dark,bHLH_1:24256868-24257117_non_binding_1769,0.311765,170,2,5,117,99,-0.29877221912080976
Dark,bHLH_1:24256868-24257117_reference_binding_2918,0.294118,170,2,2,12,23,0.6683964951200388
Dark,bHLH_1:24267850-24268099_non_binding_1718,0.323529,170,2,4,64,248,2.323151782004431
Dark,bHLH_1:24267850-24268099_reference_binding_2894,0.323529,170,2,6,129,252,0.8728376548084535
Dark,bHLH_1:24320764-24321013_non_binding_1850,0.311765,170,2,13,623,373,-0.510406093959051
Dark,bHLH_1:24320764-24321013_non_binding_1894,0.347059,170,2,7,260,110,-1.2781605929708957
Dark,bHLH_1:24320764-24321013_non_binding_591,0.335294,170,2,11,495,187,-1.4525454542843697
Dark,bHLH_1:24320764-24321013_reference_binding_2414,0.329412,170,2,4,139,71,-1.014946103591438
Dark,bHLH_1:24495997-24496246_non_binding_1816,0.364706,170,2,6,333,129,-1.3079526394003929
Dark,bHLH_1:24495997-24496246_non_binding_1849,0.370588,170,2,8,450,255,-0.6641086018587137
Dark,bHLH_1:24495997-24496246_non_binding_602,0.376471,170,2,7,301,165,-0.7706268566827503
Dark,bHLH_1:24495997-24496246_reference_binding_2423,0.376471,170,2,16,906,477,-0.9379072777533705
Dark,bHLH_1:2449794-2450043_non_binding_1908,0.329412,170,2,25,1236,3041,1.2304413177667675
Dark,bHLH_1:2449794-2450043_non_binding_1957,0.311765,170,2,11,337,915,1.3120949576232634
Dark,bHLH_1:2449794-2450043_reference_binding_2968,0.323529,170,2,13,486,1141,1.21543415991915
Dark,bHLH_1:24518960-24519209_non_binding_712,0.358824,170,2,1,17,32,0.9687566850348323
Dark,bHLH_1:24518960-24519209_non_binding_801,0.364706,170,2,4,81,141,0.9351601131949427
Dark,bHLH_1:24518960-24519209_reference_binding_2514,0.364706,170,2,2,20,23,0.5923949483975135
Dark,bHLH_1:24574451-24574700_non_binding_757,0.482353,170,2,8,274,229,-0.36208625870504507
Dark,bHLH_1:24574451-24574700_reference_binding_2547,0.488235,170,2,6,126,131,0.11554463059284364
Dark,bHLH_1:24578300-24578549_binding_1278,0.452941,170,2,9,657,155,-2.03737950015841
Dark,bHLH_1:24578300-24578549_reference_binding_2761,0.452941,170,2,2,100,40,-1.2467473270303135
Dark,bHLH_1:24611549-24611798_binding_1224,0.417647,170,2,10,297,195,-0.5796827814455912
Dark,bHLH_1:24611549-24611798_binding_1264,0.423529,170,2,20,780,362,-1.0018129525874448
Dark,bHLH_1:24611549-24611798_binding_1338,0.405882,170,2,17,636,296,-1.1269283542043105
Dark,bHLH_1:24611549-24611798_reference_binding_2747,0.417647,170,2,11,561,288,-0.8706821945072154
Dark,bHLH_1:24658307-24658556_binding_359,0.376471,170,2,9,311,923,1.5325530653483543
Dark,bHLH_1:24658307-24658556_non_binding_564,0.352941,170,2,9,453,1826,2.0053338010424886
Dark,bHLH_1:24658307-24658556_reference_binding_2258,0.358824,170,2,20,711,2854,2.215869138216526
Dark,bHLH_1:24686700-24686949_non_binding_590,0.364706,170,1,1,64,9,-2.9378463166567084
Dark,bHLH_1:24686700-24686949_reference_binding_2413,0.364706,170,2,3,92,42,-1.094954336673751
Dark,bHLH_1:24702548-24702797_non_binding_606,0.294118,170,2,3,75,54,-0.10830009463402074
Dark,bHLH_1:24702548-24702797_reference_binding_2427,0.3,170,2,11,370,544,0.54243375234123
Dark,bHLH_1:24731433-24731682_non_binding_595,0.394118,170,2,3,70,70,-0.028553917294175224
Dark,bHLH_1:24731433-24731682_reference_binding_2417,0.394118,170,2,7,163,93,-0.674724029537812
Dark,bHLH_1:24785799-24786048_binding_1183,0.305882,170,2,3,116,115,0.10668324758948353
Dark,bHLH_1:24785799-24786048_non_binding_1598,0.317647,170,2,6,221,134,-0.7699688704781008
Dark,bHLH_1:24785799-24786048_non_binding_778,0.311765,170,2,5,143,140,-0.11857500619945943
Dark,bHLH_1:24785799-24786048_reference_binding_2561,0.311765,170,2,7,153,222,0.3221210259839074
Dark,bHLH_1:24841607-24841856_binding_1203,0.423529,170,2,18,797,238,-1.7274336234976557
Dark,bHLH_1:24841607-24841856_binding_1346,0.417647,170,2,13,730,220,-1.6133709688871738
Dark,bHLH_1:24841607-24841856_binding_59,0.423529,170,2,15,758,277,-1.5012494066730624
Dark,bHLH_1:24841607-24841856_reference_binding_2055,0.411765,170,2,23,1214,351,-1.833250625971489
Dark,bHLH_1:24939619-24939868_non_binding_1589,0.364706,170,2,10,586,570,-0.0029934289556664273
Dark,bHLH_1:24939619-24939868_reference_binding_2839,0.370588,170,2,9,287,385,0.49517433356988694
Dark,bHLH_1:24942374-24942623_non_binding_1596,0.441176,170,2,12,737,251,-1.7066399712662204
Dark,bHLH_1:24942374-24942623_non_binding_515,0.441176,170,2,6,263,67,-1.8581487065769502
Dark,bHLH_1:24942374-24942623_reference_binding_2348,0.447059,170,2,4,261,77,-1.693386331462565
Dark,bHLH_1:24989431-24989680_non_binding_792,0.488235,170,2,16,737,355,-0.9275329586785803
Dark,bHLH_1:24989431-24989680_non_binding_954,0.482353,170,2,17,893,360,-1.1897509354022162
Dark,bHLH_1:24989431-24989680_reference_binding_2572,0.494118,170,2,24,857,407,-1.0881094885682554
Dark,bHLH_1:25000224-25000473_non_binding_1611,0.370588,170,2,9,377,264,-0.5747712103063825
Dark,bHLH_1:25000224-25000473_reference_binding_2851,0.370588,170,2,16,607,476,-0.36078118604813036
Dark,bHLH_1:25040550-25040799_non_binding_789,0.305882,170,2,2,86,39,-0.4765443903030004
Dark,bHLH_1:25040550-25040799_reference_binding_2570,0.317647,170,2,11,400,335,-0.12033059787684366
Dark,bHLH_1:25063666-25063915_non_binding_644,0.470588,170,2,6,312,135,-1.100169802611605
Dark,bHLH_1:25063666-25063915_reference_binding_2458,0.470588,170,2,17,671,429,-0.7019008777158708
Dark,bHLH_1:25083215-25083464_binding_2,0.488235,170,2,6,253,159,-0.5251649816204645
Dark,bHLH_1:25083215-25083464_reference_binding_2002,0.470588,170,2,12,752,262,-1.5453959547434082
Dark,bHLH_1:25105347-25105596_binding_14,0.382353,170,2,5,146,100,-0.5001722352729229
Dark,bHLH_1:25105347-25105596_non_binding_1523,0.382353,170,2,9,356,145,-1.1847653211408813
Dark,bHLH_1:25105347-25105596_non_binding_1843,0.376471,170,2,8,365,278,-0.3169195111404657
Dark,bHLH_1:25105347-25105596_reference_binding_2014,0.382353,170,2,17,751,292,-1.2748067522255948
Dark,bHLH_1:25249774-25250023_non_binding_742,0.405882,170,2,18,715,786,0.018092573950960505
Dark,bHLH_1:25249774-25250023_reference_binding_2534,0.405882,170,2,2,17,39,0.749728446552228
Dark,bHLH_1:2527360-2527609_binding_199,0.511765,170,2,5,232,166,-0.4943121639221155
Dark,bHLH_1:2527360-2527609_reference_binding_2165,0.511765,170,2,10,483,375,-0.43430642707689415
Dark,bHLH_1:25277336-25277585_non_binding_741,0.464706,170,2,12,464,176,-1.2835349978940798
Dark,bHLH_1:25277336-25277585_reference_binding_2533,0.464706,170,2,11,435,295,-0.6294213491900484
Dark,bHLH_1:25280574-25280823_non_binding_1721,0.429412,170,2,10,586,644,0.19381048006634213
Dark,bHLH_1:25280574-25280823_reference_binding_2897,0.429412,170,2,7,323,289,0.023760385107205934
Dark,bHLH_1:25332870-25333119_binding_1247,0.335294,170,2,2,24,39,0.4983768195130497
Dark,bHLH_1:25332870-25333119_binding_1455,0.341176,170,2,2,83,77,0.15906876804142464
Dark,bHLH_1:25332870-25333119_non_binding_786,0.335294,170,2,2,40,34,-0.18530407319199524
Dark,bHLH_1:25332870-25333119_reference_binding_2567,0.347059,170,2,4,101,76,-0.25569842529021825
Dark,bHLH_1:25374058-25374307_binding_1033,0.376471,170,2,5,231,61,-1.4429044602290997
Dark,bHLH_1:25374058-25374307_binding_1049,0.370588,170,2,9,365,90,-1.7357906319126517
Dark,bHLH_1:25374058-25374307_binding_1094,0.370588,170,2,6,281,118,-1.3492601697310154
Dark,bHLH_1:25374058-25374307_binding_1112,0.370588,170,2,2,110,39,-1.5540902878517644
Dark,bHLH_1:25374058-25374307_binding_1241,0.382353,170,2,4,256,89,-1.3348890986863502
Dark,bHLH_1:25374058-25374307_binding_127,0.376471,170,2,10,433,1209,1.407744246823335
Dark,bHLH_1:25374058-25374307_binding_1322,0.376471,170,2,2,59,26,-1.2132288958492223
Dark,bHLH_1:25374058-25374307_binding_1362,0.370588,170,2,1,116,17,-2.213593277003765
Dark,bHLH_1:25374058-25374307_binding_1461,0.364706,170,2,2,117,33,-1.766056862567733
Dark,bHLH_1:25374058-25374307_binding_1476,0.376471,170,2,6,284,77,-1.758473724827355
Dark,bHLH_1:25374058-25374307_binding_66,0.364706,170,2,4,170,206,0.18332748563143525
Dark,bHLH_1:25374058-25374307_binding_98,0.358824,170,2,9,635,294,-1.1493650285577792
Dark,bHLH_1:25374058-25374307_reference_binding_2062,0.376471,170,2,7,270,380,0.5432071240048765
Dark,bHLH_1:25380602-25380851_non_binding_1595,0.376471,170,2,15,582,290,-0.880140878145005
Dark,bHLH_1:25380602-25380851_non_binding_1757,0.370588,170,2,17,978,636,-0.39759647051449065
Dark,bHLH_1:25380602-25380851_non_binding_1780,0.376471,170,2,15,603,675,-0.05237370188527746
Dark,bHLH_1:25380602-25380851_non_binding_1942,0.370588,170,2,18,855,640,-0.29872459144617125
Dark,bHLH_1:25380602-25380851_non_binding_907,0.376471,170,2,10,525,223,-1.0870575825032651
Dark,bHLH_1:25380602-25380851_reference_binding_2645,0.370588,170,2,23,913,558,-0.7441565792023204
Dark,bHLH_1:25382017-25382266_binding_1246,0.364706,170,2,20,776,735,-0.06864760878943646
Dark,bHLH_1:25382017-25382266_binding_1274,0.370588,170,2,13,458,570,0.3106634699212083
Dark,bHLH_1:25382017-25382266_reference_binding_2751,0.376471,170,2,18,589,866,0.47439370232630046
Dark,bHLH_1:25409102-25409351_non_binding_1848,0.347059,170,2,17,570,294,-0.7665734539043976
Dark,bHLH_1:25409102-25409351_non_binding_663,0.341176,170,2,15,648,359,-0.9078479987735119
Dark,bHLH_1:25409102-25409351_reference_binding_2473,0.335294,170,2,23,1006,3035,1.616262697152162
Dark,bHLH_1:25409938-25410187_non_binding_837,0.470588,170,2,4,141,77,-0.4142896713404778
Dark,bHLH_1:25409938-25410187_non_binding_840,0.482353,170,2,2,62,42,-0.7281194227288715
Dark,bHLH_1:25409938-25410187_non_binding_918,0.482353,170,2,3,60,77,0.06415656595937355
Dark,bHLH_1:25409938-25410187_non_binding_938,0.476471,170,2,5,206,146,-0.4830160686876652
Dark,bHLH_1:25409938-25410187_non_binding_983,0.482353,170,2,3,31,27,-0.19449468473012263
Dark,bHLH_1:25409938-25410187_reference_binding_2595,0.482353,170,2,1,11,8,0.20562484386483343
Dark,bHLH_1:25417464-25417713_binding_1248,0.452941,170,2,16,582,730,0.29066768415093336
Dark,bHLH_1:25417464-25417713_reference_binding_2752,0.458824,170,2,28,954,1539,0.7268665872013318
Dark,bHLH_1:25421728-25421977_non_binding_1754,0.388235,170,2,12,441,319,-0.4327476514016492
Dark,bHLH_1:25421728-25421977_non_binding_1792,0.376471,170,2,4,113,150,0.4427215488406402
Dark,bHLH_1:25421728-25421977_non_binding_1838,0.382353,170,2,11,444,557,0.2878924113706546
Dark,bHLH_1:25421728-25421977_non_binding_1845,0.388235,170,2,4,182,190,0.0646406342730514
Dark,bHLH_1:25421728-25421977_non_binding_892,0.417647,170,2,7,260,333,0.3053739022776633
Dark,bHLH_1:25421728-25421977_reference_binding_2634,0.411765,170,2,15,737,633,-0.28238207438397345
Dark,bHLH_1:25441572-25441821_binding_443,0.423529,170,2,12,600,333,-0.9515605279898065
Dark,bHLH_1:25441572-25441821_reference_binding_2300,0.441176,170,2,4,166,106,-0.5102241290410398
Dark,bHLH_1:25449230-25449479_non_binding_879,0.3,170,2,5,242,175,-0.5475174186220305
Dark,bHLH_1:25449230-25449479_reference_binding_2624,0.305882,170,2,7,226,104,-1.1228524655144154
Dark,bHLH_1:25449857-25450106_binding_1318,0.641176,170,2,3,98,32,-1.6082581546054937
Dark,bHLH_1:25449857-25450106_binding_371,0.623529,170,2,8,454,108,-2.035243557221654
Dark,bHLH_1:25449857-25450106_binding_62,0.605882,170,2,2,85,19,-2.1741161942555256
Dark,bHLH_1:25449857-25450106_reference_binding_2058,0.652941,170,2,6,276,81,-1.833073164531542
Dark,bHLH_1:25451346-25451595_non_binding_1680,0.4,170,2,5,117,204,0.6628925196880854
Dark,bHLH_1:25451346-25451595_non_binding_875,0.405882,170,2,5,257,512,0.9625320332686818
Dark,bHLH_1:25451346-25451595_reference_binding_2620,0.405882,170,2,1,70,56,0.15844671640118632
Dark,bHLH_1:254543-254792_non_binding_524,0.364706,170,2,13,635,882,0.5040796206454818
Dark,bHLH_1:254543-254792_reference_binding_2357,0.358824,170,2,6,332,682,0.9894402825889423
Dark,bHLH_1:25466657-25466906_non_binding_633,0.382353,170,2,4,256,101,-1.3196844445950404
Dark,bHLH_1:25466657-25466906_reference_binding_2450,0.388235,170,2,11,341,243,-0.5931904366598008
Dark,bHLH_1:25571611-25571860_non_binding_1781,0.388235,170,2,3,154,181,0.014200110837739713
Dark,bHLH_1:25571611-25571860_non_binding_1846,0.376471,170,2,5,245,196,-0.2633525049275302
Dark,bHLH_1:25571611-25571860_non_binding_1976,0.394118,170,2,23,856,1180,0.5309846953269824
Dark,bHLH_1:25571611-25571860_non_binding_1984,0.394118,170,2,7,431,436,-0.007592545112604571
Dark,bHLH_1:25571611-25571860_reference_binding_2922,0.388235,170,2,5,211,457,1.179815861376209
Dark,bHLH_1:25596018-25596267_non_binding_1536,0.411765,170,2,18,802,753,0.04537467161223244
Dark,bHLH_1:25596018-25596267_non_binding_1566,0.405882,170,2,12,514,937,0.8728413922010392
Dark,bHLH_1:25596018-25596267_reference_binding_2812,0.411765,170,2,13,617,799,0.41316594562419967
Dark,bHLH_1:25646870-25647119_binding_1152,0.552941,170,2,13,433,960,0.9653518967306322
Dark,bHLH_1:25646870-25647119_binding_152,0.517647,170,2,12,448,1107,1.2526745914871582
Dark,bHLH_1:25646870-25647119_reference_binding_2134,0.552941,170,2,13,395,599,0.513507279865846
Dark,bHLH_1:25675158-25675407_non_binding_1534,0.335294,170,2,4,103,78,-0.36572087275618737
Dark,bHLH_1:25675158-25675407_reference_binding_2811,0.341176,170,2,8,263,206,-0.5484665642969757
Dark,bHLH_1:25701681-25701930_binding_164,0.382353,170,2,8,527,273,-0.8094830021083513
Dark,bHLH_1:25701681-25701930_reference_binding_2144,0.405882,170,2,5,203,133,-0.29957622778785253
Dark,bHLH_1:25711896-25712145_non_binding_1581,0.411765,170,2,6,204,84,-1.0505158367960505
Dark,bHLH_1:25711896-25712145_non_binding_1626,0.4,170,2,7,265,179,-0.573877495619376
Dark,bHLH_1:25711896-25712145_non_binding_1682,0.405882,170,2,6,252,142,-0.7273622937554636
Dark,bHLH_1:25711896-25712145_non_binding_1712,0.405882,170,2,13,470,315,-0.708441520248432
Dark,bHLH_1:25711896-25712145_reference_binding_2835,0.405882,170,2,3,105,53,-0.6550733904494687
Dark,bHLH_1:25787076-25787325_non_binding_1982,0.317647,170,2,9,264,270,0.08166556688072327
Dark,bHLH_1:25787076-25787325_non_binding_579,0.329412,170,2,13,582,517,-0.1258130818787613
Dark,bHLH_1:25787076-25787325_reference_binding_2403,0.329412,170,2,12,527,437,-0.20531556983311935
Dark,bHLH_1:25839163-25839412_binding_472,0.429412,170,2,6,187,76,-1.430544855033674
Dark,bHLH_1:25839163-25839412_reference_binding_2320,0.447059,170,2,2,54,15,-1.2639029418260013
Dark,bHLH_1:25849578-25849827_non_binding_585,0.405882,170,2,12,638,543,-0.43997080654113185
Dark,bHLH_1:25849578-25849827_reference_binding_2408,0.411765,170,2,26,1226,2107,0.8241676299515018
Dark,bHLH_1:25858513-25858762_non_binding_677,0.235294,170,2,8,372,769,1.0168713718272913
Dark,bHLH_1:25858513-25858762_non_binding_732,0.235294,170,2,9,370,403,-0.05069714073818478
Dark,bHLH_1:25858513-25858762_reference_binding_2484,0.241176,170,2,6,276,144,-0.9012593853971848
Dark,bHLH_1:25863507-25863756_non_binding_1565,0.288235,170,2,13,375,282,-0.16253640920394216
Dark,bHLH_1:25863507-25863756_non_binding_1782,0.282353,170,2,5,98,107,0.3562888401829656
Dark,bHLH_1:25863507-25863756_reference_binding_2828,0.288235,170,2,4,124,77,-0.5671990628678245
Dark,bHLH_1:25870567-25870816_non_binding_1609,0.358824,170,2,4,72,165,1.274888450178512
Dark,bHLH_1:25870567-25870816_non_binding_600,0.358824,170,2,9,444,688,0.5950799033859706
Dark,bHLH_1:25870567-25870816_non_binding_676,0.347059,170,2,4,161,173,0.09846046530619923
Dark,bHLH_1:25870567-25870816_reference_binding_2422,0.352941,170,2,8,285,572,0.9844363891270316
Dark,bHLH_1:2588965-2589214_binding_1312,0.529412,170,2,4,221,91,-1.1332891172619197
Dark,bHLH_1:2588965-2589214_reference_binding_2772,0.523529,170,2,7,273,168,-0.5354603185652078
Dark,bHLH_1:2589229-2589478_binding_402,0.470588,170,2,12,468,472,-0.05232332371219478
Dark,bHLH_1:2589229-2589478_reference_binding_2280,0.511765,170,2,11,553,361,-0.48689773412083026
Dark,bHLH_1:26038687-26038936_binding_1067,0.347059,170,2,8,327,941,1.436719867913682
Dark,bHLH_1:26038687-26038936_binding_1377,0.335294,170,2,5,274,621,1.5434045224965376
Dark,bHLH_1:26038687-26038936_reference_binding_2708,0.329412,170,2,15,464,1507,1.599569681748251
Dark,bHLH_1:26045463-26045712_binding_227,0.476471,170,2,2,109,49,-1.3244860218055785
Dark,bHLH_1:26045463-26045712_binding_301,0.482353,170,2,8,516,166,-1.6189971445860543
Dark,bHLH_1:26045463-26045712_reference_binding_2183,0.476471,170,2,7,490,136,-1.7853880376913622
Dark,bHLH_1:26101739-26101988_non_binding_1567,0.429412,170,2,2,164,60,-1.1461107280516147
Dark,bHLH_1:26101739-26101988_reference_binding_2829,0.423529,170,2,1,72,18,-1.3597290268750262
Dark,bHLH_1:26131410-26131659_non_binding_1535,0.417647,170,2,6,214,50,-1.7333075286539117
Dark,bHLH_1:26131410-26131659_non_binding_916,0.423529,170,2,2,112,32,-2.1204683373504554
Dark,bHLH_1:26131410-26131659_reference_binding_2651,0.423529,170,2,7,321,93,-1.661387385370948
Dark,bHLH_1:26135113-26135362_non_binding_1790,0.335294,170,2,4,99,75,-0.20869094697917584
Dark,bHLH_1:26135113-26135362_reference_binding_2927,0.352941,170,2,5,243,193,-0.303178635104724
Dark,bHLH_1:26155365-26155614_binding_1198,0.417647,170,2,6,306,212,-0.46332806680837985
Dark,bHLH_1:26155365-26155614_binding_222,0.429412,170,2,16,454,560,0.2992023148794589
Dark,bHLH_1:26155365-26155614_reference_binding_2179,0.405882,170,2,10,564,194,-1.5246256385488492
Dark,bHLH_1:26158907-26159156_non_binding_950,0.341176,170,2,5,134,144,0.1212231826219481
Dark,bHLH_1:26158907-26159156_reference_binding_2667,0.335294,170,2,6,169,145,-0.2815664973650046
Dark,bHLH_1:26199799-26200048_binding_317,0.341176,170,2,14,500,1210,1.334397701642045
Dark,bHLH_1:26199799-26200048_reference_binding_2237,0.335294,170,2,12,415,1097,1.545854380207443
Dark,bHLH_1:2622171-2622420_binding_305,0.405882,170,2,4,107,31,-1.2664063092857503
Dark,bHLH_1:2622171-2622420_reference_binding_2229,0.405882,170,2,8,377,158,-1.10774307409045
Dark,bHLH_1:26236765-26237014_non_binding_1513,0.423529,170,2,4,294,79,-1.319280298797445
Dark,bHLH_1:26236765-26237014_reference_binding_2800,0.423529,170,2,10,524,143,-1.7080811686734698
Dark,bHLH_1:26251325-26251574_non_binding_614,0.347059,170,2,4,122,63,-1.144079904507954
Dark,bHLH_1:26251325-26251574_non_binding_977,0.352941,170,2,3,57,34,-0.6643089799214172
Dark,bHLH_1:26251325-26251574_reference_binding_2435,0.347059,170,2,2,34,33,-0.10801594409189555
Dark,bHLH_1:26256412-26256661_binding_119,0.358824,170,2,26,1125,2294,1.0472982106052355
Dark,bHLH_1:26256412-26256661_binding_173,0.364706,170,2,3,154,253,0.8108900643361212
Dark,bHLH_1:26256412-26256661_reference_binding_2107,0.376471,170,2,18,809,2102,1.3717051598145051
Dark,bHLH_1:26290199-26290448_binding_1259,0.417647,170,2,8,414,109,-1.8763591159190844
Dark,bHLH_1:26290199-26290448_binding_1421,0.429412,170,2,6,197,61,-1.7125431435988872
Dark,bHLH_1:26290199-26290448_reference_binding_2755,0.423529,170,2,3,143,42,-1.8138361873433992
Dark,bHLH_1:26314361-26314610_non_binding_927,0.376471,170,2,14,684,1208,0.7378068894134588
Dark,bHLH_1:26314361-26314610_reference_binding_2658,0.388235,170,2,22,1141,1887,0.6833597377973448
Dark,bHLH_1:26353633-26353882_binding_1169,0.376471,170,2,12,387,202,-0.927735946700806
Dark,bHLH_1:26353633-26353882_binding_208,0.405882,170,2,6,278,112,-1.0661033133644402
Dark,bHLH_1:26353633-26353882_binding_68,0.388235,170,2,9,312,241,-0.5621073891055625
Dark,bHLH_1:26353633-26353882_binding_97,0.394118,170,2,4,128,52,-1.1380701880099018
Dark,bHLH_1:26353633-26353882_non_binding_839,0.382353,170,2,7,309,196,-0.7378734555450663
Dark,bHLH_1:26353633-26353882_non_binding_981,0.376471,170,2,6,256,128,-0.8455867339007219
Dark,bHLH_1:26353633-26353882_reference_binding_2064,0.388235,170,2,11,583,484,-0.13804976026124385
Dark,bHLH_1:26414057-26414306_binding_63,0.447059,170,2,8,443,210,-0.9827756764918891
Dark,bHLH_1:26414057-26414306_non_binding_1528,0.482353,170,2,4,253,44,-2.324763821405874
Dark,bHLH_1:26414057-26414306_non_binding_690,0.482353,170,2,3,264,32,-2.833755545349822
Dark,bHLH_1:26414057-26414306_reference_binding_2059,0.488235,170,2,10,625,168,-1.9373123146727669
Dark,bHLH_1:26442822-26443071_non_binding_1604,0.388235,170,2,19,853,628,-0.3743978412862971
Dark,bHLH_1:26442822-26443071_non_binding_1700,0.388235,170,2,8,356,214,-0.5537830934777537
Dark,bHLH_1:26442822-26443071_reference_binding_2848,0.388235,170,2,12,510,385,-0.36268255242401665
Dark,bHLH_1:26446327-26446576_non_binding_1546,0.376471,170,2,6,206,100,-0.8756830032103924
Dark,bHLH_1:26446327-26446576_reference_binding_2818,0.382353,170,2,7,227,129,-0.8120285004560419
Dark,bHLH_1:26458351-26458600_binding_1334,0.323529,170,2,4,124,36,-1.9269283676955795
Dark,bHLH_1:26458351-26458600_binding_1342,0.335294,170,2,4,113,54,-0.993137704609413
Dark,bHLH_1:26458351-26458600_binding_258,0.341176,170,2,5,159,90,-0.7773130983030005
Dark,bHLH_1:26458351-26458600_reference_binding_2203,0.335294,170,2,6,294,155,-0.6698622512548593
Dark,bHLH_1:26477384-26477633_non_binding_869,0.264706,170,2,15,620,929,0.5634228827408287
Dark,bHLH_1:26477384-26477633_reference_binding_2615,0.276471,170,2,9,305,282,0.24520489621313843
Dark,bHLH_1:26478055-26478304_non_binding_727,0.447059,170,2,20,920,353,-1.3959938536814613
Dark,bHLH_1:26478055-26478304_reference_binding_2524,0.452941,170,2,16,755,259,-1.4645752096092406
Dark,bHLH_1:2651424-2651673_binding_1223,0.435294,170,2,3,89,51,-0.631335144535238
Dark,bHLH_1:2651424-2651673_non_binding_543,0.429412,170,2,2,70,37,-0.6830332039732767
Dark,bHLH_1:2651424-2651673_reference_binding_2376,0.435294,170,2,5,299,92,-1.594087208264038
Dark,bHLH_1:26527131-26527380_non_binding_986,0.441176,170,2,6,260,87,-1.5337870002399692
Dark,bHLH_1:26527131-26527380_reference_binding_2677,0.441176,170,2,10,358,103,-1.6152467591764785
Dark,bHLH_1:26541376-26541625_non_binding_545,0.429412,170,2,27,1233,10378,2.990399048898266
Dark,bHLH_1:26541376-26541625_reference_binding_2378,0.429412,170,2,18,740,4416,2.656785349287552
Dark,bHLH_1:26554281-26554530_non_binding_518,0.441176,170,2,5,146,56,-1.2691450071729231
Dark,bHLH_1:26554281-26554530_reference_binding_2351,0.447059,170,2,4,193,118,-0.6253388443883561
Dark,bHLH_1:26619299-26619548_binding_143,0.370588,170,2,10,336,122,-1.1049676068322976
Dark,bHLH_1:26619299-26619548_reference_binding_2127,0.364706,170,2,6,204,146,-0.26010165381644934
Dark,bHLH_1:26786404-26786653_binding_360,0.4,170,2,6,247,120,-1.1461388866600761
Dark,bHLH_1:26786404-26786653_reference_binding_2259,0.376471,170,2,8,258,91,-1.3402268022449655
Dark,bHLH_1:26797349-26797598_binding_1344,0.441176,170,2,6,353,295,-0.0957920947467572
Dark,bHLH_1:26797349-26797598_binding_1416,0.435294,170,2,3,148,82,-0.7647696195331456
Dark,bHLH_1:26797349-26797598_binding_1445,0.435294,170,2,8,449,255,-0.6697613446496753
Dark,bHLH_1:26797349-26797598_reference_binding_2779,0.452941,170,2,8,318,249,-0.41483745437265784
Dark,bHLH_1:26801722-26801971_non_binding_666,0.452941,170,2,21,756,4930,2.774316776170533
Dark,bHLH_1:26801722-26801971_reference_binding_2476,0.458824,170,2,14,656,3664,2.605747161465718
Dark,bHLH_1:2681349-2681598_non_binding_546,0.241176,170,2,12,414,772,0.9513681975347092
Dark,bHLH_1:2681349-2681598_reference_binding_2379,0.241176,170,2,5,202,261,0.2630350643991063
Dark,bHLH_1:2688826-2689075_binding_1001,0.429412,170,2,4,214,186,-0.10957606983386942
Dark,bHLH_1:2688826-2689075_non_binding_849,0.435294,170,2,6,326,356,0.19946127165642996
Dark,bHLH_1:2688826-2689075_reference_binding_2603,0.423529,170,2,3,90,68,-0.28742870428358513
Dark,bHLH_1:26908247-26908496_binding_1162,0.435294,170,2,18,730,969,0.3221042402237536
Dark,bHLH_1:26908247-26908496_binding_452,0.464706,170,2,13,631,632,0.01005386035437529
Dark,bHLH_1:26908247-26908496_reference_binding_2309,0.452941,170,2,8,398,319,-0.13619866696554225
Dark,bHLH_1:26909587-26909836_binding_388,0.288235,170,2,12,450,1422,1.7143979178951696
Dark,bHLH_1:26909587-26909836_reference_binding_2273,0.276471,170,2,9,365,4011,3.4938883081397427
Dark,bHLH_1:26914033-26914282_binding_250,0.388235,170,1,2,13,45,1.8823407319129803
Dark,bHLH_1:26914033-26914282_non_binding_1746,0.376471,170,2,6,123,492,2.117910734037813
Dark,bHLH_1:26914033-26914282_non_binding_759,0.388235,170,2,6,117,487,2.110570761883068
Dark,bHLH_1:26914033-26914282_reference_binding_2200,0.382353,170,2,3,86,315,1.854775317978808
Dark,bHLH_1:26917133-26917382_binding_1250,0.529412,170,2,7,250,173,-0.3393518565222896
Dark,bHLH_1:26917133-26917382_reference_binding_2753,0.535294,170,2,7,275,142,-0.6429994871185615
Dark,bHLH_1:26919730-26919979_binding_1260,0.476471,170,2,7,338,170,-0.9911013663472258
Dark,bHLH_1:26919730-26919979_binding_399,0.470588,170,2,7,269,192,-0.5690911167854082
Dark,bHLH_1:26919730-26919979_reference_binding_2278,0.482353,170,2,16,673,356,-0.9028214619867042
Dark,bHLH_1:26935493-26935742_binding_251,0.364706,170,2,6,256,56,-2.1466807997860196
Dark,bHLH_1:26935493-26935742_binding_392,0.352941,170,2,7,383,159,-1.3321482716545316
Dark,bHLH_1:26935493-26935742_reference_binding_2201,0.352941,170,2,4,237,57,-2.000807050523329
Dark,bHLH_1:27030008-27030257_non_binding_1541,0.435294,170,2,5,282,130,-0.9774471777600566
Dark,bHLH_1:27030008-27030257_reference_binding_2815,0.441176,170,2,8,430,142,-1.5887404437609494
Dark,bHLH_1:27037682-27037931_binding_157,0.370588,170,2,12,389,555,0.49793051178760883
Dark,bHLH_1:27037682-27037931_reference_binding_2138,0.376471,170,2,19,761,978,0.3137118881585764
Dark,bHLH_1:2704584-2704833_binding_180,0.429412,170,2,5,196,507,1.5292937668796966
Dark,bHLH_1:2704584-2704833_reference_binding_2152,0.452941,170,2,11,506,1295,1.3182004480033798
Dark,bHLH_1:27074582-27074831_binding_87,0.382353,170,2,2,77,17,-1.6468892302228033
Dark,bHLH_1:27074582-27074831_reference_binding_2082,0.405882,170,2,3,215,178,-0.31861334320899626
Dark,bHLH_1:27099252-27099501_non_binding_613,0.505882,170,2,6,194,66,-1.421360216921475
Dark,bHLH_1:27099252-27099501_reference_binding_2434,0.511765,170,2,2,33,16,-1.1418152525347622
Dark,bHLH_1:27169983-27170232_binding_447,0.541176,170,2,9,431,182,-1.0531326184368655
Dark,bHLH_1:27169983-27170232_reference_binding_2304,0.505882,170,2,15,664,965,0.5102760289430815
Dark,bHLH_1:27191160-27191409_binding_377,0.364706,170,2,18,792,2301,1.5929158327621424
Dark,bHLH_1:27191160-27191409_binding_434,0.364706,170,2,12,431,1619,2.0412960280301875
Dark,bHLH_1:27191160-27191409_reference_binding_2267,0.370588,170,2,18,561,1413,1.3720993923485936
Dark,bHLH_1:27199614-27199863_non_binding_1724,0.4,170,2,13,419,322,-0.518713225603956
Dark,bHLH_1:27199614-27199863_non_binding_702,0.405882,170,2,11,599,423,-0.5172902220548974
Dark,bHLH_1:27199614-27199863_reference_binding_2504,0.405882,170,2,9,326,226,-0.4586809667887354
Dark,bHLH_1:27227816-27228065_binding_1418,0.352941,170,2,4,122,63,-0.96453935785554
Dark,bHLH_1:27227816-27228065_binding_459,0.370588,170,2,6,241,196,-0.32628069391685344
Dark,bHLH_1:27227816-27228065_binding_494,0.358824,170,2,3,86,135,0.839247399860474
Dark,bHLH_1:27227816-27228065_reference_binding_2314,0.370588,170,2,4,174,199,0.22925069249696636
Dark,bHLH_1:27246726-27246975_non_binding_674,0.423529,170,2,14,428,265,-0.6951763228921204
Dark,bHLH_1:27246726-27246975_reference_binding_2482,0.423529,170,2,19,684,518,-0.5527821893718508
Dark,bHLH_1:27310174-27310423_non_binding_1600,0.3,170,2,10,277,397,0.5216245071039975
Dark,bHLH_1:27310174-27310423_non_binding_1947,0.288235,170,2,6,170,206,0.16943773068363
Dark,bHLH_1:27310174-27310423_non_binding_660,0.311765,170,2,11,277,405,0.4101780525033116
Dark,bHLH_1:27310174-27310423_reference_binding_2471,0.305882,170,2,5,92,192,0.9162295698404761
Dark,bHLH_1:27311026-27311275_non_binding_824,0.564706,170,2,19,694,3750,2.3540023527667606
Dark,bHLH_1:27311026-27311275_reference_binding_2589,0.558824,170,2,8,264,1600,2.4955800741692533
Dark,bHLH_1:27331905-27332154_non_binding_1748,0.464706,170,2,8,338,127,-1.518184513817126
Dark,bHLH_1:27331905-27332154_non_binding_1880,0.464706,170,2,18,1032,423,-1.3516660243384127
Dark,bHLH_1:27331905-27332154_non_binding_1882,0.470588,170,2,13,615,339,-1.0441406768621375
Dark,bHLH_1:27331905-27332154_non_binding_1966,0.458824,170,2,14,871,461,-0.991778055159399
Dark,bHLH_1:27331905-27332154_non_binding_1990,0.476471,170,2,15,814,378,-1.1746714005299084
Dark,bHLH_1:27331905-27332154_non_binding_865,0.464706,170,2,18,726,329,-1.1608118315917382
Dark,bHLH_1:27331905-27332154_reference_binding_2613,0.464706,170,2,10,564,372,-0.7289019390203576
Dark,bHLH_1:27340443-27340692_binding_211,0.376471,170,2,11,425,1162,1.3778225157033361
Dark,bHLH_1:27400606-27400855_non_binding_1915,0.258824,170,2,3,60,58,-0.3515917427354307
Dark,bHLH_1:27400606-27400855_reference_binding_2969,0.270588,170,2,1,22,44,0.9418101810372314
Dark,bHLH_1:27410052-27410301_non_binding_1652,0.405882,170,2,12,491,870,0.8399429610185627
Dark,bHLH_1:27410052-27410301_non_binding_1881,0.405882,170,2,24,1114,1275,0.251196192618746
Dark,bHLH_1:27410052-27410301_reference_binding_2870,0.411765,170,2,20,1010,2182,1.0501924000317842
Dark,bHLH_1:27441101-27441350_non_binding_1514,0.311765,170,2,8,417,125,-1.6921173251926636
Dark,bHLH_1:27441101-27441350_non_binding_1777,0.329412,170,2,3,176,54,-1.681918038115184
Dark,bHLH_1:27441101-27441350_non_binding_1905,0.323529,170,2,8,422,129,-1.7836520614494586
Dark,bHLH_1:27441101-27441350_reference_binding_2801,0.305882,170,2,4,131,65,-1.1686136054956737
Dark,bHLH_1:27506086-27506335_binding_311,0.435294,170,2,8,328,373,0.14430863582852763
Dark,bHLH_1:27506086-27506335_non_binding_558,0.452941,170,2,8,423,350,-0.26893692935409463
Dark,bHLH_1:27506086-27506335_non_binding_929,0.452941,170,2,8,305,282,0.02151337838264615
Dark,bHLH_1:27506086-27506335_reference_binding_2233,0.452941,170,2,7,256,194,-0.27052621700834145
Dark,bHLH_1:27532604-27532853_non_binding_569,0.3,170,2,6,223,234,0.06906946323726687
Dark,bHLH_1:27532604-27532853_reference_binding_2396,0.3,170,2,5,142,133,-0.055654324189057774
Dark,bHLH_1:2754544-2754793_non_binding_1930,0.311765,170,2,6,180,498,1.4226403775573988
Dark,bHLH_1:2754544-2754793_reference_binding_2972,0.305882,170,2,14,693,1539,1.1109543751759254
Dark,bHLH_1:27547161-27547410_non_binding_858,0.317647,170,2,18,568,767,0.3636910447409619
Dark,bHLH_1:27547161-27547410_reference_binding_2608,0.311765,170,2,5,289,260,-0.2456649643671048
Dark,bHLH_1:27603848-27604097_binding_478,0.435294,170,2,11,516,301,-0.8137545831348603
Dark,bHLH_1:27603848-27604097_reference_binding_2323,0.447059,170,2,14,551,513,-0.18857501105502497
Dark,bHLH_1:2760710-2760959_binding_1478,0.352941,170,2,15,569,1246,1.121810338785691
Dark,bHLH_1:2760710-2760959_reference_binding_2791,0.364706,170,2,13,242,318,0.4200738649888418
Dark,bHLH_1:27652966-27653215_binding_132,0.494118,170,2,14,766,301,-1.2504294029564211
Dark,bHLH_1:27652966-27653215_reference_binding_2118,0.488235,170,2,13,545,222,-1.332169571079153
Dark,bHLH_1:27679280-27679529_non_binding_588,0.417647,170,2,12,695,227,-1.4000275426443816
Dark,bHLH_1:27679280-27679529_reference_binding_2411,0.411765,170,1,1,14,17,0.17233660109371435
Dark,bHLH_1:27694174-27694423_binding_1076,0.505882,170,2,12,408,551,0.24803683485972206
Dark,bHLH_1:27694174-27694423_binding_1078,0.511765,170,2,17,817,1313,0.6335840288433823
Dark,bHLH_1:27694174-27694423_binding_1093,0.488235,170,2,8,288,196,-0.4864692789919555
Dark,bHLH_1:27694174-27694423_reference_binding_2710,0.5,170,2,8,257,204,-0.28370000151807756
Dark,bHLH_1:27780961-27781210_binding_240,0.423529,170,2,15,688,443,-0.6383441166141068
Dark,bHLH_1:27780961-27781210_reference_binding_2194,0.458824,170,2,12,576,230,-1.1840545908575586
Dark,bHLH_1:27794018-27794267_binding_115,0.447059,170,2,6,297,96,-1.1106169839658284
Dark,bHLH_1:27794018-27794267_binding_1414,0.441176,170,2,13,610,323,-0.8320659378276931
Dark,bHLH_1:27794018-27794267_reference_binding_2105,0.447059,170,2,10,306,179,-0.6260733822649519
Dark,bHLH_1:27837385-27837634_binding_280,0.423529,170,2,10,483,455,-0.054450604782010775
Dark,bHLH_1:27837385-27837634_reference_binding_2212,0.405882,170,2,3,33,53,0.28678648321932065
Dark,bHLH_1:27852169-27852418_binding_1016,0.488235,170,2,14,515,313,-0.6275606060059284
Dark,bHLH_1:27852169-27852418_binding_406,0.435294,170,2,12,525,407,-0.42604922488294017
Dark,bHLH_1:27852169-27852418_reference_binding_2284,0.488235,170,2,16,600,421,-0.5512796971850161
Dark,bHLH_1:27884066-27884315_non_binding_787,0.323529,170,2,9,360,1008,1.5229761070972723
Dark,bHLH_1:27884066-27884315_reference_binding_2568,0.317647,170,2,8,180,718,1.9422986683058765
Dark,bHLH_1:27922575-27922824_non_binding_1796,0.364706,170,2,9,240,149,-0.8217683030617102
Dark,bHLH_1:27922575-27922824_non_binding_1884,0.364706,170,2,10,250,141,-0.8600576870830954
Dark,bHLH_1:27922575-27922824_non_binding_1923,0.347059,170,2,13,400,284,-0.4816495486143416
Dark,bHLH_1:27922575-27922824_reference_binding_2928,0.376471,170,2,9,254,227,-0.2220385180732801
Dark,bHLH_1:27924793-27925042_non_binding_648,0.470588,170,2,10,645,215,-1.1718509735199643
Dark,bHLH_1:27924793-27925042_reference_binding_2461,0.476471,170,2,3,111,47,-1.0259255935792968
Dark,bHLH_1:27926712-27926961_non_binding_731,0.447059,170,2,8,376,556,0.5042267812033419
Dark,bHLH_1:27926712-27926961_reference_binding_2527,0.452941,170,2,9,353,427,0.4899714653858535
Dark,bHLH_1:27931365-27931614_binding_1349,0.376471,170,2,8,275,225,-0.15808243569828181
Dark,bHLH_1:27931365-27931614_binding_1386,0.352941,170,2,8,314,233,-0.09786990080800262
Dark,bHLH_1:27931365-27931614_binding_1458,0.358824,170,2,8,385,348,0.1034897122047592
Dark,bHLH_1:27931365-27931614_binding_423,0.352941,170,2,11,484,424,-0.14718721604105459
Dark,bHLH_1:27931365-27931614_reference_binding_2294,0.364706,170,2,10,512,458,-0.169265682927465
Dark,bHLH_1:28001778-28002027_non_binding_1899,0.323529,170,2,15,652,419,-0.7030109683114745
Dark,bHLH_1:28001778-28002027_reference_binding_2965,0.335294,170,2,20,1046,763,-0.44065045951865645
Dark,bHLH_1:28006679-28006928_non_binding_1518,0.511765,170,2,8,390,138,-1.4289014721487305
Dark,bHLH_1:28006679-28006928_reference_binding_2803,0.511765,170,2,7,379,202,-0.9607596203576184
Dark,bHLH_1:28106824-28107073_non_binding_589,0.323529,170,2,10,312,297,-0.07752062914732144
Dark,bHLH_1:28106824-28107073_reference_binding_2412,0.329412,170,2,16,690,1127,0.6788511078253477
Dark,bHLH_1:28111468-28111717_non_binding_872,0.341176,170,2,11,399,242,-0.6043791375964608
Dark,bHLH_1:28111468-28111717_reference_binding_2617,0.347059,170,2,13,653,399,-0.7892998954432447
Dark,bHLH_1:28144284-28144533_non_binding_1822,0.505882,170,2,5,186,64,-1.5630459998611403
Dark,bHLH_1:28144284-28144533_non_binding_1869,0.505882,170,2,4,190,107,-0.7762958591926533
Dark,bHLH_1:28144284-28144533_non_binding_1877,0.505882,170,2,6,386,193,-0.9023854865582035
Dark,bHLH_1:28144284-28144533_non_binding_1913,0.511765,170,2,5,183,46,-1.8666737019941126
Dark,bHLH_1:28144284-28144533_non_binding_1951,0.505882,170,2,5,157,79,-1.0980645272511287
Dark,bHLH_1:28144284-28144533_non_binding_649,0.523529,170,2,5,264,63,-1.850580498977262
Dark,bHLH_1:28144284-28144533_non_binding_736,0.529412,170,2,5,479,103,-1.9774048677551674
Dark,bHLH_1:28144284-28144533_reference_binding_2462,0.523529,170,2,7,298,78,-1.6362691804309493
Dark,bHLH_1:28147673-28147922_binding_357,0.276471,170,2,10,382,719,0.8638152653574273
Dark,bHLH_1:28147673-28147922_reference_binding_2256,0.305882,170,2,7,279,1067,1.8426902907197553
Dark,bHLH_1:28153289-28153538_binding_32,0.423529,170,2,5,223,343,0.5884498390716042
Dark,bHLH_1:28153289-28153538_reference_binding_2031,0.4,170,2,6,210,408,0.8172645260340253
Dark,bHLH_1:28163898-28164147_binding_1101,0.529412,170,2,3,134,446,1.7460426688357908
Dark,bHLH_1:28163898-28164147_reference_binding_2719,0.547059,170,2,6,238,1124,2.2833996777730357
Dark,bHLH_1:28172665-28172914_binding_1065,0.370588,170,2,12,467,538,0.3925152320182087
Dark,bHLH_1:28172665-28172914_binding_1148,0.370588,170,2,11,361,409,0.20090198511547946
Dark,bHLH_1:28172665-28172914_binding_1269,0.358824,170,2,14,476,526,0.10851486760420714
Dark,bHLH_1:28172665-28172914_reference_binding_2706,0.370588,170,2,12,421,592,0.5211102932929479
Dark,bHLH_1:28197796-28198045_non_binding_529,0.476471,170,2,16,748,391,-0.9008917840875418
Dark,bHLH_1:28197796-28198045_non_binding_871,0.464706,170,2,14,693,362,-0.856978018715373
Dark,bHLH_1:28197796-28198045_non_binding_902,0.476471,170,2,7,337,111,-1.4212979221253808
Dark,bHLH_1:28197796-28198045_reference_binding_2362,0.476471,170,2,12,421,219,-0.7757747498010322
Dark,bHLH_1:28218433-28218682_non_binding_1727,0.376471,170,2,3,130,293,1.0708029430306483
Dark,bHLH_1:28218433-28218682_reference_binding_2899,0.382353,170,2,4,125,177,0.7682957043269135
Dark,bHLH_1:28223727-28223976_non_binding_1776,0.417647,170,2,8,361,226,-0.6783263715006852
Dark,bHLH_1:28223727-28223976_reference_binding_2921,0.435294,170,2,1,46,12,-1.7591898070508183
Dark,bHLH_1:28244647-28244896_non_binding_696,0.270588,170,2,10,450,346,-0.3771193611151905
Dark,bHLH_1:28244647-28244896_reference_binding_2499,0.276471,170,2,19,525,440,-0.1909404433261326
Dark,bHLH_1:28267544-28267793_binding_1136,0.405882,170,2,18,644,663,0.008904325966413926
Dark,bHLH_1:28267544-28267793_binding_1406,0.405882,170,2,10,311,390,0.2441933115757577
Dark,bHLH_1:28267544-28267793_binding_1447,0.417647,170,2,9,327,451,0.5804374072179201
Dark,bHLH_1:28267544-28267793_binding_1453,0.411765,170,2,13,429,551,0.40779331931531826
Dark,bHLH_1:28267544-28267793_reference_binding_2730,0.417647,170,2,8,324,349,0.17157766466518568
Dark,bHLH_1:28326842-28327091_non_binding_1837,0.376471,170,2,9,280,400,0.5520816197395582
Dark,bHLH_1:28326842-28327091_non_binding_1912,0.370588,170,2,7,192,486,1.1963057529979344
Dark,bHLH_1:28326842-28327091_reference_binding_2949,0.382353,170,2,2,58,62,-0.14269647095647
Dark,bHLH_1:28338379-28338628_non_binding_1663,0.329412,170,2,1,17,45,1.4640573360337075
Dark,bHLH_1:28338379-28338628_reference_binding_2331,0.329412,170,2,1,29,47,0.6385023613375176
Dark,bHLH_1:28370657-28370906_binding_1237,0.3,170,2,3,39,90,1.6154738542368514
Dark,bHLH_1:28370657-28370906_reference_binding_2182,0.294118,170,2,3,85,523,2.4243697167497524
Dark,bHLH_1:28381173-28381422_binding_1164,0.4,170,2,5,162,365,0.9484636211008693
Dark,bHLH_1:28381173-28381422_binding_1210,0.4,170,2,5,336,412,0.4071608059245847
Dark,bHLH_1:28381173-28381422_reference_binding_2738,0.394118,170,2,5,313,251,-0.23779549239220277
Dark,bHLH_1:28441697-28441946_binding_444,0.464706,170,2,7,263,196,-0.6417559162826185
Dark,bHLH_1:28441697-28441946_reference_binding_2301,0.494118,170,2,7,238,134,-0.5453425175306628
Dark,bHLH_1:28455851-28456100_non_binding_1554,0.476471,170,2,6,265,192,-0.13328095926774644
Dark,bHLH_1:28455851-28456100_reference_binding_2824,0.476471,170,2,6,229,150,-0.5363201051490244
Dark,bHLH_1:28463552-28463801_non_binding_527,0.464706,170,2,11,541,201,-1.0429437936467902
Dark,bHLH_1:28463552-28463801_non_binding_931,0.458824,170,2,6,207,106,-1.044226052360537
Dark,bHLH_1:28463552-28463801_reference_binding_2360,0.470588,170,2,17,1098,533,-0.9797541419945489
Dark,bHLH_1:2846434-2846683_binding_144,0.394118,170,2,19,1104,963,-0.22828983496949262
Dark,bHLH_1:2846434-2846683_reference_binding_2128,0.405882,170,2,12,379,219,-0.7944394312507109
Dark,bHLH_1:28482708-28482957_binding_1411,0.423529,170,2,9,430,155,-1.5654647994003947
Dark,bHLH_1:28482708-28482957_reference_binding_2789,0.429412,170,1,1,73,20,-1.7769691102682572
Dark,bHLH_1:28512453-28512702_non_binding_1591,0.4,170,2,17,580,1143,0.9932593440295949
Dark,bHLH_1:28512453-28512702_reference_binding_2841,0.405882,170,2,13,442,848,0.8409056586067254
Dark,bHLH_1:28517845-28518094_binding_1030,0.335294,170,2,19,737,457,-0.684563628069414
Dark,bHLH_1:28517845-28518094_binding_1330,0.335294,170,2,10,421,166,-1.1183399333829036
Dark,bHLH_1:28517845-28518094_binding_1363,0.323529,170,2,9,216,245,-0.07235736348563526
Dark,bHLH_1:28517845-28518094_binding_1395,0.335294,170,2,14,364,198,-0.8364447815786308
Dark,bHLH_1:28517845-28518094_binding_20,0.335294,170,2,7,152,171,0.2277022870077703
Dark,bHLH_1:28517845-28518094_reference_binding_2020,0.341176,170,2,7,234,149,-0.5627158378391734
Dark,bHLH_1:28595986-28596235_binding_1087,0.382353,170,2,5,106,190,0.9238168790221069
Dark,bHLH_1:28595986-28596235_binding_1156,0.388235,170,2,14,604,811,0.3872756979807854
Dark,bHLH_1:28595986-28596235_binding_1185,0.370588,170,2,7,246,237,0.03000711091843966
Dark,bHLH_1:28595986-28596235_binding_1202,0.376471,170,2,8,312,359,0.13349911943500437
Dark,bHLH_1:28595986-28596235_binding_1435,0.388235,170,2,6,301,317,0.02893769450254112
Dark,bHLH_1:28595986-28596235_binding_1470,0.376471,170,2,7,304,394,0.1716367418221444
Dark,bHLH_1:28595986-28596235_non_binding_754,0.388235,170,2,8,420,907,0.9529862477217721
Dark,bHLH_1:28595986-28596235_reference_binding_2544,0.382353,170,2,5,168,378,1.127055478649467
Dark,bHLH_1:28610888-28611137_non_binding_1512,0.411765,170,2,4,216,72,-1.5908754455251555
Dark,bHLH_1:28610888-28611137_non_binding_609,0.405882,170,2,1,45,5,-3.1915830893102193
Dark,bHLH_1:28610888-28611137_reference_binding_2430,0.411765,170,2,10,482,205,-1.283577239455834
Dark,bHLH_1:28739884-28740133_binding_1371,0.435294,170,2,6,200,288,0.4330406377416395
Dark,bHLH_1:28739884-28740133_non_binding_763,0.435294,170,2,11,472,692,0.5675115672285777
Dark,bHLH_1:28739884-28740133_non_binding_799,0.447059,170,2,10,429,871,0.9605622272303802
Dark,bHLH_1:28739884-28740133_non_binding_854,0.435294,170,2,8,307,388,0.24808698796265594
Dark,bHLH_1:28739884-28740133_non_binding_963,0.435294,170,2,4,204,344,0.7674325808750724
Dark,bHLH_1:28739884-28740133_reference_binding_2551,0.435294,170,2,8,413,770,0.8184891399784497
Dark,bHLH_1:28806709-28806958_non_binding_1503,0.4,170,2,7,361,108,-1.4241332200219143
Dark,bHLH_1:28806709-28806958_reference_binding_2795,0.4,170,2,10,332,95,-1.5470153284731398
Dark,bHLH_1:28808820-28809069_non_binding_1800,0.417647,170,2,3,111,80,-0.2555134034683426
Dark,bHLH_1:28808820-28809069_non_binding_1943,0.423529,170,2,5,255,309,0.49037154902426533
Dark,bHLH_1:28808820-28809069_non_binding_1971,0.417647,170,2,2,110,107,0.010333906093735426
Dark,bHLH_1:28808820-28809069_non_binding_1998,0.405882,170,2,4,75,65,-0.30360491181255644
Dark,bHLH_1:28808820-28809069_reference_binding_2931,0.441176,170,2,4,180,100,-0.6571442004971242
Dark,bHLH_1:28841668-28841917_binding_134,0.452941,170,2,6,217,173,-0.2011133498651884
Dark,bHLH_1:28841668-28841917_non_binding_1670,0.429412,170,2,13,687,332,-1.0818914226012843
Dark,bHLH_1:28841668-28841917_reference_binding_2120,0.429412,170,2,11,473,272,-0.8230224878716168
Dark,bHLH_1:28909141-28909390_binding_45,0.458824,170,2,2,35,57,0.8351374550282915
Dark,bHLH_1:28909141-28909390_reference_binding_2042,0.447059,170,2,3,37,29,-0.7953543781062242
Dark,bHLH_1:28929561-28929810_non_binding_1772,0.329412,170,2,11,477,651,0.30640830906532507
Dark,bHLH_1:28929561-28929810_non_binding_1775,0.323529,170,2,7,397,141,-1.2708070716563462
Dark,bHLH_1:28929561-28929810_non_binding_842,0.3,170,2,6,223,84,-1.0417776773996477
Dark,bHLH_1:28929561-28929810_reference_binding_2597,0.317647,170,2,7,253,152,-0.6778966941218663
Dark,bHLH_1:28944446-28944695_non_binding_1752,0.411765,170,2,15,517,1197,1.2731755189550074
Dark,bHLH_1:28944446-28944695_non_binding_1766,0.411765,170,2,8,430,1040,1.1718415186402722
Dark,bHLH_1:28944446-28944695_non_binding_1821,0.405882,170,2,10,453,939,1.172627693579051
Dark,bHLH_1:28944446-28944695_non_binding_1865,0.411765,170,2,14,531,1201,1.2148207834910472
Dark,bHLH_1:28944446-28944695_non_binding_1979,0.411765,170,2,12,594,1387,1.235120690935842
Dark,bHLH_1:28944446-28944695_reference_binding_2910,0.405882,170,2,13,658,1115,0.8219176371854215
Dark,bHLH_1:28953235-28953484_non_binding_1556,0.482353,170,2,24,1116,401,-1.3142182149174992
Dark,bHLH_1:28953235-28953484_reference_binding_2825,0.476471,170,2,12,627,157,-1.8686080535658662
Dark,bHLH_1:28956080-28956329_non_binding_1956,0.317647,170,2,23,757,901,0.2127190672306252
Dark,bHLH_1:28956080-28956329_reference_binding_2978,0.288235,170,2,17,720,567,-0.38938928777223736
Dark,bHLH_1:28985207-28985456_binding_1375,0.370588,170,2,11,522,461,-0.3433810693440863
Dark,bHLH_1:28985207-28985456_binding_375,0.376471,170,2,12,510,1190,1.327335392952243
Dark,bHLH_1:28985207-28985456_binding_380,0.364706,170,2,10,607,720,0.22002542760725147
Dark,bHLH_1:28985207-28985456_binding_387,0.376471,170,2,8,372,584,0.6476181722781962
Dark,bHLH_1:28985207-28985456_reference_binding_2266,0.370588,170,2,12,523,296,-0.8417121927514463
Dark,bHLH_1:29018641-29018890_binding_104,0.494118,170,2,10,583,734,0.3233230618717333
Dark,bHLH_1:29018641-29018890_binding_1171,0.494118,170,2,15,581,444,-0.5145258014750099
Dark,bHLH_1:29018641-29018890_binding_414,0.482353,170,2,12,327,518,0.6067340601290315
Dark,bHLH_1:29018641-29018890_binding_69,0.470588,170,2,8,293,230,-0.49208003031599745
Dark,bHLH_1:29018641-29018890_reference_binding_2065,0.482353,170,2,7,339,358,0.07378011188958664
Dark,bHLH_1:29020593-29020842_non_binding_605,0.4,170,2,16,581,477,-0.16633927535029386
Dark,bHLH_1:29020593-29020842_reference_binding_2426,0.405882,170,2,21,804,892,0.1591273310690133
Dark,bHLH_1:29021116-29021365_non_binding_697,0.447059,170,2,1,67,14,-1.7243214708738352
Dark,bHLH_1:29021116-29021365_reference_binding_2500,0.441176,170,2,3,182,19,-2.277843520416275
Dark,bHLH_1:29034341-29034590_binding_1226,0.511765,170,2,3,86,24,-1.6455528128158357
Dark,bHLH_1:29034341-29034590_binding_291,0.517647,170,2,8,541,165,-1.5700809059273602
Dark,bHLH_1:29034341-29034590_reference_binding_2220,0.511765,170,2,7,353,153,-1.0702591673805895
Dark,bHLH_1:29061588-29061837_non_binding_1924,0.435294,170,2,10,564,202,-1.2923857595088561
Dark,bHLH_1:29061588-29061837_non_binding_577,0.423529,170,2,9,317,279,0.08436636173388914
Dark,bHLH_1:29061588-29061837_non_binding_917,0.423529,170,2,12,859,374,-1.1364009048876311
Dark,bHLH_1:29061588-29061837_reference_binding_2402,0.429412,170,2,10,387,214,-0.6921075150115763
Dark,bHLH_1:29106189-29106438_non_binding_1629,0.441176,170,2,14,713,274,-1.356338502008313
Dark,bHLH_1:29106189-29106438_non_binding_1862,0.447059,170,2,7,384,203,-1.0620487755431869
Dark,bHLH_1:29106189-29106438_non_binding_691,0.452941,170,2,10,538,245,-0.8777098703945472
Dark,bHLH_1:29106189-29106438_reference_binding_2495,0.447059,170,2,17,809,400,-1.0508664030386896
Dark,bHLH_1:29110882-29111131_non_binding_1613,0.447059,170,2,9,395,126,-1.416804944239146
Dark,bHLH_1:29110882-29111131_reference_binding_2852,0.447059,170,2,10,415,162,-1.2781887166748973
Dark,bHLH_1:29136104-29136353_non_binding_505,0.576471,170,2,27,1053,1123,-0.011231319213332869
Dark,bHLH_1:29136104-29136353_reference_binding_2338,0.570588,170,2,17,606,1189,0.8643283053381221
Dark,bHLH_1:29187909-29188158_non_binding_1828,0.358824,170,2,11,752,376,-0.9282887799492164
Dark,bHLH_1:29187909-29188158_reference_binding_2945,0.376471,170,2,10,586,507,-0.38375771745711207
Dark,bHLH_1:29198576-29198825_non_binding_645,0.364706,170,2,8,256,413,1.0938635899372904
Dark,bHLH_1:29198576-29198825_reference_binding_2459,0.364706,170,2,27,1111,2151,0.9108724896982452
Dark,bHLH_1:29205577-29205826_binding_1048,0.511765,170,2,4,198,69,-1.4835344599659888
Dark,bHLH_1:29205577-29205826_binding_1369,0.517647,170,2,6,282,90,-1.6818940743303945
Dark,bHLH_1:29205577-29205826_reference_binding_2702,0.517647,170,2,6,335,86,-2.015063397828871
Dark,bHLH_1:29273887-29274136_binding_1135,0.476471,170,2,8,347,120,-1.2998230598222016
Dark,bHLH_1:29273887-29274136_binding_1214,0.482353,170,2,15,720,250,-1.5784741004798404
Dark,bHLH_1:29273887-29274136_binding_1410,0.476471,170,2,14,795,244,-1.6228465858147607
Dark,bHLH_1:29273887-29274136_binding_483,0.470588,170,2,12,681,135,-2.008277553811527
Dark,bHLH_1:29273887-29274136_reference_binding_2326,0.476471,170,2,18,779,301,-1.4643497876931275
Dark,bHLH_1:29322312-29322561_binding_1176,0.411765,170,2,20,586,1393,1.2025259772868413
Dark,bHLH_1:29322312-29322561_binding_1442,0.405882,170,2,10,364,817,1.1160079118821686
Dark,bHLH_1:29322312-29322561_binding_328,0.388235,170,2,13,516,1019,1.0077922337383245
Dark,bHLH_1:29322312-29322561_reference_binding_2240,0.411765,170,2,9,322,777,1.2272036497925263
Dark,bHLH_1:29340611-29340860_binding_1046,0.352941,170,2,10,223,2791,3.6417844810556614
Dark,bHLH_1:29340611-29340860_binding_1204,0.364706,170,2,12,254,2862,3.33835140846815
Dark,bHLH_1:29340611-29340860_binding_1207,0.352941,170,2,10,281,1993,2.8746422803304545
Dark,bHLH_1:29340611-29340860_binding_1356,0.347059,170,2,7,161,1614,3.393988142414881
Dark,bHLH_1:29340611-29340860_binding_1409,0.347059,170,2,6,278,2490,3.2135401251421474
Dark,bHLH_1:29340611-29340860_binding_1451,0.347059,170,2,7,265,2275,3.0470340933547786
Dark,bHLH_1:29340611-29340860_reference_binding_2700,0.352941,170,2,12,385,4221,3.4213423419167865
Dark,bHLH_1:2934481-2934730_non_binding_1714,0.429412,170,2,11,510,164,-1.4844238141572232
Dark,bHLH_1:2934481-2934730_reference_binding_2893,0.435294,170,2,6,356,88,-1.80905413871244
Dark,bHLH_1:29345517-29345766_binding_1262,0.382353,170,2,9,266,236,0.010324577078632824
Dark,bHLH_1:29345517-29345766_binding_1315,0.376471,170,2,8,207,367,0.9340995100114164
Dark,bHLH_1:29345517-29345766_binding_1329,0.370588,170,2,10,334,327,0.19658558001769447
Dark,bHLH_1:29345517-29345766_binding_1332,0.364706,170,2,12,491,684,0.5681026626630785
Dark,bHLH_1:29345517-29345766_binding_1473,0.364706,170,2,15,548,949,0.7718289718850879
Dark,bHLH_1:29345517-29345766_reference_binding_2757,0.370588,170,2,10,356,295,-0.2365190724621689
Dark,bHLH_1:29351310-29351559_binding_1075,0.5,170,2,4,204,205,0.2866280454430963
Dark,bHLH_1:29351310-29351559_non_binding_882,0.5,170,2,10,479,812,0.7208155574940005
Dark,bHLH_1:29351310-29351559_non_binding_915,0.5,170,2,6,354,420,0.2317680511241289
Dark,bHLH_1:29351310-29351559_non_binding_968,0.494118,170,2,6,229,257,-0.0022970667027245734
Dark,bHLH_1:29351310-29351559_reference_binding_2627,0.5,170,2,3,192,176,-0.160540366721502
Dark,bHLH_1:29359279-29359528_binding_136,0.417647,170,2,12,387,824,0.9864052966096777
Dark,bHLH_1:29359279-29359528_reference_binding_2122,0.394118,170,2,15,612,2004,1.7636258174175319
Dark,bHLH_1:29378159-29378408_binding_451,0.423529,170,2,7,258,201,-0.21474347425654208
Dark,bHLH_1:29378159-29378408_non_binding_571,0.417647,170,2,4,111,169,0.5435596325141361
Dark,bHLH_1:29378159-29378408_reference_binding_2308,0.423529,170,2,7,375,457,0.4225431234266477
Dark,bHLH_1:29385237-29385486_non_binding_1751,0.305882,170,2,3,73,129,1.1422758366441137
Dark,bHLH_1:29385237-29385486_non_binding_989,0.311765,170,2,6,186,131,-0.2130584672219565
Dark,bHLH_1:29385237-29385486_reference_binding_2678,0.305882,170,2,2,111,192,0.6939797387558109
Dark,bHLH_1:29388504-29388753_binding_1047,0.541176,170,2,4,110,75,-0.46346849601074264
Dark,bHLH_1:29388504-29388753_reference_binding_2701,0.541176,170,2,3,40,50,0.22021799170381268
Dark,bHLH_1:29452538-29452787_binding_323,0.482353,170,2,10,466,872,0.9077263751969171
Dark,bHLH_1:29452538-29452787_reference_binding_2238,0.494118,170,2,9,362,1538,2.0092174499799214
Dark,bHLH_1:29516133-29516382_binding_498,0.376471,170,2,16,558,3314,2.600611584904832
Dark,bHLH_1:29516133-29516382_reference_binding_2332,0.388235,170,2,19,575,3978,2.800761584624947
Dark,bHLH_1:29525351-29525600_non_binding_1620,0.388235,170,2,12,542,198,-1.2914506097512373
Dark,bHLH_1:29525351-29525600_non_binding_769,0.376471,170,2,6,225,104,-1.2074574571918404
Dark,bHLH_1:29525351-29525600_reference_binding_2555,0.382353,170,2,3,153,97,-0.8260330790165096
Dark,bHLH_1:29527572-29527821_binding_1154,0.370588,170,1,1,26,43,0.6180537184619848
Dark,bHLH_1:29527572-29527821_binding_341,0.394118,170,2,5,229,139,-0.8814119249282172
Dark,bHLH_1:29527572-29527821_reference_binding_2248,0.370588,170,2,2,197,99,-1.0108059980259823
Dark,bHLH_1:29584319-29584568_non_binding_1707,0.405882,170,2,10,410,158,-1.3976796102804934
Dark,bHLH_1:29584319-29584568_reference_binding_2890,0.405882,170,2,18,723,670,-0.1771286920161946
Dark,bHLH_1:29593673-29593922_non_binding_692,0.364706,170,2,11,333,1025,1.4092750628270663
Dark,bHLH_1:29593673-29593922_reference_binding_2496,0.364706,170,2,11,407,1086,1.5595153713447734
Dark,bHLH_1:29621090-29621339_binding_1020,0.4,170,2,5,176,353,0.9982732674206749
Dark,bHLH_1:29621090-29621339_binding_1161,0.417647,170,2,4,253,514,0.9549634973587143
Dark,bHLH_1:29621090-29621339_binding_1309,0.411765,170,2,8,348,596,1.068788687386459
Dark,bHLH_1:29621090-29621339_reference_binding_2691,0.411765,170,2,7,331,619,0.770964860048391
Dark,bHLH_1:29662078-29662327_binding_1227,0.447059,170,2,8,374,229,-0.7156031540089612
Dark,bHLH_1:29662078-29662327_binding_4,0.429412,170,2,5,187,90,-0.715890636509484
Dark,bHLH_1:29662078-29662327_reference_binding_2004,0.441176,170,2,5,218,123,-0.9311385193168696
Dark,bHLH_1:29675855-29676104_non_binding_1738,0.458824,170,2,13,735,239,-1.4712718494631227
Dark,bHLH_1:29675855-29676104_reference_binding_2905,0.458824,170,2,16,780,280,-1.4264335757591526
Dark,bHLH_1:29677217-29677466_binding_449,0.458824,170,2,8,352,221,-0.6980961360635891
Dark,bHLH_1:29677217-29677466_non_binding_1586,0.423529,170,2,11,568,393,-0.5617830416152779
Dark,bHLH_1:29677217-29677466_non_binding_601,0.429412,170,2,8,392,287,-0.46648244301834013
Dark,bHLH_1:29677217-29677466_non_binding_733,0.429412,170,2,7,330,200,-0.6601626525251038
Dark,bHLH_1:29677217-29677466_reference_binding_2306,0.429412,170,2,6,209,149,-0.6053746180875555
Dark,bHLH_1:2970220-2970469_binding_1146,0.388235,170,2,15,543,462,-0.08881220083515542
Dark,bHLH_1:2970220-2970469_binding_1314,0.382353,170,2,17,787,1077,0.4489636686559213
Dark,bHLH_1:2970220-2970469_binding_1432,0.388235,170,2,13,584,430,-0.3211595883890075
Dark,bHLH_1:2970220-2970469_binding_412,0.411765,170,2,10,421,315,-0.3511799186970787
Dark,bHLH_1:2970220-2970469_non_binding_833,0.382353,170,2,7,207,184,-0.003982906514085033
Dark,bHLH_1:2970220-2970469_non_binding_979,0.382353,170,2,18,696,723,-0.03279716243929322
Dark,bHLH_1:2970220-2970469_reference_binding_2288,0.388235,170,2,10,517,323,-0.7309654854356191
Dark,bHLH_1:29740844-29741093_non_binding_512,0.347059,170,2,4,206,126,-0.6464398610344109
Dark,bHLH_1:29740844-29741093_reference_binding_2345,0.352941,170,2,3,120,82,-0.5084219821873116
Dark,bHLH_1:29756764-29757013_non_binding_1731,0.335294,170,2,6,463,146,-1.5495749765740998
Dark,bHLH_1:29756764-29757013_reference_binding_2901,0.341176,170,1,2,34,15,-1.2883435637408416
Dark,bHLH_1:29800072-29800321_non_binding_1932,0.476471,170,2,5,266,146,-0.9036698916572866
Dark,bHLH_1:29800072-29800321_reference_binding_2973,0.458824,170,2,10,457,222,-1.0110530317088124
Dark,bHLH_1:29823375-29823624_non_binding_1969,0.429412,170,2,16,698,1491,1.1508355728770392
Dark,bHLH_1:29823375-29823624_reference_binding_2983,0.423529,170,2,10,357,290,-0.13750244325197566
Dark,bHLH_1:29857226-29857475_non_binding_793,0.417647,170,2,2,134,396,1.8344834791092999
Dark,bHLH_1:29857226-29857475_reference_binding_2573,0.423529,170,2,10,324,1250,2.014277254097384
Dark,bHLH_1:29867456-29867705_non_binding_1755,0.382353,170,2,14,737,683,-0.2236452769305239
Dark,bHLH_1:29867456-29867705_non_binding_1784,0.376471,170,2,17,798,830,0.046202874304991065
Dark,bHLH_1:29867456-29867705_reference_binding_2911,0.405882,170,2,17,568,1252,1.1241171093947968
Dark,bHLH_1:29875280-29875529_binding_117,0.305882,170,2,5,168,182,-0.04261546967743668
Dark,bHLH_1:29875280-29875529_binding_118,0.3,170,2,4,78,116,0.8725386335801266
Dark,bHLH_1:29875280-29875529_binding_437,0.305882,170,2,2,16,78,1.8068468702681564
Dark,bHLH_1:29875280-29875529_binding_438,0.294118,170,2,2,66,47,-0.196719310803724
Dark,bHLH_1:29875280-29875529_non_binding_1632,0.270588,170,2,5,151,124,-0.17634258086407456
Dark,bHLH_1:29875280-29875529_reference_binding_2106,0.276471,170,2,5,140,94,-0.5482305662189955
Dark,bHLH_1:29889049-29889298_non_binding_1614,0.4,170,2,15,721,297,-1.120424173119837
Dark,bHLH_1:29889049-29889298_non_binding_825,0.394118,170,2,10,433,232,-0.9466687906005834
Dark,bHLH_1:29889049-29889298_reference_binding_2590,0.405882,170,2,12,662,483,-0.5450035778050346
Dark,bHLH_1:2990360-2990609_binding_304,0.376471,170,2,6,266,149,-0.6313793651631737
Dark,bHLH_1:2990360-2990609_reference_binding_2228,0.358824,170,2,11,419,1757,2.0736046697205763
Dark,bHLH_1:29948549-29948798_non_binding_1690,0.4,170,2,24,1003,601,-0.8051671824531089
Dark,bHLH_1:29948549-29948798_non_binding_657,0.405882,170,2,17,1161,723,-0.7538909968635019
Dark,bHLH_1:29948549-29948798_reference_binding_2468,0.4,170,2,12,436,291,-0.6549352389861842
Dark,bHLH_1:29958589-29958838_non_binding_805,0.441176,170,2,7,282,140,-1.013556149914225
Dark,bHLH_1:29958589-29958838_reference_binding_2578,0.452941,170,2,11,332,180,-0.785921607016414
Dark,bHLH_1:2997191-2997440_non_binding_910,0.411765,170,2,9,302,688,1.2688991908370093
Dark,bHLH_1:2997191-2997440_reference_binding_2647,0.429412,170,2,8,308,1199,2.04447916486111
Dark,bHLH_1:29972535-29972784_binding_156,0.4,170,2,14,550,274,-1.093343829819852
Dark,bHLH_1:29972535-29972784_non_binding_654,0.388235,170,2,17,888,262,-1.7147451929976918
Dark,bHLH_1:29972535-29972784_reference_binding_2137,0.394118,170,2,17,777,250,-1.3363900287322452
Dark,bHLH_1:29975496-29975745_binding_1279,0.358824,170,2,9,338,645,0.7821875381383937
Dark,bHLH_1:29975496-29975745_binding_1440,0.358824,170,2,8,362,542,0.8319745266477032
Dark,bHLH_1:29975496-29975745_binding_446,0.358824,170,2,6,291,592,1.0048997387559133
Dark,bHLH_1:29975496-29975745_reference_binding_2303,0.352941,170,2,11,366,785,1.2114447951266714
Dark,bHLH_1:30101245-30101494_binding_373,0.517647,170,2,13,655,195,-1.7780612431552472
Dark,bHLH_1:30101245-30101494_reference_binding_2265,0.517647,170,2,13,617,177,-1.7195276493183629
Dark,bHLH_1:30105784-30106033_binding_260,0.494118,170,2,13,723,296,-1.3140581250405365
Dark,bHLH_1:30105784-30106033_non_binding_795,0.482353,170,2,14,607,203,-1.4428151256930302
Dark,bHLH_1:30105784-30106033_reference_binding_2204,0.488235,170,2,17,1043,444,-1.3256108718746242
Dark,bHLH_1:30115091-30115340_binding_1,0.423529,170,2,18,865,530,-0.7822747516666944
Dark,bHLH_1:30115091-30115340_binding_1388,0.4,170,2,14,666,305,-1.2842436015164562
Dark,bHLH_1:30115091-30115340_binding_174,0.405882,170,2,13,637,323,-1.0951527783312183
Dark,bHLH_1:30115091-30115340_non_binding_821,0.405882,170,2,4,237,74,-1.0142446569908163
Dark,bHLH_1:30115091-30115340_reference_binding_2001,0.405882,170,2,26,1138,616,-0.9303100791576925
Dark,bHLH_1:30129932-30130181_binding_1277,0.370588,170,2,10,380,360,0.1415435141201042
Dark,bHLH_1:30129932-30130181_reference_binding_2760,0.364706,170,2,8,403,307,-0.31508950732169105
Dark,bHLH_1:30167932-30168181_binding_1324,0.482353,170,2,6,311,122,-1.4230226168204494
Dark,bHLH_1:30167932-30168181_reference_binding_2775,0.470588,170,2,2,76,18,-1.7269637848403623
Dark,bHLH_1:30177580-30177829_reference_binding_2377,0.429412,170,1,1,16,8,-0.9090726462756022
Dark,bHLH_1:30184676-30184925_binding_461,0.482353,170,2,7,358,129,-1.4601014558795327
Dark,bHLH_1:30184676-30184925_non_binding_764,0.482353,170,2,8,407,157,-1.1353390946791246
Dark,bHLH_1:30184676-30184925_non_binding_861,0.488235,170,2,9,415,144,-1.4885829099739634
Dark,bHLH_1:30184676-30184925_reference_binding_2316,0.488235,170,2,6,278,74,-1.8212693527342947
Dark,bHLH_1:30187294-30187543_non_binding_1551,0.347059,170,2,6,214,130,-0.6118684897307367
Dark,bHLH_1:30187294-30187543_non_binding_673,0.358824,170,2,10,573,596,-0.053157595694304394
Dark,bHLH_1:30187294-30187543_reference_binding_2481,0.352941,170,2,17,1124,847,-0.49494060324373257
Dark,bHLH_1:3019771-3020020_binding_1018,0.429412,170,2,7,463,270,-0.6729559596909235
Dark,bHLH_1:3019771-3020020_binding_58,0.429412,170,2,14,592,302,-1.0017871064553818
Dark,bHLH_1:3019771-3020020_non_binding_593,0.417647,170,2,7,243,142,-0.7146696345455067
Dark,bHLH_1:3019771-3020020_reference_binding_2054,0.423529,170,2,6,236,109,-1.219242099238857
Dark,bHLH_1:3020292-3020541_binding_1040,0.488235,170,2,14,466,624,0.3680484266938558
Dark,bHLH_1:3020292-3020541_binding_1061,0.488235,170,2,17,579,889,0.6580318208621749
Dark,bHLH_1:3020292-3020541_binding_1111,0.517647,170,2,32,1188,2479,1.034036686429024
Dark,bHLH_1:3020292-3020541_binding_1187,0.505882,170,2,23,1040,2873,1.4196748182783971
Dark,bHLH_1:3020292-3020541_binding_1285,0.488235,170,2,12,381,448,0.2330855964559703
Dark,bHLH_1:3020292-3020541_binding_1464,0.494118,170,2,14,460,591,0.26634696703464217
Dark,bHLH_1:3020292-3020541_binding_147,0.476471,170,2,9,323,887,1.3745628436324298
Dark,bHLH_1:3020292-3020541_binding_167,0.470588,170,2,12,419,432,0.05404946841981227
Dark,bHLH_1:3020292-3020541_binding_33,0.482353,170,2,15,693,995,0.5210655922748579
Dark,bHLH_1:3020292-3020541_binding_497,0.488235,170,2,18,849,1241,0.4442894331128423
Dark,bHLH_1:3020292-3020541_reference_binding_2032,0.505882,170,2,21,880,1506,0.6788011687575345
Dark,bHLH_1:30227134-30227383_non_binding_1949,0.429412,170,2,15,639,291,-1.0419583282208829
Dark,bHLH_1:30227134-30227383_reference_binding_2974,0.429412,170,2,19,998,569,-0.913121134477826
Dark,bHLH_1:30244199-30244448_binding_1172,0.570588,170,2,25,1229,2187,0.8115110244223218
Dark,bHLH_1:30244199-30244448_reference_binding_2739,0.588235,170,2,20,675,971,0.5003899201932465
Dark,bHLH_1:30247391-30247640_binding_1140,0.505882,170,2,7,548,86,-2.299206741830737
Dark,bHLH_1:30247391-30247640_binding_1292,0.511765,170,2,4,200,31,-2.049006403772538
Dark,bHLH_1:30247391-30247640_binding_1321,0.505882,170,2,1,13,8,-1.708861700328404
Dark,bHLH_1:30247391-30247640_binding_203,0.505882,170,2,7,356,94,-1.8308286576080661
Dark,bHLH_1:30247391-30247640_binding_204,0.505882,170,2,5,339,71,-2.2341517234561934
Dark,bHLH_1:30247391-30247640_reference_binding_2169,0.517647,170,2,5,147,43,-1.6955777995495334
Dark,bHLH_1:30260711-30260960_non_binding_1906,0.423529,170,2,18,824,945,0.17950623485180903
Dark,bHLH_1:30260711-30260960_reference_binding_2967,0.435294,170,2,20,704,2180,1.5900556582343741
Dark,bHLH_1:30275162-30275411_non_binding_780,0.352941,170,2,10,271,240,-0.09856900000863725
Dark,bHLH_1:30275162-30275411_reference_binding_2563,0.352941,170,2,7,237,424,0.8987649251448722
Dark,bHLH_1:30285880-30286129_binding_441,0.405882,170,2,9,246,249,0.23398773453763744
Dark,bHLH_1:30285880-30286129_reference_binding_2299,0.394118,170,2,13,674,241,-1.5484859653956073
Dark,bHLH_1:3031678-3031927_binding_1131,0.405882,170,2,3,76,283,2.4514117881454163
Dark,bHLH_1:3031678-3031927_binding_1419,0.4,170,2,5,137,506,1.9241214459421052
Dark,bHLH_1:3031678-3031927_binding_81,0.382353,170,2,2,22,48,1.565190994404278
Dark,bHLH_1:3031678-3031927_non_binding_956,0.405882,170,2,8,287,1147,1.9806572264047109
Dark,bHLH_1:3031678-3031927_reference_binding_2077,0.411765,170,2,9,255,841,1.7440279030943993
Dark,bHLH_1:30317849-30318098_binding_1160,0.5,170,2,9,420,165,-1.3311096353430427
Dark,bHLH_1:30317849-30318098_binding_1215,0.494118,170,2,11,481,1355,1.571024796610632
Dark,bHLH_1:30317849-30318098_binding_1463,0.5,170,2,7,270,374,0.4977238758620009
Dark,bHLH_1:30317849-30318098_binding_1479,0.488235,170,2,10,427,253,-0.7493562381805605
Dark,bHLH_1:30317849-30318098_binding_345,0.494118,170,2,18,984,1034,-0.09160091474890811
Dark,bHLH_1:30317849-30318098_reference_binding_2250,0.5,170,2,3,211,93,-1.0383062359899164
Dark,bHLH_1:30351247-30351496_reference_binding_2842,0.270588,170,2,3,69,18,-0.7024454748875775
Dark,bHLH_1:30351686-30351935_binding_272,0.447059,170,2,20,840,403,-1.0308884384401673
Dark,bHLH_1:30351686-30351935_binding_408,0.411765,170,2,18,706,355,-0.9855113526438519
Dark,bHLH_1:30351686-30351935_binding_93,0.423529,170,2,13,454,258,-0.7845653952042451
Dark,bHLH_1:30351686-30351935_reference_binding_2087,0.441176,170,2,9,281,293,0.10333836862014173
Dark,bHLH_1:30354658-30354907_binding_155,0.364706,170,2,11,366,386,0.0815033637867593
Dark,bHLH_1:30354658-30354907_binding_282,0.376471,170,2,10,319,418,0.18486785142149598
Dark,bHLH_1:30354658-30354907_reference_binding_2136,0.352941,170,2,11,350,546,0.6995998576878539
Dark,bHLH_1:303932-304181_non_binding_1562,0.488235,170,2,9,331,139,-1.2454913598973905
Dark,bHLH_1:303932-304181_reference_binding_2404,0.482353,170,1,1,22,5,-2.0465761700255367
Dark,bHLH_1:3069173-3069422_binding_114,0.370588,170,2,17,640,875,0.4148258997154487
Dark,bHLH_1:3069173-3069422_binding_193,0.370588,170,2,12,558,796,0.4310114984414964
Dark,bHLH_1:3069173-3069422_reference_binding_2104,0.352941,170,2,19,629,595,-0.14438244064245395
Dark,bHLH_1:3093242-3093491_binding_200,0.464706,170,2,3,143,480,1.7904206938932203
Dark,bHLH_1:3093242-3093491_binding_245,0.458824,170,2,9,432,845,1.0312682475599992
Dark,bHLH_1:3093242-3093491_binding_256,0.458824,170,2,9,238,549,1.1926577967551002
Dark,bHLH_1:3093242-3093491_non_binding_563,0.464706,170,2,13,595,1304,1.1935999071983623
Dark,bHLH_1:3093242-3093491_non_binding_796,0.464706,170,2,6,280,673,1.2134889659170747
Dark,bHLH_1:3093242-3093491_reference_binding_2166,0.470588,170,2,14,402,853,1.1577763232104845
Dark,bHLH_1:3125676-3125925_binding_1121,0.317647,170,2,5,257,320,0.2763730053005464
Dark,bHLH_1:3125676-3125925_binding_1255,0.317647,170,2,5,126,150,0.37064311989481263
Dark,bHLH_1:3125676-3125925_binding_1284,0.311765,170,2,12,320,444,0.3172775787033042
Dark,bHLH_1:3125676-3125925_binding_1403,0.311765,170,2,8,313,284,-0.13425218614918952
Dark,bHLH_1:3125676-3125925_binding_1454,0.305882,170,2,6,217,243,-0.022022312829164253
Dark,bHLH_1:3125676-3125925_non_binding_843,0.317647,170,2,9,256,259,0.03517682560166446
Dark,bHLH_1:3125676-3125925_non_binding_967,0.305882,170,2,13,575,431,-0.4156337138037689
Dark,bHLH_1:3125676-3125925_non_binding_974,0.311765,170,2,9,261,237,-0.2313956603365345
Dark,bHLH_1:3125676-3125925_non_binding_984,0.311765,170,2,10,363,436,0.24426136095517376
Dark,bHLH_1:3125676-3125925_reference_binding_2598,0.323529,170,2,5,141,115,-0.3505696870536563
Dark,bHLH_1:3134817-3135066_non_binding_1563,0.382353,170,2,10,238,223,0.034422863538694864
Dark,bHLH_1:3134817-3135066_non_binding_758,0.388235,170,2,13,463,350,-0.37928233658785826
Dark,bHLH_1:3134817-3135066_reference_binding_2548,0.388235,170,2,12,398,387,0.18507119748040743
Dark,bHLH_1:3136490-3136739_binding_188,0.470588,170,2,5,170,80,-1.4893879617705519
Dark,bHLH_1:3136490-3136739_reference_binding_2156,0.476471,170,2,4,92,38,-1.3964536987487692
Dark,bHLH_1:3140802-3141051_binding_340,0.452941,170,2,12,495,212,-1.3784507247412616
Dark,bHLH_1:3140802-3141051_reference_binding_2247,0.458824,170,2,8,340,121,-1.3543350264697769
Dark,bHLH_1:3169000-3169249_binding_489,0.429412,170,2,9,298,377,0.2484019669597089
Dark,bHLH_1:3169000-3169249_non_binding_972,0.423529,170,2,5,182,93,-0.6374932053301364
Dark,bHLH_1:3169000-3169249_reference_binding_2328,0.411765,170,2,10,280,275,-0.023964024790183683
Dark,bHLH_1:3169742-3169991_binding_1236,0.529412,170,2,7,235,78,-1.7677614279753215
Dark,bHLH_1:3169742-3169991_binding_1462,0.535294,170,2,8,345,100,-1.418496442988228
Dark,bHLH_1:3169742-3169991_binding_1466,0.541176,170,2,9,529,142,-1.4544237924425574
Dark,bHLH_1:3169742-3169991_binding_151,0.523529,170,2,5,143,56,-1.2184116734370736
Dark,bHLH_1:3169742-3169991_non_binding_814,0.541176,170,2,9,494,153,-1.3002551645620075
Dark,bHLH_1:3169742-3169991_non_binding_952,0.547059,170,2,4,262,80,-1.794467907179647
Dark,bHLH_1:3169742-3169991_reference_binding_2133,0.547059,170,2,5,242,61,-1.9821639397944928
Dark,bHLH_1:3177500-3177749_binding_196,0.447059,170,2,4,125,51,-1.2579389667283642
Dark,bHLH_1:3177500-3177749_reference_binding_2162,0.458824,170,2,11,471,194,-1.4257876934037865
Dark,bHLH_1:3207531-3207780_non_binding_1599,0.388235,170,2,14,589,333,-0.7499405037347311
Dark,bHLH_1:3207531-3207780_non_binding_630,0.388235,170,2,21,571,416,-0.3890959248774475
Dark,bHLH_1:3207531-3207780_reference_binding_2447,0.394118,170,2,17,690,487,-0.535069761119623
Dark,bHLH_1:3220180-3220429_non_binding_1689,0.5,170,2,3,135,46,-1.573763216702095
Dark,bHLH_1:3220180-3220429_non_binding_652,0.488235,170,2,1,26,5,-1.5508121922858211
Dark,bHLH_1:3220180-3220429_reference_binding_2464,0.494118,170,2,2,81,24,-1.9845164534558546
Dark,bHLH_1:3238509-3238758_non_binding_1527,0.458824,170,1,1,33,7,-2.1461118435764517
Dark,bHLH_1:3238509-3238758_reference_binding_2806,0.452941,170,2,2,126,14,-2.7062408727224976
Dark,bHLH_1:3245293-3245542_binding_349,0.411765,170,2,13,641,389,-0.6097417430440131
Dark,bHLH_1:3245293-3245542_binding_363,0.4,170,2,6,185,260,0.5433453602652876
Dark,bHLH_1:3245293-3245542_reference_binding_2252,0.417647,170,2,11,678,992,0.49392632727867064
Dark,bHLH_1:3264530-3264779_binding_1313,0.517647,170,2,24,1148,1737,0.4364763902310604
Dark,bHLH_1:3264530-3264779_reference_binding_2773,0.517647,170,2,15,559,1397,1.2790307534079188
Dark,bHLH_1:3291778-3292027_non_binding_1550,0.394118,170,2,4,194,122,-0.6788181759871014
Dark,bHLH_1:3291778-3292027_non_binding_1612,0.394118,170,2,5,305,146,-0.9634379973327309
Dark,bHLH_1:3291778-3292027_non_binding_1739,0.4,170,2,6,272,183,-0.5256487211055899
Dark,bHLH_1:3291778-3292027_reference_binding_2822,0.4,170,2,8,394,126,-1.2130424847677554
Dark,bHLH_1:3295308-3295557_binding_490,0.376471,170,2,9,413,273,-0.5610426568902439
Dark,bHLH_1:3295308-3295557_non_binding_1543,0.364706,170,2,9,384,236,-0.6483769638993708
Dark,bHLH_1:3295308-3295557_non_binding_647,0.364706,170,2,9,414,316,-0.4328373035932036
Dark,bHLH_1:3295308-3295557_non_binding_838,0.364706,170,2,10,475,243,-0.7125792129096427
Dark,bHLH_1:3295308-3295557_reference_binding_2329,0.364706,170,2,4,275,121,-0.9111953497643124
Dark,bHLH_1:3316047-3316296_binding_1399,0.347059,170,2,7,306,354,0.33245306426379195
Dark,bHLH_1:3316047-3316296_binding_1404,0.335294,170,2,8,342,202,-0.7003267897446845
Dark,bHLH_1:3316047-3316296_binding_1484,0.341176,170,2,4,225,133,-0.6350537059200243
Dark,bHLH_1:3316047-3316296_binding_1487,0.335294,170,2,10,587,354,-0.8613880554660835
Dark,bHLH_1:3316047-3316296_reference_binding_2787,0.341176,170,2,5,206,172,-0.1977766033677994
Dark,bHLH_1:3350078-3350327_non_binding_1858,0.476471,170,2,13,603,247,-1.1435281656770047
Dark,bHLH_1:3350078-3350327_non_binding_1897,0.476471,170,2,5,382,185,-0.9173493376362833
Dark,bHLH_1:3350078-3350327_non_binding_1986,0.476471,170,2,13,614,310,-0.809604706514189
Dark,bHLH_1:3350078-3350327_reference_binding_2955,0.476471,170,2,9,258,212,-0.42606797175478073
Dark,bHLH_1:3360996-3361245_non_binding_817,0.423529,170,2,11,454,175,-1.4122043002047842
Dark,bHLH_1:3360996-3361245_reference_binding_2585,0.411765,170,2,11,409,187,-1.1239789044492166
Dark,bHLH_1:3375654-3375903_binding_1128,0.482353,170,2,13,526,437,-0.16087409479249498
Dark,bHLH_1:3375654-3375903_binding_1270,0.476471,170,2,16,762,523,-0.5261701337887823
Dark,bHLH_1:3375654-3375903_binding_1497,0.464706,170,2,25,1226,1167,0.014909107296631557
Dark,bHLH_1:3375654-3375903_reference_binding_2726,0.476471,170,2,15,608,600,0.06673637622127018
Dark,bHLH_1:3392230-3392479_binding_172,0.476471,170,2,4,129,58,-1.232773054098238
Dark,bHLH_1:3392230-3392479_reference_binding_2149,0.476471,170,2,4,181,62,-1.4675762190396227
Dark,bHLH_1:3437137-3437386_non_binding_1839,0.411765,170,2,16,597,390,-0.6418936792912706
Dark,bHLH_1:3437137-3437386_non_binding_730,0.411765,170,2,3,156,63,-1.283313507389091
Dark,bHLH_1:3437137-3437386_non_binding_836,0.411765,170,2,9,281,115,-1.2310908954968705
Dark,bHLH_1:3437137-3437386_reference_binding_2526,0.405882,170,2,6,134,61,-0.6182940022799408
Dark,bHLH_1:355682-355931_binding_239,0.511765,170,2,1,15,5,-1.7702029602158178
Dark,bHLH_1:355682-355931_binding_440,0.511765,170,2,5,220,64,-1.8578707588536547
Dark,bHLH_1:355682-355931_reference_binding_2193,0.517647,170,2,5,295,186,-0.7655573858764494
Dark,bHLH_1:3563006-3563255_non_binding_978,0.5,170,2,20,702,1821,1.3714455771773881
Dark,bHLH_1:3563006-3563255_reference_binding_2675,0.511765,170,2,17,1112,2880,1.3596635688229812
Dark,bHLH_1:3624462-3624711_binding_1359,0.288235,170,2,13,545,1120,1.086271553438545
Dark,bHLH_1:3624462-3624711_binding_18,0.294118,170,2,14,540,1276,1.1787102595669277
Dark,bHLH_1:3624462-3624711_binding_342,0.317647,170,2,10,340,893,1.3228306909759828
Dark,bHLH_1:3624462-3624711_reference_binding_2018,0.282353,170,2,7,227,318,0.2971360641644215
Dark,bHLH_1:3627225-3627474_binding_266,0.358824,170,2,15,649,316,-1.1339784894131528
Dark,bHLH_1:3627225-3627474_reference_binding_2208,0.370588,170,2,12,453,210,-0.9790442569806407
Dark,bHLH_1:362801-363050_non_binding_1919,0.5,170,2,8,357,188,-1.012533604601109
Dark,bHLH_1:362801-363050_reference_binding_2971,0.529412,170,2,10,464,309,-0.728755532567183
Dark,bHLH_1:3665866-3666115_binding_1069,0.470588,170,2,11,488,403,-0.3029492823025145
Dark,bHLH_1:3665866-3666115_binding_1331,0.470588,170,2,9,448,120,-1.7749259280394871
Dark,bHLH_1:3665866-3666115_binding_1382,0.476471,170,2,3,110,38,-1.3041117568324883
Dark,bHLH_1:3665866-3666115_binding_154,0.452941,170,2,8,440,135,-1.220020898368858
Dark,bHLH_1:3665866-3666115_binding_422,0.447059,170,2,11,406,330,-0.37787094762395634
Dark,bHLH_1:3665866-3666115_reference_binding_2135,0.476471,170,2,16,809,344,-1.3188524174291354
Dark,bHLH_1:3675540-3675789_non_binding_1686,0.347059,170,2,7,263,254,-0.10978433750052569
Dark,bHLH_1:3675540-3675789_reference_binding_2884,0.352941,170,2,2,46,21,-0.47608414383880926
Dark,bHLH_1:368677-368926_non_binding_594,0.311765,170,2,12,615,377,-0.4160474605436597
Dark,bHLH_1:368677-368926_reference_binding_2416,0.317647,170,2,10,445,289,-0.6234798872782289
Dark,bHLH_1:3731158-3731407_binding_445,0.435294,170,2,8,572,721,0.3006809141911729
Dark,bHLH_1:3731158-3731407_non_binding_549,0.435294,170,2,14,527,568,0.15160211236618454
Dark,bHLH_1:3731158-3731407_non_binding_578,0.429412,170,2,15,688,634,0.08373130230456433
Dark,bHLH_1:3731158-3731407_non_binding_889,0.423529,170,2,10,470,554,0.17653768452913332
Dark,bHLH_1:3731158-3731407_reference_binding_2302,0.429412,170,2,7,335,293,-0.19510320067604386
Dark,bHLH_1:3770279-3770528_non_binding_1917,0.382353,170,2,12,500,1200,1.3522903894479024
Dark,bHLH_1:3770279-3770528_reference_binding_2970,0.411765,170,2,22,1105,1595,0.44078090381646906
Dark,bHLH_1:3783090-3783339_non_binding_1725,0.447059,170,2,17,695,365,-0.8937503316346276
Dark,bHLH_1:3783090-3783339_non_binding_1853,0.435294,170,2,18,698,296,-1.2348398528492521
Dark,bHLH_1:3783090-3783339_non_binding_1878,0.423529,170,2,15,1121,578,-0.9600107123926176
Dark,bHLH_1:3783090-3783339_non_binding_1921,0.429412,170,2,8,357,143,-0.8994666871516601
Dark,bHLH_1:3783090-3783339_non_binding_1944,0.423529,170,2,8,379,208,-1.0192042811831676
Dark,bHLH_1:3783090-3783339_non_binding_1972,0.423529,170,2,10,591,265,-1.219951897537314
Dark,bHLH_1:3783090-3783339_non_binding_1989,0.423529,170,2,5,185,77,-1.0202153923461195
Dark,bHLH_1:3788119-3788368_non_binding_537,0.435294,170,2,16,546,546,-0.07505524761904364
Dark,bHLH_1:3788119-3788368_reference_binding_2370,0.429412,170,2,11,427,367,-0.42413842402132673
Dark,bHLH_1:3791825-3792074_non_binding_637,0.435294,170,2,1,56,18,-1.272045483619746
Dark,bHLH_1:3791825-3792074_non_binding_797,0.441176,170,2,3,38,29,-0.6935808379708519
Dark,bHLH_1:3791825-3792074_non_binding_809,0.435294,170,2,2,44,19,-0.8177617255371041
Dark,bHLH_1:3791825-3792074_reference_binding_2454,0.441176,170,2,1,16,6,-1.2159407318267332
Dark,bHLH_1:3817185-3817434_binding_1015,0.341176,170,2,2,105,40,-0.782068023564862
Dark,bHLH_1:3817185-3817434_binding_1133,0.352941,170,2,4,278,155,-0.9836202595118538
Dark,bHLH_1:3817185-3817434_binding_1167,0.358824,170,2,4,249,164,-0.5390738116979767
Dark,bHLH_1:3817185-3817434_binding_1211,0.347059,170,2,5,233,150,-0.7126231337033753
Dark,bHLH_1:3817185-3817434_binding_1299,0.352941,170,2,4,112,79,-0.6011210891144347
Dark,bHLH_1:3817185-3817434_binding_1352,0.352941,170,2,4,169,112,-0.4975956824155196
Dark,bHLH_1:3817185-3817434_binding_1424,0.352941,170,2,3,96,66,-0.5870418530929098
Dark,bHLH_1:3817185-3817434_binding_153,0.347059,170,2,2,124,48,-1.2273952620621782
Dark,bHLH_1:3817185-3817434_binding_53,0.329412,170,2,3,55,47,-0.37159291785607834
Dark,bHLH_1:3817185-3817434_reference_binding_2049,0.358824,170,2,8,288,256,-0.11288154871639951
Dark,bHLH_1:3819699-3819948_binding_254,0.541176,170,2,28,1611,1042,-0.6077639153088105
Dark,bHLH_1:3819699-3819948_reference_binding_2202,0.517647,170,2,18,833,456,-0.8254186101122698
Dark,bHLH_1:3835646-3835895_binding_1165,0.405882,170,2,15,677,298,-1.125201613557053
Dark,bHLH_1:3835646-3835895_binding_1272,0.417647,170,2,11,436,207,-1.271510413449564
Dark,bHLH_1:3835646-3835895_binding_302,0.388235,170,2,10,358,162,-1.3785885013738302
Dark,bHLH_1:3835646-3835895_reference_binding_2227,0.411765,170,2,11,425,418,-0.20244092754314835
Dark,bHLH_1:3891023-3891272_non_binding_1952,0.347059,170,2,11,432,226,-0.9731483893357044
Dark,bHLH_1:3891023-3891272_reference_binding_2975,0.335294,170,2,2,61,41,-1.1036160675203948
Dark,bHLH_1:3903284-3903533_non_binding_855,0.547059,170,2,8,355,485,0.5034315399745767
Dark,bHLH_1:3903284-3903533_reference_binding_2606,0.535294,170,2,4,193,264,0.5234656622141503
Dark,bHLH_1:391938-392187_non_binding_1886,0.4,170,2,3,100,571,2.3364345105585085
Dark,bHLH_1:391938-392187_non_binding_1981,0.394118,170,2,5,319,2396,2.9020630638110823
Dark,bHLH_1:391938-392187_reference_binding_2962,0.388235,170,2,5,224,147,-0.560707897431497
Dark,bHLH_1:3924464-3924713_non_binding_1590,0.335294,170,2,31,1229,7739,2.590901818015276
Dark,bHLH_1:3924464-3924713_reference_binding_2840,0.341176,170,2,13,437,3067,2.6458345892740995
Dark,bHLH_1:394575-394824_non_binding_502,0.423529,170,2,1,11,7,-1.1269415808377363
Dark,bHLH_1:394575-394824_non_binding_735,0.423529,170,2,4,224,95,-1.1497660259337672
Dark,bHLH_1:394575-394824_non_binding_822,0.423529,170,2,6,120,152,0.6384436193410435
Dark,bHLH_1:394575-394824_reference_binding_2335,0.429412,170,2,8,437,203,-0.8773050553550111
Dark,bHLH_1:394922-395171_binding_290,0.529412,170,2,5,268,91,-1.3875917522261736
Dark,bHLH_1:394922-395171_binding_315,0.529412,170,2,6,254,91,-1.496046981444171
Dark,bHLH_1:394922-395171_non_binding_1703,0.511765,170,2,2,137,59,-1.592463641597476
Dark,bHLH_1:394922-395171_reference_binding_2219,0.511765,170,2,6,289,106,-1.3404905485939276
Dark,bHLH_1:4011452-4011701_binding_1088,0.417647,170,2,2,181,162,-0.12510651745171153
Dark,bHLH_1:4011452-4011701_reference_binding_2715,0.417647,170,2,8,262,355,0.6193445674108031
Dark,bHLH_1:402707-402956_binding_191,0.511765,170,2,1,14,7,-1.2321514706729222
Dark,bHLH_1:402707-402956_reference_binding_2159,0.505882,170,2,4,209,70,-1.5616495259326642
Dark,bHLH_1:4028689-4028938_binding_10,0.541176,170,2,6,180,112,-0.8106600276077444
Dark,bHLH_1:4028689-4028938_binding_1117,0.535294,170,2,9,523,181,-1.6376580657140125
Dark,bHLH_1:4028689-4028938_binding_1289,0.558824,170,2,8,378,136,-1.4278385589526976
Dark,bHLH_1:4028689-4028938_binding_31,0.547059,170,2,14,668,307,-1.1757660408376571
Dark,bHLH_1:4028689-4028938_reference_binding_2010,0.552941,170,2,13,684,287,-1.2392090416788148
Dark,bHLH_1:4069593-4069842_non_binding_924,0.382353,170,2,14,340,1445,1.904101760314573
Dark,bHLH_1:4069593-4069842_reference_binding_2656,0.388235,170,2,10,301,831,1.5647094208082395
Dark,bHLH_1:4082523-4082772_binding_1010,0.364706,170,2,4,166,759,2.163742191742452
Dark,bHLH_1:4082523-4082772_reference_binding_2687,0.370588,170,2,15,445,1633,1.7851072106477037
Dark,bHLH_1:4102367-4102616_non_binding_873,0.329412,170,2,13,498,509,0.03528098514109804
Dark,bHLH_1:4102367-4102616_reference_binding_2618,0.323529,170,2,15,547,664,0.35851435565943257
Dark,bHLH_1:4151687-4151936_non_binding_953,0.347059,170,2,17,573,751,0.3878486124012074
Dark,bHLH_1:4151687-4151936_reference_binding_2669,0.352941,170,2,14,383,799,1.2221615701002375
Dark,bHLH_1:4206702-4206951_non_binding_1558,0.364706,170,2,6,166,107,-0.4627117284101351
Dark,bHLH_1:4206702-4206951_reference_binding_2826,0.370588,170,2,14,520,738,0.3435764060241381
Dark,bHLH_1:4236645-4236894_non_binding_568,0.364706,170,2,1,28,30,-0.38265259868932927
Dark,bHLH_1:4264485-4264734_binding_135,0.476471,170,2,5,248,63,-1.943797397022327
Dark,bHLH_1:4264485-4264734_reference_binding_2121,0.5,170,2,15,717,427,-0.8200537190776104
Dark,bHLH_1:4266746-4266995_binding_1029,0.370588,170,2,15,661,2214,1.7326570604190212
Dark,bHLH_1:4266746-4266995_binding_1042,0.364706,170,2,22,861,2407,1.5415347817977398
Dark,bHLH_1:4266746-4266995_binding_1105,0.358824,170,2,9,328,1190,1.8086917621011622
Dark,bHLH_1:4266746-4266995_binding_1306,0.364706,170,2,26,1104,3942,1.8707575267195862
Dark,bHLH_1:4266746-4266995_binding_1422,0.352941,170,2,18,748,2551,1.696724008548871
Dark,bHLH_1:4266746-4266995_binding_1436,0.358824,170,2,13,437,1377,1.8678033633799132
Dark,bHLH_1:4266746-4266995_binding_1437,0.358824,170,2,14,565,1474,1.4388758903428092
Dark,bHLH_1:4266746-4266995_binding_1491,0.358824,170,2,18,906,2668,1.5845900301690299
Dark,bHLH_1:4266746-4266995_binding_1498,0.358824,170,2,20,975,3188,1.6069284033713038
Dark,bHLH_1:4266746-4266995_binding_404,0.347059,170,2,13,539,1462,1.3502097446418153
Dark,bHLH_1:4266746-4266995_binding_491,0.341176,170,2,7,430,565,0.7009993198171603
Dark,bHLH_1:4266746-4266995_reference_binding_2282,0.358824,170,2,18,801,3495,1.996268299176979
Dark,bHLH_1:4306049-4306298_non_binding_894,0.358824,170,2,1,32,13,-1.1309782311055772
Dark,bHLH_1:4306049-4306298_reference_binding_2635,0.352941,170,2,7,289,172,-0.84207946854878
Dark,bHLH_1:4344663-4344912_non_binding_1806,0.323529,170,2,6,219,114,-1.1575395677421243
Dark,bHLH_1:4344663-4344912_reference_binding_2935,0.323529,170,2,6,159,90,-0.5810014132049686
Dark,bHLH_1:4379440-4379689_binding_177,0.382353,170,2,12,523,538,0.0595259820728164
Dark,bHLH_1:4379440-4379689_binding_421,0.411765,170,2,14,645,539,-0.08641565812449231
Dark,bHLH_1:4379440-4379689_reference_binding_2151,0.376471,170,2,18,577,754,0.3609357668384599
Dark,bHLH_1:4381016-4381265_non_binding_628,0.535294,170,2,13,554,184,-1.506891554767022
Dark,bHLH_1:4381016-4381265_reference_binding_2445,0.529412,170,2,11,505,189,-1.5678637074266732
Dark,bHLH_1:4394359-4394608_binding_276,0.417647,170,2,7,192,452,1.1494787961583475
Dark,bHLH_1:4394359-4394608_binding_476,0.405882,170,2,4,145,284,0.8857735968887965
Dark,bHLH_1:4394359-4394608_binding_70,0.411765,170,2,11,493,705,0.41033335241048496
Dark,bHLH_1:4394359-4394608_reference_binding_2066,0.394118,170,2,2,73,172,1.6723756813848738
Dark,bHLH_1:4423672-4423921_non_binding_1653,0.470588,170,2,19,749,1079,0.49894850076017605
Dark,bHLH_1:4423672-4423921_non_binding_1710,0.476471,170,2,26,867,1035,0.3104918088285369
Dark,bHLH_1:4423672-4423921_non_binding_623,0.476471,170,2,22,795,771,0.16970755533526224
Dark,bHLH_1:4423672-4423921_non_binding_662,0.470588,170,2,16,659,624,0.004430504836283766
Dark,bHLH_1:4423672-4423921_reference_binding_2441,0.476471,170,2,20,645,813,0.32787212605887045
Dark,bHLH_1:4429965-4430214_binding_1072,0.505882,170,2,15,615,687,0.2601234027648318
Dark,bHLH_1:4429965-4430214_binding_13,0.5,170,2,21,912,1155,0.4450985657234675
Dark,bHLH_1:4429965-4430214_binding_331,0.494118,170,2,8,261,242,0.12338608666918957
Dark,bHLH_1:4429965-4430214_binding_464,0.494118,170,2,15,588,1052,0.7354472852780968
Dark,bHLH_1:4429965-4430214_reference_binding_2013,0.5,170,2,8,384,621,0.6426195751747967
Dark,bHLH_1:444578-444827_non_binding_1991,0.352941,170,2,7,232,141,-0.5792425189139727
Dark,bHLH_1:444578-444827_non_binding_1999,0.358824,170,2,10,362,211,-0.7950302293007822
Dark,bHLH_1:444578-444827_non_binding_507,0.347059,170,2,8,361,254,-0.5089536122398558
Dark,bHLH_1:444578-444827_reference_binding_2340,0.352941,170,2,10,385,209,-0.8011668347874187
Dark,bHLH_1:4525995-4526244_binding_1174,0.317647,170,2,5,257,186,-0.48058165496295535
Dark,bHLH_1:4525995-4526244_reference_binding_2740,0.311765,170,2,11,498,722,0.6118059507016638
Dark,bHLH_1:4541682-4541931_binding_1368,0.4,170,2,4,174,729,1.9721579678395158
Dark,bHLH_1:4541682-4541931_reference_binding_2782,0.388235,170,2,16,519,2225,1.9078089263829736
Dark,bHLH_1:4557178-4557427_binding_1239,0.4,170,2,6,124,135,0.10876183997089381
Dark,bHLH_1:4557178-4557427_reference_binding_2749,0.4,170,2,5,78,86,0.15833182470381124
Dark,bHLH_1:4565225-4565474_binding_181,0.388235,170,2,8,302,183,-0.9035560746141469
Dark,bHLH_1:4565225-4565474_binding_241,0.382353,170,2,9,328,179,-0.7702909070885491
Dark,bHLH_1:4565225-4565474_binding_400,0.394118,170,2,11,502,482,-0.05553177103957471
Dark,bHLH_1:4565225-4565474_reference_binding_2153,0.4,170,2,10,444,226,-0.7930585455219031
Dark,bHLH_1:4590379-4590628_binding_1180,0.411765,170,2,16,617,1409,1.1947662241536798
Dark,bHLH_1:4590379-4590628_binding_1367,0.411765,170,2,17,704,2063,1.5241792130256835
Dark,bHLH_1:4590379-4590628_binding_26,0.405882,170,2,13,608,1623,1.3234577752677454
Dark,bHLH_1:4590379-4590628_binding_39,0.423529,170,2,8,273,779,1.3384616816051946
Dark,bHLH_1:4590379-4590628_reference_binding_2026,0.423529,170,2,16,825,1565,1.0169923636446256
Dark,bHLH_1:4605180-4605429_binding_1074,0.458824,170,2,1,37,34,0.0327620048764764
Dark,bHLH_1:4605180-4605429_binding_1434,0.452941,170,2,4,153,186,0.3444488140448042
Dark,bHLH_1:4605180-4605429_binding_1488,0.447059,170,2,6,149,278,0.6447272936550246
Dark,bHLH_1:4605180-4605429_binding_242,0.464706,170,2,4,117,108,0.008271102059961871
Dark,bHLH_1:4605180-4605429_reference_binding_2195,0.458824,170,2,8,308,692,1.2036161481478267
Dark,bHLH_1:4612262-4612511_binding_1300,0.4,170,2,25,909,1491,0.6360801230593776
Dark,bHLH_1:4612262-4612511_binding_1366,0.4,170,2,27,1146,1678,0.5467777194297399
Dark,bHLH_1:4612262-4612511_reference_binding_2768,0.4,170,2,26,1117,1984,0.8169253079744938
Dark,bHLH_1:4658851-4659100_binding_352,0.382353,170,2,4,270,66,-1.928310182062302
Dark,bHLH_1:4658851-4659100_binding_454,0.394118,170,2,6,446,218,-0.9917809903718806
Dark,bHLH_1:4658851-4659100_non_binding_1694,0.370588,170,2,9,426,157,-1.4329732736799539
Dark,bHLH_1:4658851-4659100_reference_binding_2253,0.376471,170,2,5,180,85,-1.1776255528070352
Dark,bHLH_1:4677318-4677567_binding_1077,0.488235,170,2,2,87,16,-2.075051480545368
Dark,bHLH_1:4677318-4677567_binding_109,0.464706,170,2,3,203,43,-2.17107376225089
Dark,bHLH_1:4677318-4677567_binding_351,0.458824,170,2,1,98,11,-2.5165728883518614
Dark,bHLH_1:4677318-4677567_reference_binding_2099,0.482353,170,2,1,30,20,-1.21246435150585
Dark,bHLH_1:4684258-4684507_non_binding_1832,0.388235,170,2,5,245,166,-0.4790430323869591
Dark,bHLH_1:4684258-4684507_non_binding_1926,0.394118,170,2,2,42,45,0.047757874766937575
Dark,bHLH_1:4684258-4684507_reference_binding_2948,0.382353,170,2,2,35,25,0.047815382441894705
Dark,bHLH_1:4702295-4702544_non_binding_717,0.329412,170,2,9,280,231,-0.24488681443098123
Dark,bHLH_1:4702295-4702544_reference_binding_2518,0.335294,170,2,8,265,174,-0.717651964281673
Dark,bHLH_1:4705789-4706038_binding_1064,0.370588,170,2,4,158,162,0.005280214602885552
Dark,bHLH_1:4705789-4706038_binding_1323,0.364706,170,2,9,380,274,-0.43784530642714564
Dark,bHLH_1:4705789-4706038_non_binding_982,0.364706,170,2,7,215,291,0.32752749531911607
Dark,bHLH_1:4705789-4706038_reference_binding_2676,0.358824,170,2,4,191,159,-0.35223232773513935
Dark,bHLH_1:4741921-4742170_non_binding_890,0.411765,170,2,3,139,50,-1.3078321078728252
Dark,bHLH_1:4741921-4742170_reference_binding_2633,0.417647,170,2,2,108,113,0.020017628030447973
Dark,bHLH_1:4743017-4743266_non_binding_1615,0.370588,170,2,18,652,395,-0.8389207744669254
Dark,bHLH_1:4743017-4743266_reference_binding_2853,0.376471,170,2,14,541,279,-0.9606631336850332
Dark,bHLH_1:4840826-4841075_binding_1228,0.482353,170,2,9,397,152,-1.3026199038917605
Dark,bHLH_1:4840826-4841075_binding_36,0.494118,170,2,13,545,232,-1.2791013025455853
Dark,bHLH_1:4840826-4841075_non_binding_565,0.476471,170,2,18,1058,510,-1.2035416927064657
Dark,bHLH_1:4840826-4841075_non_binding_988,0.476471,170,2,13,347,181,-1.048533308360835
Dark,bHLH_1:4840826-4841075_reference_binding_2035,0.482353,170,2,13,689,204,-1.401301505244907
Dark,bHLH_1:484460-484709_non_binding_1763,0.394118,170,2,13,641,201,-1.587275626173178
Dark,bHLH_1:484460-484709_reference_binding_2914,0.4,170,2,19,593,280,-1.1592621794641316
Dark,bHLH_1:4854665-4854914_non_binding_667,0.523529,170,2,1,22,5,-2.177990674647104
Dark,bHLH_1:4854665-4854914_reference_binding_2477,0.517647,170,2,5,116,96,0.01818288676997437
Dark,bHLH_1:485682-485931_binding_453,0.376471,170,2,2,122,298,1.2914730358509137
Dark,bHLH_1:485682-485931_reference_binding_2310,0.4,170,2,7,185,675,1.7833626505233333
Dark,bHLH_1:4932172-4932421_non_binding_806,0.435294,170,2,1,12,9,-0.47322731824161257
Dark,bHLH_1:4932172-4932421_reference_binding_2579,0.429412,170,2,1,58,15,-1.1637383752904087
Dark,bHLH_1:4936560-4936809_binding_122,0.423529,170,2,11,344,561,0.4915521291942262
Dark,bHLH_1:4936560-4936809_binding_1265,0.405882,170,2,8,273,459,0.8490899191534522
Dark,bHLH_1:4936560-4936809_binding_1407,0.405882,170,2,14,421,1158,1.504154426923987
Dark,bHLH_1:4936560-4936809_binding_1425,0.411765,170,2,12,397,934,1.3058232910860297
Dark,bHLH_1:4936560-4936809_reference_binding_2110,0.405882,170,2,13,596,1957,1.6967629529478248
Dark,bHLH_1:4953460-4953709_non_binding_1805,0.305882,170,2,5,123,103,-0.1514055823161362
Dark,bHLH_1:4953460-4953709_non_binding_1859,0.335294,170,2,3,40,106,1.14741050637653
Dark,bHLH_1:4953460-4953709_non_binding_1974,0.341176,170,2,1,5,22,1.9975643386457267
Dark,bHLH_1:4953460-4953709_reference_binding_2934,0.329412,170,2,2,48,109,1.1719580226166675
Dark,bHLH_1:4962206-4962455_non_binding_1646,0.482353,170,2,5,237,81,-1.4961813419711567
Dark,bHLH_1:4962206-4962455_reference_binding_2866,0.482353,170,2,9,304,155,-1.177622108382531
Dark,bHLH_1:4972643-4972892_non_binding_1767,0.335294,170,2,14,728,490,-0.47807588860937844
Dark,bHLH_1:4972643-4972892_non_binding_1783,0.341176,170,2,10,320,255,-0.3882960169980004
Dark,bHLH_1:4972643-4972892_non_binding_1827,0.329412,170,2,12,678,454,-0.5287089705545855
Dark,bHLH_1:4972643-4972892_reference_binding_2917,0.364706,170,2,14,772,511,-0.6341375346415955
Dark,bHLH_1:5046524-5046773_binding_1221,0.529412,170,2,14,678,729,0.09594242099716878
Dark,bHLH_1:5046524-5046773_reference_binding_2746,0.529412,170,2,11,401,525,0.3652587695761935
Dark,bHLH_1:5048107-5048356_binding_428,0.558824,170,2,13,627,291,-0.7996762623097198
Dark,bHLH_1:5048107-5048356_reference_binding_2296,0.558824,170,2,10,414,258,-0.6535485679135955
Dark,bHLH_1:5082468-5082717_non_binding_555,0.435294,170,2,10,546,746,0.5755313165334994
Dark,bHLH_1:5082468-5082717_reference_binding_2386,0.441176,170,2,4,93,92,0.2868224864306344
Dark,bHLH_1:5095412-5095661_non_binding_1501,0.511765,170,2,7,316,171,-0.7581301982841369
Dark,bHLH_1:5124274-5124523_binding_1011,0.441176,170,2,4,125,140,-0.15965984829790647
Dark,bHLH_1:5124274-5124523_binding_471,0.470588,170,2,4,129,115,0.23474776386309548
Dark,bHLH_1:5124274-5124523_reference_binding_2319,0.447059,170,2,9,450,429,0.013268691005380834
Dark,bHLH_1:5151631-5151880_non_binding_572,0.388235,170,2,13,370,269,-0.14021646879202954
Dark,bHLH_1:5151631-5151880_reference_binding_2397,0.394118,170,2,12,422,350,-0.2947463626994421
Dark,bHLH_1:5173352-5173601_binding_1034,0.482353,170,2,8,367,126,-1.4424114360815115
Dark,bHLH_1:5173352-5173601_binding_166,0.464706,170,1,1,65,6,-3.3464779585829003
Dark,bHLH_1:5173352-5173601_reference_binding_2145,0.470588,170,1,2,31,13,-1.361527910344804
Dark,bHLH_1:5176861-5177110_non_binding_607,0.323529,170,2,1,12,5,-1.4324204354647865
Dark,bHLH_1:5176861-5177110_reference_binding_2428,0.329412,170,2,2,68,28,-0.8359956574571417
Dark,bHLH_1:5216190-5216439_non_binding_643,0.452941,170,2,2,128,67,-1.101470898756826
Dark,bHLH_1:5216190-5216439_reference_binding_2457,0.458824,170,2,3,95,44,-0.9848633385408969
Dark,bHLH_1:5287450-5287699_non_binding_1824,0.341176,170,2,6,353,68,-2.326797980880479
Dark,bHLH_1:5287450-5287699_reference_binding_2944,0.352941,170,2,2,140,24,-2.4365542434565866
Dark,bHLH_1:5298025-5298274_non_binding_791,0.458824,170,2,7,181,289,0.6124099012245762
Dark,bHLH_1:5298025-5298274_reference_binding_2571,0.476471,170,2,10,331,735,1.0939871410136295
Dark,bHLH_1:5304205-5304454_non_binding_1728,0.435294,170,2,1,43,87,0.944094710471549
Dark,bHLH_1:5304205-5304454_non_binding_1891,0.411765,170,2,2,23,11,0.15795792538712294
Dark,bHLH_1:5304205-5304454_reference_binding_2900,0.429412,170,2,1,29,37,0.8282782505070585
Dark,bHLH_1:5319512-5319761_non_binding_559,0.435294,170,2,10,507,256,-1.0481300083450806
Dark,bHLH_1:5319512-5319761_non_binding_746,0.435294,170,2,11,455,195,-1.1469635136222407
Dark,bHLH_1:5319512-5319761_reference_binding_2389,0.441176,170,2,11,606,219,-1.3371323563182087
Dark,bHLH_1:5321859-5322108_non_binding_1804,0.494118,170,2,2,187,80,-1.2041603332022226
Dark,bHLH_1:5321859-5322108_non_binding_1851,0.505882,170,2,6,262,345,0.3411070616015578
Dark,bHLH_1:5321859-5322108_non_binding_1936,0.494118,170,2,5,224,189,-0.34301388667752974
Dark,bHLH_1:5321859-5322108_non_binding_1964,0.505882,170,2,9,384,211,-0.9645351489749965
Dark,bHLH_1:5321859-5322108_non_binding_768,0.517647,170,2,10,420,327,-0.39547623723726233
Dark,bHLH_1:5321859-5322108_reference_binding_2554,0.511765,170,2,16,674,528,-0.40808715259032324
Dark,bHLH_1:5333629-5333878_non_binding_1630,0.494118,170,2,2,152,23,-2.320031399152148
Dark,bHLH_1:5333629-5333878_non_binding_1715,0.482353,170,1,1,100,12,-3.1666650071525893
Dark,bHLH_1:5338272-5338521_non_binding_1873,0.347059,170,2,11,309,233,-0.5579992761311927
Dark,bHLH_1:5338272-5338521_non_binding_659,0.352941,170,2,9,426,279,-0.5426600381716169
Dark,bHLH_1:5338272-5338521_reference_binding_2470,0.347059,170,2,7,252,134,-1.0032840499817282
Dark,bHLH_1:534138-534387_non_binding_913,0.470588,170,2,8,505,111,-1.7387311183537646
Dark,bHLH_1:534138-534387_reference_binding_2649,0.482353,170,2,9,465,212,-1.364748893230911
Dark,bHLH_1:536822-537071_binding_1200,0.494118,170,2,15,668,4508,2.7872984023895038
Dark,bHLH_1:536822-537071_binding_237,0.476471,170,2,9,372,1588,2.066770370651693
Dark,bHLH_1:536822-537071_reference_binding_2192,0.505882,170,2,6,268,1481,2.5575294733826546
Dark,bHLH_1:5368355-5368604_non_binding_1788,0.358824,170,2,3,99,98,0.3045905964842097
Dark,bHLH_1:5368355-5368604_non_binding_813,0.364706,170,2,13,586,651,0.34404835320863
Dark,bHLH_1:5368355-5368604_reference_binding_2584,0.358824,170,2,5,222,466,1.117614723825244
Dark,bHLH_1:5380787-5381036_binding_1103,0.429412,170,2,23,624,3476,2.4816071523466636
Dark,bHLH_1:5380787-5381036_binding_1104,0.435294,170,2,16,326,2116,2.6402590982600262
Dark,bHLH_1:5380787-5381036_binding_1256,0.429412,170,2,20,690,4945,2.853653157537331
Dark,bHLH_1:5380787-5381036_binding_169,0.411765,170,2,10,225,1269,2.2989110051054427
Dark,bHLH_1:5380787-5381036_reference_binding_2147,0.435294,170,2,14,233,1240,2.4071710777871225
Dark,bHLH_1:5382624-5382873_non_binding_695,0.435294,170,2,6,400,81,-2.278944674282786
Dark,bHLH_1:5382624-5382873_non_binding_802,0.429412,170,2,2,54,33,-1.033783129404972
Dark,bHLH_1:5382624-5382873_reference_binding_2498,0.429412,170,2,7,267,84,-1.3995567199057004
Dark,bHLH_1:5415602-5415851_binding_1137,0.452941,170,2,24,1090,1164,0.12453148380042281
Dark,bHLH_1:5415602-5415851_reference_binding_2731,0.447059,170,2,17,838,888,0.11681311166421751
Dark,bHLH_1:5462390-5462639_binding_1144,0.423529,170,2,19,782,215,-1.902837665324369
Dark,bHLH_1:5462390-5462639_binding_1251,0.417647,170,2,10,492,140,-2.0259360442049763
Dark,bHLH_1:5462390-5462639_binding_15,0.417647,170,2,6,280,101,-1.4806656733203964
Dark,bHLH_1:5462390-5462639_binding_165,0.435294,170,2,8,334,99,-1.986412748969358
Dark,bHLH_1:5462390-5462639_reference_binding_2015,0.423529,170,2,10,812,196,-1.8302259932509335
Dark,bHLH_1:5485601-5485850_binding_284,0.4,170,2,1,45,38,0.1738259631422165
Dark,bHLH_1:5485601-5485850_non_binding_973,0.411765,170,2,9,402,869,1.1004535354755185
Dark,bHLH_1:5485601-5485850_reference_binding_2214,0.411765,170,2,9,405,1305,1.6892712592940808
Dark,bHLH_1:5486843-5487092_binding_1280,0.388235,170,2,11,470,206,-1.2569749848340668
Dark,bHLH_1:5486843-5487092_reference_binding_2762,0.388235,170,2,16,655,282,-1.2531583173403915
Dark,bHLH_1:5500682-5500931_non_binding_1771,0.458824,170,2,10,374,180,-1.0287291286486528
Dark,bHLH_1:5500682-5500931_non_binding_1823,0.464706,170,2,8,379,186,-0.8707348111603945
Dark,bHLH_1:5500682-5500931_non_binding_1826,0.458824,170,2,9,353,195,-0.8314762490056788
Dark,bHLH_1:5500682-5500931_non_binding_1938,0.452941,170,2,8,366,174,-1.2241434758537086
Dark,bHLH_1:5500682-5500931_reference_binding_2920,0.470588,170,2,8,408,208,-1.055747568297248
Dark,bHLH_1:5502781-5503030_binding_1297,0.476471,170,2,2,52,202,2.1019811030349365
Dark,bHLH_1:5502781-5503030_binding_1319,0.5,170,2,4,191,565,1.8531901021020003
Dark,bHLH_1:5502781-5503030_binding_1355,0.488235,170,2,8,318,1367,2.0969209402989297
Dark,bHLH_1:5502781-5503030_binding_30,0.488235,170,2,11,307,1396,2.2400754216665093
Dark,bHLH_1:5502781-5503030_binding_44,0.482353,170,2,6,377,1936,2.344923166857041
Dark,bHLH_1:5502781-5503030_reference_binding_2030,0.494118,170,2,5,196,1247,2.6508457171952617
Dark,bHLH_1:5515478-5515727_non_binding_1785,0.358824,170,2,8,363,94,-1.761237099608561
Dark,bHLH_1:5515478-5515727_non_binding_1937,0.364706,170,2,15,668,286,-1.2220509183829624
Dark,bHLH_1:5515478-5515727_reference_binding_2923,0.358824,170,2,10,684,152,-2.0313053858959047
Dark,bHLH_1:5536869-5537118_non_binding_583,0.441176,170,2,11,626,295,-0.899371050742765
Dark,bHLH_1:5536869-5537118_non_binding_718,0.435294,170,2,8,281,216,-0.483219538161512
Dark,bHLH_1:5536869-5537118_reference_binding_2406,0.441176,170,2,16,604,317,-0.9484576189782989
Dark,bHLH_1:5581797-5582046_binding_46,0.405882,170,2,9,380,171,-1.2759638951634278
Dark,bHLH_1:5581797-5582046_reference_binding_2043,0.388235,170,2,8,266,92,-1.45145700819927
Dark,bHLH_1:5662839-5663088_non_binding_1787,0.347059,170,2,6,222,186,-0.24470407589668125
Dark,bHLH_1:5662839-5663088_reference_binding_2925,0.358824,170,2,9,278,318,0.14884402949990655
Dark,bHLH_1:5664153-5664402_binding_1217,0.411765,170,2,5,227,213,-0.16737545545977306
Dark,bHLH_1:5664153-5664402_binding_175,0.405882,170,2,6,272,250,0.0480915809062121
Dark,bHLH_1:5664153-5664402_binding_374,0.417647,170,2,12,297,285,-0.12259687050312906
Dark,bHLH_1:5664153-5664402_reference_binding_2150,0.4,170,2,5,262,435,0.7149608278427302
Dark,bHLH_1:5671409-5671658_binding_1305,0.435294,170,2,7,322,99,-1.859202111204815
Dark,bHLH_1:5671409-5671658_binding_139,0.441176,170,2,8,397,229,-0.8959407066776373
Dark,bHLH_1:5671409-5671658_reference_binding_2125,0.441176,170,2,7,283,115,-1.0284624674724996
Dark,bHLH_1:5682476-5682725_non_binding_1719,0.417647,170,2,2,67,16,-1.5100986997422166
Dark,bHLH_1:5682476-5682725_non_binding_1870,0.417647,170,1,1,33,10,-1.631538670746693
Dark,bHLH_1:5682476-5682725_non_binding_1904,0.417647,170,2,1,15,17,-0.2518481898229657
Dark,bHLH_1:5682476-5682725_non_binding_1954,0.411765,170,2,2,66,19,-1.4156162391433766
Dark,bHLH_1:5682476-5682725_reference_binding_2895,0.417647,170,2,1,10,6,-0.46186727999157073
Dark,bHLH_1:5689276-5689525_non_binding_715,0.423529,170,2,3,126,74,-0.8319945199115633
Dark,bHLH_1:5689276-5689525_reference_binding_2516,0.423529,170,2,4,132,67,-1.0189809884071386
Dark,bHLH_1:5708073-5708322_binding_1063,0.405882,170,2,21,945,643,-0.45557073480343463
Dark,bHLH_1:5708073-5708322_binding_1096,0.417647,170,2,18,840,588,-0.4400592756696229
Dark,bHLH_1:5708073-5708322_binding_1413,0.405882,170,2,19,792,675,-0.28577641204305604
Dark,bHLH_1:5708073-5708322_binding_149,0.411765,170,2,21,669,704,-0.04387931658907204
Dark,bHLH_1:5708073-5708322_binding_179,0.405882,170,2,24,975,1022,0.12801072540943226
Dark,bHLH_1:5708073-5708322_reference_binding_2131,0.423529,170,2,20,954,640,-0.26885603269430947
Dark,bHLH_1:5749123-5749372_binding_77,0.341176,170,2,4,91,60,-0.4816222874952837
Dark,bHLH_1:5749123-5749372_reference_binding_2073,0.335294,170,2,3,137,50,-1.4247657404070773
Dark,bHLH_1:5779193-5779442_non_binding_1617,0.423529,170,2,7,350,156,-0.9311426382224791
Dark,bHLH_1:5779193-5779442_reference_binding_2855,0.429412,170,2,8,292,83,-1.6761284754383738
Dark,bHLH_1:5853173-5853422_non_binding_1594,0.423529,170,2,7,418,159,-1.397710329350403
Dark,bHLH_1:5853173-5853422_reference_binding_2844,0.429412,170,2,1,34,15,-1.487511894339998
Dark,bHLH_1:5857934-5858183_binding_1175,0.382353,170,2,17,571,759,0.32287219650139926
Dark,bHLH_1:5857934-5858183_binding_1298,0.382353,170,2,8,340,410,0.4283638938425377
Dark,bHLH_1:5857934-5858183_binding_1387,0.394118,170,2,11,451,650,0.4206356769259346
Dark,bHLH_1:5857934-5858183_binding_283,0.4,170,2,5,253,320,0.3200570981249379
Dark,bHLH_1:5857934-5858183_binding_348,0.4,170,2,10,367,460,0.3106808345154095
Dark,bHLH_1:5857934-5858183_non_binding_816,0.388235,170,2,6,381,506,0.4102744913335358
Dark,bHLH_1:5857934-5858183_non_binding_946,0.388235,170,2,12,387,507,0.3963722575879951
Dark,bHLH_1:5857934-5858183_non_binding_970,0.382353,170,2,12,491,662,0.4651569036975025
Dark,bHLH_1:5857934-5858183_reference_binding_2213,0.4,170,2,6,252,193,-0.32853900761861377
Dark,bHLH_1:5887448-5887697_non_binding_936,0.435294,170,2,7,243,75,-2.079708397024879
Dark,bHLH_1:5887448-5887697_reference_binding_2662,0.429412,170,2,4,150,37,-1.7411368420705111
Dark,bHLH_1:5905980-5906229_non_binding_1820,0.352941,170,2,7,244,992,2.0921912012065143
Dark,bHLH_1:5905980-5906229_reference_binding_2943,0.347059,170,2,8,268,729,1.6528380799860423
Dark,bHLH_1:5926438-5926687_binding_1275,0.358824,170,2,8,345,175,-1.181351158327618
Dark,bHLH_1:5926438-5926687_non_binding_777,0.364706,170,2,2,76,38,-0.7828686051941287
Dark,bHLH_1:5926438-5926687_non_binding_830,0.358824,170,2,7,294,387,0.3059821646680544
Dark,bHLH_1:5926438-5926687_reference_binding_2560,0.364706,170,2,6,352,388,0.06364251809517577
Dark,bHLH_1:59787-60036_non_binding_1704,0.335294,170,2,12,431,2020,2.1616873654519138
Dark,bHLH_1:59787-60036_reference_binding_2889,0.335294,170,2,21,817,2471,1.5917972078344478
Dark,bHLH_1:6017123-6017372_non_binding_1668,0.4,170,2,19,672,688,-0.14022028435584424
Dark,bHLH_1:6017123-6017372_reference_binding_2878,0.394118,170,2,15,704,558,-0.21564146048363592
Dark,bHLH_1:6061359-6061608_non_binding_1606,0.364706,170,2,4,104,64,-0.4982188768563931
Dark,bHLH_1:6061359-6061608_non_binding_1691,0.364706,170,2,11,451,296,-0.5804034143972758
Dark,bHLH_1:6061359-6061608_non_binding_1950,0.376471,170,2,4,164,115,-0.4847392547171566
Dark,bHLH_1:6061359-6061608_reference_binding_2849,0.358824,170,2,12,529,386,-0.6125535539654476
Dark,bHLH_1:608467-608716_binding_457,0.441176,170,2,9,320,696,1.1032665771082106
Dark,bHLH_1:608467-608716_non_binding_829,0.429412,170,2,14,696,1412,1.005625483352568
Dark,bHLH_1:608467-608716_non_binding_852,0.435294,170,2,6,204,441,1.2026104008990948
Dark,bHLH_1:608467-608716_reference_binding_2313,0.441176,170,2,9,286,772,1.3604863528015345
Dark,bHLH_1:6129774-6130023_non_binding_526,0.352941,170,2,12,352,418,0.3293386101074498
Dark,bHLH_1:6129774-6130023_reference_binding_2359,0.347059,170,2,8,471,709,0.3951402650845075
Dark,bHLH_1:6159973-6160222_non_binding_745,0.4,170,2,8,191,166,-0.003540062115918563
Dark,bHLH_1:6159973-6160222_reference_binding_2537,0.4,170,2,12,406,895,1.30209491574912
Dark,bHLH_1:6206576-6206825_non_binding_853,0.417647,170,2,15,663,305,-1.176809343389048
Dark,bHLH_1:6206576-6206825_reference_binding_2605,0.411765,170,2,16,772,366,-1.056602860649086
Dark,bHLH_1:6290459-6290708_non_binding_1607,0.370588,170,2,3,123,183,0.7781706842850898
Dark,bHLH_1:6290459-6290708_reference_binding_2850,0.370588,170,2,7,341,501,0.7118874945797597
Dark,bHLH_1:6299514-6299763_binding_265,0.305882,170,2,1,9,35,1.8433375733492205
Dark,bHLH_1:6299514-6299763_reference_binding_2207,0.317647,170,2,6,90,438,2.2425905285715366
Dark,bHLH_1:631694-631943_binding_1023,0.435294,170,2,11,617,163,-1.6135744555648999
Dark,bHLH_1:631694-631943_binding_1089,0.435294,170,2,8,380,137,-1.3612037943924
Dark,bHLH_1:631694-631943_binding_1243,0.429412,170,2,6,374,88,-1.7755765215672414
Dark,bHLH_1:631694-631943_binding_1380,0.429412,170,2,10,554,139,-1.9683090061461401
Dark,bHLH_1:631694-631943_binding_1494,0.423529,170,2,16,675,269,-1.2187543701627557
Dark,bHLH_1:631694-631943_binding_463,0.411765,170,2,2,58,28,-1.5001779207930275
Dark,bHLH_1:631694-631943_binding_91,0.417647,170,2,3,153,62,-1.2685323666248773
Dark,bHLH_1:631694-631943_reference_binding_2085,0.435294,170,2,16,946,283,-1.721855607978151
Dark,bHLH_1:6370343-6370592_non_binding_653,0.447059,170,2,9,496,158,-1.3415712840955252
Dark,bHLH_1:6370343-6370592_non_binding_815,0.441176,170,2,10,566,226,-1.247087366437344
Dark,bHLH_1:6370343-6370592_reference_binding_2465,0.441176,170,2,9,353,162,-1.1902053303912647
Dark,bHLH_1:6375857-6376106_binding_1028,0.494118,170,2,11,665,255,-1.2936051858591415
Dark,bHLH_1:6375857-6376106_binding_106,0.505882,170,2,18,1029,341,-1.4324812199331047
Dark,bHLH_1:6375857-6376106_binding_116,0.511765,170,2,11,583,225,-1.3078236097397458
Dark,bHLH_1:6375857-6376106_binding_1439,0.505882,170,2,13,756,236,-1.512090197627229
Dark,bHLH_1:6375857-6376106_binding_1492,0.5,170,2,14,799,282,-1.379938356121376
Dark,bHLH_1:6375857-6376106_binding_286,0.505882,170,2,6,308,236,-0.38931249159066666
Dark,bHLH_1:6375857-6376106_reference_binding_2097,0.505882,170,2,8,465,253,-1.0001451479109678
Dark,bHLH_1:6411143-6411392_non_binding_1552,0.329412,170,2,2,60,22,-0.8597799982939593
Dark,bHLH_1:6411143-6411392_non_binding_1920,0.364706,170,2,1,52,31,-0.5818126508562844
Dark,bHLH_1:6411143-6411392_non_binding_948,0.335294,170,2,1,39,57,0.5365855326643149
Dark,bHLH_1:6411143-6411392_reference_binding_2666,0.335294,170,2,2,68,46,-0.448800977453945
Dark,bHLH_1:6419308-6419557_non_binding_1633,0.364706,170,2,4,98,69,-0.2982012690209408
Dark,bHLH_1:6419308-6419557_non_binding_1677,0.376471,170,2,5,170,130,-0.5559555361737837
Dark,bHLH_1:6419308-6419557_non_binding_779,0.382353,170,2,4,444,387,-0.12953862840970565
Dark,bHLH_1:6419308-6419557_non_binding_971,0.382353,170,2,5,316,309,0.006032557301547503
Dark,bHLH_1:6419308-6419557_reference_binding_2562,0.370588,170,2,3,111,99,-0.20713296036824771
Dark,bHLH_1:6429640-6429889_non_binding_664,0.382353,170,2,15,917,483,-0.9106707065373416
Dark,bHLH_1:6429640-6429889_non_binding_721,0.388235,170,2,22,820,1983,1.197251826570801
Dark,bHLH_1:6429640-6429889_reference_binding_2474,0.388235,170,2,15,630,913,0.6479242621958086
Dark,bHLH_1:6554893-6555142_binding_163,0.470588,170,2,14,534,245,-1.2039840584562254
Dark,bHLH_1:6554893-6555142_non_binding_997,0.464706,170,2,8,365,195,-0.8186288847324283
Dark,bHLH_1:6554893-6555142_reference_binding_2143,0.476471,170,2,4,188,60,-1.1901195989281486
Dark,bHLH_1:6555854-6556103_binding_120,0.382353,170,2,13,457,663,0.611855355656223
Dark,bHLH_1:6555854-6556103_binding_320,0.388235,170,2,22,937,1138,0.21391804626060323
Dark,bHLH_1:6555854-6556103_reference_binding_2108,0.417647,170,2,17,750,1095,0.4977637681302781
Dark,bHLH_1:6557555-6557804_non_binding_1529,0.5,170,2,18,787,1179,0.6193547775345745
Dark,bHLH_1:6557555-6557804_non_binding_1698,0.5,170,2,23,1220,2127,0.8452002553271927
Dark,bHLH_1:6557555-6557804_non_binding_1768,0.488235,170,2,15,599,1509,1.3190245141253185
Dark,bHLH_1:6557555-6557804_non_binding_1925,0.494118,170,2,19,807,1756,1.310089406511028
Dark,bHLH_1:6557555-6557804_non_binding_1939,0.482353,170,2,12,483,1307,1.4570012742026934
Dark,bHLH_1:6557555-6557804_reference_binding_2807,0.494118,170,2,11,401,604,0.6758549635795439
Dark,bHLH_1:6565809-6566058_binding_1035,0.470588,170,2,6,339,325,0.03839636809241884
Dark,bHLH_1:6565809-6566058_reference_binding_2696,0.482353,170,2,5,250,180,-0.6231185452453155
Dark,bHLH_1:6576919-6577168_binding_108,0.441176,170,2,7,328,136,-1.2380640780574985
Dark,bHLH_1:6576919-6577168_binding_3,0.441176,170,2,7,205,122,-0.8775471762497702
Dark,bHLH_1:6576919-6577168_non_binding_1582,0.435294,170,2,6,157,155,0.10220663700293639
Dark,bHLH_1:6576919-6577168_non_binding_765,0.441176,170,2,8,310,141,-0.9179951572988226
Dark,bHLH_1:6576919-6577168_reference_binding_2003,0.435294,170,2,8,311,244,-0.49568413092506636
Dark,bHLH_1:6600310-6600559_binding_1234,0.370588,170,2,3,64,44,-0.11121404901225859
Dark,bHLH_1:6600310-6600559_reference_binding_2748,0.370588,170,2,7,167,219,0.6101630596494083
Dark,bHLH_1:662991-663240_non_binding_1641,0.441176,170,2,10,369,238,-0.6736996183073448
Dark,bHLH_1:662991-663240_non_binding_1644,0.429412,170,2,8,235,228,-0.23704941289952686
Dark,bHLH_1:662991-663240_reference_binding_2864,0.435294,170,2,15,633,467,-0.5681469642745953
Dark,bHLH_1:665223-665472_non_binding_517,0.382353,170,2,12,520,1961,1.8804576017528833
Dark,bHLH_1:665223-665472_reference_binding_2350,0.382353,170,2,6,184,695,1.8301996819975395
Dark,bHLH_1:6675473-6675722_non_binding_685,0.3,170,2,10,414,272,-0.3401229858505918
Dark,bHLH_1:6675473-6675722_reference_binding_2491,0.294118,170,2,7,232,111,-0.45834462061824255
Dark,bHLH_1:6777250-6777499_binding_1188,0.347059,170,2,10,596,203,-1.1896181227772482
Dark,bHLH_1:6777250-6777499_reference_binding_2743,0.341176,170,2,10,356,188,-1.0237474752645848
Dark,bHLH_1:6798126-6798375_binding_401,0.423529,170,2,7,338,105,-1.4940675502621368
Dark,bHLH_1:6798126-6798375_reference_binding_2279,0.405882,170,2,9,454,248,-0.8395141180443368
Dark,bHLH_1:6840899-6841148_binding_141,0.305882,170,2,6,155,520,1.829390184343036
Dark,bHLH_1:6840899-6841148_binding_22,0.3,170,2,8,249,689,1.3443484021253183
Dark,bHLH_1:6840899-6841148_binding_273,0.311765,170,2,6,168,333,1.047873931000869
Dark,bHLH_1:6840899-6841148_reference_binding_2022,0.329412,170,2,8,328,594,0.6944694780614118
Dark,bHLH_1:6844894-6845143_binding_1024,0.505882,170,2,15,690,658,-0.09941380340685069
Dark,bHLH_1:6844894-6845143_binding_1199,0.494118,170,2,23,1025,983,-0.15284086811213818
Dark,bHLH_1:6844894-6845143_binding_362,0.464706,170,2,23,833,720,-0.1372088075778757
Dark,bHLH_1:6844894-6845143_binding_376,0.464706,170,2,26,883,693,-0.36229684438000465
Dark,bHLH_1:6844894-6845143_binding_56,0.476471,170,2,16,712,696,-0.15291543763626628
Dark,bHLH_1:6844894-6845143_reference_binding_2052,0.5,170,2,16,729,1030,0.49188740503282163
Dark,bHLH_1:6849673-6849922_non_binding_596,0.435294,170,2,11,556,166,-1.7757108933310897
Dark,bHLH_1:6849673-6849922_reference_binding_2418,0.435294,170,2,9,551,120,-2.247642621855044
Dark,bHLH_1:6853678-6853927_binding_1037,0.282353,170,2,6,217,268,0.45556532108723097
Dark,bHLH_1:6853678-6853927_binding_1115,0.294118,170,2,9,289,417,0.5430084907050139
Dark,bHLH_1:6853678-6853927_binding_1357,0.288235,170,2,4,160,216,0.42923677408991945
Dark,bHLH_1:6853678-6853927_binding_1394,0.288235,170,2,8,264,599,1.1212664958809744
Dark,bHLH_1:6853678-6853927_binding_1415,0.288235,170,2,11,414,548,0.5550835927788349
Dark,bHLH_1:6853678-6853927_reference_binding_2697,0.294118,170,2,13,495,1982,1.8341503404846131
Dark,bHLH_1:6860534-6860783_non_binding_784,0.311765,170,2,11,483,344,-0.47538034114616834
Dark,bHLH_1:6860534-6860783_reference_binding_2566,0.317647,170,2,7,281,123,-1.2511775755425885
Dark,bHLH_1:6864901-6865150_non_binding_528,0.341176,170,2,8,281,273,0.11237787294907553
Dark,bHLH_1:6864901-6865150_reference_binding_2361,0.341176,170,2,8,369,392,-0.027268869110320587
Dark,bHLH_1:6881548-6881797_binding_1381,0.323529,170,2,9,357,861,1.0623744292163504
Dark,bHLH_1:6881548-6881797_binding_316,0.364706,170,2,14,582,1192,1.112546940285363
Dark,bHLH_1:6881548-6881797_binding_425,0.341176,170,2,11,407,813,1.0542108910116468
Dark,bHLH_1:6881548-6881797_reference_binding_2236,0.329412,170,2,12,482,667,0.4075832915099386
Dark,bHLH_1:6899029-6899278_non_binding_678,0.317647,170,2,9,383,817,1.1215080824275385
Dark,bHLH_1:6899029-6899278_reference_binding_2485,0.323529,170,2,13,490,3011,2.4893904044627124
Dark,bHLH_1:6989182-6989431_binding_1079,0.458824,170,2,17,668,355,-0.863214730935067
Dark,bHLH_1:6989182-6989431_binding_1195,0.452941,170,2,15,663,423,-0.6106280955068549
Dark,bHLH_1:6989182-6989431_binding_1495,0.452941,170,2,17,887,547,-0.7279626201458698
Dark,bHLH_1:6989182-6989431_reference_binding_2711,0.458824,170,2,13,625,494,-0.28229413079817145
Dark,bHLH_1:6989539-6989788_binding_1271,0.494118,170,2,10,411,135,-1.4112173584740841
Dark,bHLH_1:6989539-6989788_reference_binding_2758,0.488235,170,2,11,473,175,-1.474654212504103
Dark,bHLH_1:6994578-6994827_binding_102,0.394118,170,2,5,264,141,-0.9483845495649766
Dark,bHLH_1:6994578-6994827_binding_1068,0.405882,170,2,7,429,88,-2.0573095900305503
Dark,bHLH_1:6994578-6994827_binding_1073,0.4,170,2,8,425,135,-1.835673699174428
Dark,bHLH_1:6994578-6994827_binding_1099,0.411765,170,2,9,466,143,-1.7678510126388258
Dark,bHLH_1:6994578-6994827_binding_1444,0.4,170,2,7,387,77,-2.359400673890731
Dark,bHLH_1:6994578-6994827_binding_1489,0.4,170,2,5,209,79,-1.4712624125804914
Dark,bHLH_1:6994578-6994827_reference_binding_2094,0.411765,170,2,6,195,74,-1.3506710693233468
Dark,bHLH_1:7039604-7039853_binding_125,0.5,170,2,22,1136,1371,0.32078942499028146
Dark,bHLH_1:7039604-7039853_binding_1383,0.541176,170,2,19,598,1225,1.0472945793507376
Dark,bHLH_1:7039604-7039853_binding_274,0.505882,170,2,19,988,1688,0.8013496018510904
Dark,bHLH_1:7039604-7039853_reference_binding_2113,0.547059,170,2,27,1166,1648,0.498863028538089
Dark,bHLH_1:7047359-7047608_non_binding_665,0.447059,170,2,4,295,150,-1.0149280183485139
Dark,bHLH_1:7047359-7047608_reference_binding_2475,0.447059,170,2,3,224,262,0.11733456583134308
Dark,bHLH_1:7061361-7061610_non_binding_811,0.341176,170,2,3,87,42,-0.621896405042527
Dark,bHLH_1:7061361-7061610_non_binding_866,0.335294,170,2,4,174,106,-0.7598231946904975
Dark,bHLH_1:7061361-7061610_reference_binding_2582,0.347059,170,2,10,503,560,0.3024840556676557
Dark,bHLH_1:7070499-7070748_binding_214,0.517647,170,2,15,607,694,0.13332652095542968
Dark,bHLH_1:7070499-7070748_binding_92,0.505882,170,2,22,921,532,-0.6913669967244664
Dark,bHLH_1:7070499-7070748_reference_binding_2086,0.505882,170,2,8,365,317,-0.14830423706635507
Dark,bHLH_1:7074246-7074495_binding_1370,0.558824,170,2,1,53,44,-0.40792375849965234
Dark,bHLH_1:7093572-7093821_binding_54,0.376471,170,2,9,184,111,-0.6544631242363437
Dark,bHLH_1:7093572-7093821_reference_binding_2050,0.370588,170,2,6,177,112,-0.6350924870022865
Dark,bHLH_1:710645-710894_non_binding_552,0.394118,170,2,5,146,127,-0.4425002765430581
Dark,bHLH_1:710645-710894_reference_binding_2383,0.388235,170,1,1,24,14,-0.6866802249391541
Dark,bHLH_1:7132970-7133219_binding_1158,0.352941,170,2,4,142,78,-0.5346306065848143
Dark,bHLH_1:7132970-7133219_binding_366,0.364706,170,2,4,179,103,-0.7320508731922508
Dark,bHLH_1:7132970-7133219_reference_binding_2261,0.352941,170,2,8,277,253,-0.16462446159446367
Dark,bHLH_1:7156461-7156710_binding_1014,0.458824,170,2,14,563,201,-1.2834568613478199
Dark,bHLH_1:7156461-7156710_reference_binding_2689,0.470588,170,2,12,543,230,-1.1849522336418987
Dark,bHLH_1:7167994-7168243_non_binding_700,0.347059,170,2,14,390,1132,1.4133815744699245
Dark,bHLH_1:7167994-7168243_reference_binding_2502,0.347059,170,2,16,388,979,1.1881658634602443
Dark,bHLH_1:7192447-7192696_binding_25,0.505882,170,2,12,608,524,-0.10459341317829968
Dark,bHLH_1:7192447-7192696_binding_263,0.488235,170,2,13,846,533,-0.6941352398346523
Dark,bHLH_1:7192447-7192696_binding_499,0.488235,170,2,10,531,301,-0.8482213777518834
Dark,bHLH_1:7192447-7192696_reference_binding_2025,0.517647,170,2,19,948,498,-0.8887449751597856
Dark,bHLH_1:7221293-7221542_binding_1379,0.5,170,2,7,295,203,-0.6362903415225706
Dark,bHLH_1:7221293-7221542_reference_binding_2785,0.5,170,2,10,410,267,-0.6002063754880204
Dark,bHLH_1:7250508-7250757_non_binding_511,0.335294,170,2,15,564,968,0.7574082736833846
Dark,bHLH_1:7250508-7250757_reference_binding_2344,0.335294,170,2,4,146,188,0.0589971172005708
Dark,bHLH_1:7278400-7278649_binding_130,0.5,170,2,5,247,129,-0.9229175683402122
Dark,bHLH_1:7278400-7278649_reference_binding_2117,0.511765,170,2,2,67,18,-0.9317697385628918
Dark,bHLH_1:7303041-7303290_non_binding_1673,0.505882,170,2,17,778,266,-1.7215392988727958
Dark,bHLH_1:7303041-7303290_reference_binding_2880,0.505882,170,2,9,414,125,-1.6138147619569017
Dark,bHLH_1:7307302-7307551_non_binding_1573,0.464706,170,2,4,152,58,-1.5741287345458916
Dark,bHLH_1:7307302-7307551_reference_binding_2833,0.464706,170,2,1,22,13,-1.0391993174456298
Dark,bHLH_1:7309760-7310009_non_binding_1841,0.4,170,2,1,14,15,-0.41209944321611364
Dark,bHLH_1:7322715-7322964_binding_1302,0.417647,170,2,2,25,23,-0.7174093733665101
Dark,bHLH_1:7322715-7322964_reference_binding_2769,0.411765,170,2,4,193,356,0.7400174890443758
Dark,bHLH_1:7344608-7344857_binding_482,0.352941,170,2,20,779,4012,2.3083078841461484
Dark,bHLH_1:7344608-7344857_binding_486,0.341176,170,2,15,495,2075,2.171920086997616
Dark,bHLH_1:7344608-7344857_reference_binding_2325,0.4,170,2,16,674,5189,2.850036247298032
Dark,bHLH_1:7430557-7430806_binding_405,0.405882,170,2,5,300,143,-0.49830380845721667
Dark,bHLH_1:7430557-7430806_reference_binding_2283,0.411765,170,2,4,97,102,-0.036043505894313904
Dark,bHLH_1:7435761-7436010_binding_285,0.458824,170,2,4,141,83,-0.700753907304974
Dark,bHLH_1:7435761-7436010_reference_binding_2215,0.447059,170,2,3,121,67,-1.0395356884101976
Dark,bHLH_1:7475908-7476157_binding_1114,0.394118,170,2,13,511,290,-0.7998245508301434
Dark,bHLH_1:7475908-7476157_binding_1303,0.4,170,2,7,286,212,-0.5980143881049234
Dark,bHLH_1:7475908-7476157_binding_1308,0.394118,170,2,10,386,219,-0.7225995037121467
Dark,bHLH_1:7475908-7476157_binding_1317,0.4,170,2,10,440,225,-0.9851873560983062
Dark,bHLH_1:7475908-7476157_binding_1325,0.394118,170,2,11,498,263,-0.9101677844316328
Dark,bHLH_1:7475908-7476157_binding_1374,0.388235,170,2,7,193,182,-0.25368026927875786
Dark,bHLH_1:7475908-7476157_binding_1408,0.394118,170,2,9,415,193,-1.1855847850713248
Dark,bHLH_1:7475908-7476157_binding_1443,0.4,170,2,12,463,205,-0.9840321009515569
Dark,bHLH_1:7475908-7476157_binding_1449,0.394118,170,2,9,412,211,-0.9223708895503607
Dark,bHLH_1:7475908-7476157_binding_1465,0.394118,170,2,6,309,208,-0.6905826483357155
Dark,bHLH_1:7475908-7476157_binding_1482,0.4,170,2,6,238,117,-0.9972513983101104
Dark,bHLH_1:7475908-7476157_binding_235,0.394118,170,2,6,135,99,-0.5613972387444828
Dark,bHLH_1:7475908-7476157_binding_470,0.394118,170,2,9,400,263,-0.6635907219499357
Dark,bHLH_1:7475908-7476157_reference_binding_2190,0.4,170,2,16,489,381,-0.31628458569012674
Dark,bHLH_1:7534434-7534683_binding_1208,0.482353,170,2,13,548,345,-0.5093648614178027
Dark,bHLH_1:7534434-7534683_binding_281,0.464706,170,2,9,638,456,-0.5344704123229895
Dark,bHLH_1:7534434-7534683_binding_61,0.452941,170,2,9,583,247,-1.046249647436301
Dark,bHLH_1:7534434-7534683_reference_binding_2057,0.488235,170,2,12,616,389,-0.5092362627810803
Dark,bHLH_1:7545180-7545429_non_binding_598,0.458824,170,2,3,84,73,-0.43311353906886196
Dark,bHLH_1:7545180-7545429_reference_binding_2420,0.458824,170,2,11,619,269,-1.3880965806252523
Dark,bHLH_1:7602119-7602368_non_binding_575,0.423529,170,2,12,692,193,-1.8209024656021695
Dark,bHLH_1:7602119-7602368_non_binding_620,0.417647,170,2,10,395,174,-1.180202761746708
Dark,bHLH_1:7602119-7602368_reference_binding_2400,0.423529,170,2,10,446,143,-1.675796671642169
Dark,bHLH_1:7688499-7688748_non_binding_1708,0.3,170,2,9,359,199,-0.9941211010238505
Dark,bHLH_1:7688499-7688748_reference_binding_2891,0.305882,170,2,13,624,227,-1.5443372864183549
Dark,bHLH_1:771306-771555_binding_432,0.364706,170,2,10,314,618,0.8372418309592229
Dark,bHLH_1:771306-771555_reference_binding_2297,0.364706,170,2,8,295,651,1.1212960937801248
Dark,bHLH_1:7719917-7720166_non_binding_1762,0.405882,170,2,11,486,511,0.034598974927146975
Dark,bHLH_1:7719917-7720166_non_binding_1962,0.417647,170,2,9,333,208,-0.6725129326791062
Dark,bHLH_1:7719917-7720166_non_binding_650,0.435294,170,2,9,430,161,-1.147659220382558
Dark,bHLH_1:7719917-7720166_reference_binding_2463,0.441176,170,2,8,321,115,-1.2617350221081003
Dark,bHLH_1:7735115-7735364_non_binding_1544,0.505882,170,2,12,650,217,-1.5141376003183278
Dark,bHLH_1:7735115-7735364_non_binding_1871,0.488235,170,2,5,216,130,-0.9799653197246477
Dark,bHLH_1:7735115-7735364_reference_binding_2816,0.5,170,2,15,782,277,-1.5404291796384282
Dark,bHLH_1:7740862-7741111_non_binding_1750,0.347059,170,2,2,15,31,0.8628035844376563
Dark,bHLH_1:7740862-7741111_non_binding_1857,0.358824,170,2,1,20,6,-0.7657085686021905
Dark,bHLH_1:7740862-7741111_reference_binding_2909,0.388235,170,2,1,6,15,1.323060524173903
Dark,bHLH_1:7834520-7834769_binding_1082,0.388235,170,2,2,72,119,0.8383423132908365
Dark,bHLH_1:7834520-7834769_binding_386,0.364706,170,2,3,102,137,0.23061509825427168
Dark,bHLH_1:7834520-7834769_reference_binding_2272,0.394118,170,2,11,342,851,1.3490667594900305
Dark,bHLH_1:7906823-7907072_binding_1100,0.4,170,2,9,330,785,1.0932942268398047
Dark,bHLH_1:7906823-7907072_reference_binding_2718,0.405882,170,2,15,497,557,0.402559319037462
Dark,bHLH_1:7930532-7930781_non_binding_554,0.382353,170,2,18,736,1130,0.8406527655542663
Dark,bHLH_1:7930532-7930781_reference_binding_2385,0.382353,170,2,21,896,1483,0.8141358284346143
Dark,bHLH_1:7932398-7932647_binding_1119,0.352941,170,2,11,328,1465,2.1651352378975934
Dark,bHLH_1:7932398-7932647_non_binding_919,0.358824,170,2,8,290,1317,2.1433089959836975
Dark,bHLH_1:7932398-7932647_reference_binding_2652,0.352941,170,2,8,207,1251,2.4002804011463503
Dark,bHLH_1:7934882-7935131_binding_124,0.411765,170,2,9,479,227,-1.0321308724578002
Dark,bHLH_1:7934882-7935131_binding_142,0.411765,170,2,26,1233,717,-0.7754932865123597
Dark,bHLH_1:7934882-7935131_binding_319,0.417647,170,2,9,304,163,-1.0088693603282408
Dark,bHLH_1:7934882-7935131_binding_383,0.423529,170,2,11,448,231,-0.6026673200851298
Dark,bHLH_1:7934882-7935131_reference_binding_2112,0.435294,170,2,14,746,413,-0.7293411901129828
Dark,bHLH_1:7954358-7954607_binding_1021,0.429412,170,2,20,931,762,-0.2847211452731351
Dark,bHLH_1:7954358-7954607_binding_21,0.405882,170,2,18,447,247,-0.640227437522814
Dark,bHLH_1:7954358-7954607_binding_253,0.411765,170,2,21,982,838,-0.21951988290749766
Dark,bHLH_1:7954358-7954607_binding_314,0.423529,170,2,20,741,748,-0.09717077218626266
Dark,bHLH_1:7954358-7954607_reference_binding_2021,0.423529,170,2,17,807,699,-0.213941966057429
Dark,bHLH_1:7990018-7990267_non_binding_1532,0.358824,170,2,3,126,183,0.561991792795034
Dark,bHLH_1:7990018-7990267_reference_binding_2809,0.352941,170,2,8,269,390,0.5025665503066171
Dark,bHLH_1:7997009-7997258_binding_1013,0.505882,170,2,9,474,127,-1.9446583474144084
Dark,bHLH_1:7997009-7997258_binding_1098,0.5,170,2,3,193,40,-1.9243420697059261
Dark,bHLH_1:7997009-7997258_binding_1122,0.511765,170,2,6,212,84,-0.9628873981984074
Dark,bHLH_1:7997009-7997258_binding_1155,0.511765,170,2,1,23,5,-2.3519523263572575
Dark,bHLH_1:7997009-7997258_binding_1222,0.494118,170,2,4,230,56,-1.6358952411672711
Dark,bHLH_1:7997009-7997258_binding_145,0.511765,170,2,3,145,67,-0.907581019101928
Dark,bHLH_1:7997009-7997258_binding_86,0.529412,170,2,5,331,87,-1.7077728736757185
Dark,bHLH_1:7997009-7997258_reference_binding_2081,0.505882,170,2,5,207,58,-1.614108414372271
Dark,bHLH_1:8010634-8010883_binding_384,0.382353,170,2,14,584,1790,1.6552851277735332
Dark,bHLH_1:8010634-8010883_binding_485,0.376471,170,2,9,402,1772,2.08907178076077
Dark,bHLH_1:8010634-8010883_reference_binding_2271,0.394118,170,2,12,671,2296,1.7995981300409114
Dark,bHLH_1:8016951-8017200_binding_1335,0.341176,170,2,7,319,298,-0.08751529906680652
Dark,bHLH_1:8016951-8017200_binding_138,0.358824,170,2,8,349,404,0.3387000167378401
Dark,bHLH_1:8016951-8017200_reference_binding_2124,0.347059,170,2,8,317,381,0.31399370282259853
Dark,bHLH_1:8064332-8064581_non_binding_1737,0.452941,170,2,14,701,290,-1.2281769095335702
Dark,bHLH_1:8064332-8064581_reference_binding_2904,0.452941,170,2,10,360,192,-0.7986641799883136
Dark,bHLH_1:8076400-8076649_non_binding_1664,0.435294,170,2,2,122,183,0.5330384976626976
Dark,bHLH_1:8076400-8076649_reference_binding_2875,0.435294,170,2,4,130,185,0.32526763939091197
Dark,bHLH_1:8087130-8087379_non_binding_1524,0.411765,170,2,17,661,415,-0.7780286454897217
Dark,bHLH_1:8087130-8087379_non_binding_1729,0.405882,170,2,12,452,254,-0.893582062386305
Dark,bHLH_1:8087130-8087379_non_binding_1761,0.417647,170,2,6,261,99,-1.2397618391423069
Dark,bHLH_1:8087130-8087379_reference_binding_2804,0.411765,170,2,11,464,241,-0.9579800972359236
Dark,bHLH_1:813195-813444_binding_162,0.429412,170,2,15,567,1604,1.5811194806617235
Dark,bHLH_1:813195-813444_reference_binding_2142,0.464706,170,2,18,929,3004,1.64049076679738
Dark,bHLH_1:8141702-8141951_binding_439,0.358824,170,2,9,375,1324,1.8820397992000382
Dark,bHLH_1:8141702-8141951_reference_binding_2298,0.347059,170,2,13,452,1853,2.060405719532387
Dark,bHLH_1:8203953-8204202_binding_131,0.4,170,2,11,502,232,-0.8946194602726695
Dark,bHLH_1:8203953-8204202_binding_5,0.4,170,2,11,546,240,-1.0963804246391762
Dark,bHLH_1:8203953-8204202_reference_binding_2005,0.405882,170,2,11,514,305,-0.5389626882402923
Dark,bHLH_1:821536-821785_binding_215,0.4,170,2,8,430,194,-1.0907747598450335
Dark,bHLH_1:821536-821785_reference_binding_2175,0.405882,170,2,3,68,48,-0.6505820674271364
Dark,bHLH_1:823834-824083_binding_1147,0.494118,170,2,1,57,19,-1.4618672799915708
Dark,bHLH_1:823834-824083_reference_binding_2736,0.5,170,2,5,224,271,0.31549678276793053
Dark,bHLH_1:8316594-8316843_non_binding_1647,0.347059,170,2,9,288,718,1.1937098864713858
Dark,bHLH_1:8316594-8316843_reference_binding_2867,0.347059,170,2,10,323,531,0.8693232716833611
Dark,bHLH_1:8354817-8355066_binding_1358,0.329412,170,2,6,152,91,-0.552852495925295
Dark,bHLH_1:8354817-8355066_non_binding_1679,0.323529,170,2,5,143,125,-0.2723342068339606
Dark,bHLH_1:8354817-8355066_non_binding_808,0.329412,170,2,8,196,127,-0.6139158112194107
Dark,bHLH_1:8354817-8355066_reference_binding_2580,0.329412,170,2,3,52,32,-0.1944789082151011
Dark,bHLH_1:8433708-8433957_non_binding_1510,0.452941,170,2,5,402,207,-0.8670394111769926
Dark,bHLH_1:8433708-8433957_non_binding_1794,0.417647,170,2,10,471,491,0.3107815831092663
Dark,bHLH_1:8433708-8433957_non_binding_1810,0.429412,170,2,6,370,268,-0.49161308894964956
Dark,bHLH_1:8433708-8433957_non_binding_1835,0.435294,170,2,7,272,182,-0.8129032361101524
Dark,bHLH_1:8433708-8433957_non_binding_1888,0.435294,170,2,9,313,216,-0.38822402046063387
Dark,bHLH_1:8433708-8433957_non_binding_1928,0.423529,170,2,8,246,241,-0.1038750202584811
Dark,bHLH_1:8433708-8433957_non_binding_1935,0.429412,170,2,16,591,648,0.018179849929627706
Dark,bHLH_1:8433708-8433957_non_binding_1940,0.429412,170,2,12,614,436,-0.4639316671332073
Dark,bHLH_1:8433708-8433957_non_binding_810,0.435294,170,2,7,362,202,-0.8678796052264502
Dark,bHLH_1:8433708-8433957_reference_binding_2581,0.452941,170,2,9,397,295,-0.36658224179047416
Dark,bHLH_1:8460567-8460816_binding_460,0.423529,170,2,14,523,317,-0.9703098947309492
Dark,bHLH_1:8460567-8460816_reference_binding_2315,0.429412,170,2,12,580,298,-1.0284898044087858
Dark,bHLH_1:8467677-8467926_non_binding_1720,0.388235,170,2,12,526,285,-0.9514963366318401
Dark,bHLH_1:8467677-8467926_reference_binding_2896,0.394118,170,2,25,1329,823,-0.6841423445955235
Dark,bHLH_1:8469816-8470065_non_binding_586,0.494118,170,2,14,576,418,-0.5232252132299733
Dark,bHLH_1:8469816-8470065_reference_binding_2409,0.494118,170,2,19,491,331,-0.6940679059984689
Dark,bHLH_1:8532133-8532382_binding_411,0.464706,170,2,4,147,86,-0.3812976058030122
Dark,bHLH_1:8532133-8532382_reference_binding_2287,0.464706,170,2,3,43,73,0.8550949818890912
Dark,bHLH_1:8565273-8565522_non_binding_932,0.458824,170,2,11,516,291,-0.8419200585787342
Dark,bHLH_1:8565273-8565522_reference_binding_2660,0.452941,170,2,15,650,433,-0.7232575501105741
Dark,bHLH_1:858051-858300_binding_1471,0.376471,170,2,5,191,241,0.5151062415358815
Dark,bHLH_1:858051-858300_binding_29,0.352941,170,2,8,317,269,-0.25633693048969153
Dark,bHLH_1:858051-858300_reference_binding_2029,0.388235,170,2,5,274,934,1.6008259350374012
Dark,bHLH_1:8580641-8580890_non_binding_1559,0.370588,170,2,6,302,280,-0.13173460525233513
Dark,bHLH_1:8580641-8580890_reference_binding_2827,0.370588,170,2,9,200,178,-0.1454500839660076
Dark,bHLH_1:8626378-8626627_non_binding_683,0.417647,170,2,3,186,72,-1.2874485436175624
Dark,bHLH_1:8626378-8626627_reference_binding_2490,0.411765,170,2,6,263,206,-0.41651929034240287
Dark,bHLH_1:8663418-8663667_non_binding_1953,0.476471,170,2,10,455,370,-0.2750910502071512
Dark,bHLH_1:8663418-8663667_reference_binding_2976,0.470588,170,2,6,344,171,-0.9181433921959128
Dark,bHLH_1:868085-868334_binding_1044,0.458824,170,2,19,409,789,1.0344396891576828
Dark,bHLH_1:868085-868334_binding_1051,0.452941,170,2,3,122,141,0.37535050480463034
Dark,bHLH_1:868085-868334_reference_binding_2698,0.452941,170,2,11,585,1115,1.0027623977963693
Dark,bHLH_1:8693023-8693272_binding_1288,0.394118,170,2,15,598,698,0.1781315158207658
Dark,bHLH_1:8693023-8693272_non_binding_845,0.4,170,2,24,1002,1897,0.9060661738237108
Dark,bHLH_1:8693023-8693272_reference_binding_2599,0.405882,170,2,7,214,591,1.6016777320179023
Dark,bHLH_1:8768262-8768511_non_binding_1538,0.458824,170,1,1,17,14,-0.1891805654683376
Dark,bHLH_1:8768262-8768511_reference_binding_2813,0.458824,170,2,2,125,46,-1.0471510000910385
Dark,bHLH_1:8819548-8819797_non_binding_1774,0.447059,170,2,1,33,6,-2.2381377915059604
Dark,bHLH_1:8819548-8819797_non_binding_1809,0.447059,170,2,2,60,34,-0.593229036830839
Dark,bHLH_1:8833926-8834175_non_binding_1753,0.435294,170,2,2,113,91,-0.35335118645673746
Dark,bHLH_1:8833926-8834175_non_binding_1825,0.435294,170,2,1,69,18,-1.4679073064807737
Dark,bHLH_1:8833926-8834175_non_binding_1887,0.441176,170,2,2,59,21,-1.1462153710823457
Dark,bHLH_1:8843934-8844183_non_binding_1786,0.388235,170,2,21,1025,745,-0.5378628424389313
Dark,bHLH_1:8843934-8844183_reference_binding_2924,0.394118,170,2,21,797,699,-0.19635373749106733
Dark,bHLH_1:8886052-8886301_binding_1389,0.464706,170,2,13,741,426,-0.6860964482234154
Dark,bHLH_1:8886052-8886301_reference_binding_2786,0.458824,170,2,13,730,244,-1.5509035464636065
Dark,bHLH_1:8887869-8888118_binding_1003,0.335294,170,2,4,258,279,0.28320473555630526
Dark,bHLH_1:8887869-8888118_binding_1190,0.335294,170,2,14,550,552,-0.1149836501765295
Dark,bHLH_1:8887869-8888118_binding_1397,0.323529,170,2,10,388,270,-0.5290583095104368
Dark,bHLH_1:8887869-8888118_reference_binding_2683,0.329412,170,2,5,246,175,-0.15538218046623753
Dark,bHLH_1:8975664-8975913_non_binding_634,0.429412,170,2,14,541,6255,3.5575976187156084
Dark,bHLH_1:8975664-8975913_reference_binding_2451,0.429412,170,2,14,612,6405,3.373403226400531
Dark,bHLH_1:8977282-8977531_binding_48,0.376471,170,2,1,9,7,0.23006064202371126
Dark,bHLH_1:8977282-8977531_non_binding_941,0.376471,170,2,2,60,20,-1.4477688340762447
Dark,bHLH_1:8977282-8977531_reference_binding_2045,0.388235,170,2,5,159,90,-0.5294220847982767
Dark,bHLH_1:8983665-8983914_non_binding_1960,0.388235,170,2,21,778,3738,2.2725847539385935
Dark,bHLH_1:8983665-8983914_non_binding_500,0.394118,170,2,13,632,6966,3.334473188869631
Dark,bHLH_1:8983665-8983914_reference_binding_2333,0.4,170,2,13,434,5894,3.611611243990631
Dark,bHLH_1:9037897-9038146_binding_217,0.435294,170,2,11,291,263,0.06618335439199907
Dark,bHLH_1:9037897-9038146_binding_255,0.423529,170,2,8,348,238,-0.5816942390579956
Dark,bHLH_1:9037897-9038146_binding_327,0.423529,170,2,11,359,239,-0.5605347316212828
Dark,bHLH_1:9037897-9038146_binding_350,0.435294,170,2,11,266,301,0.22697208534720903
Dark,bHLH_1:9037897-9038146_reference_binding_2177,0.447059,170,2,17,593,510,-0.35310117371609506
Dark,bHLH_1:9069383-9069632_non_binding_1852,0.423529,170,2,17,734,3769,2.369031260113351
Dark,bHLH_1:9069383-9069632_reference_binding_2953,0.417647,170,2,9,398,1506,1.873852775139658
Dark,bHLH_1:908099-908348_non_binding_1770,0.5,170,2,10,571,274,-0.9444715402707763
Dark,bHLH_1:908099-908348_non_binding_1779,0.505882,170,2,9,437,224,-1.0518220301035432
Dark,bHLH_1:908099-908348_reference_binding_2919,0.488235,170,2,15,882,301,-1.5690054110542833
Dark,bHLH_1:9132645-9132894_non_binding_1657,0.423529,170,2,2,105,70,-0.16630991614019502
Dark,bHLH_1:9132645-9132894_non_binding_898,0.435294,170,2,10,368,788,1.316219629883626
Dark,bHLH_1:9132645-9132894_reference_binding_2638,0.423529,170,2,3,67,218,1.5582041672933258
Dark,bHLH_1:9150619-9150868_non_binding_1735,0.376471,170,2,7,271,311,0.2615139783455456
Dark,bHLH_1:9150619-9150868_reference_binding_2903,0.376471,170,2,15,560,714,0.22148498852650497
Dark,bHLH_1:9158105-9158354_non_binding_658,0.441176,170,2,24,999,442,-1.1387937041309226
Dark,bHLH_1:9158105-9158354_reference_binding_2469,0.441176,170,2,17,718,355,-1.0352882157038321
Dark,bHLH_1:920174-920423_non_binding_1531,0.435294,170,2,7,276,177,-0.718523513770365
Dark,bHLH_1:920174-920423_non_binding_1760,0.441176,170,2,5,277,259,-0.12009461113978337
Dark,bHLH_1:920174-920423_non_binding_1814,0.441176,170,2,2,163,53,-1.1332342271765425
Dark,bHLH_1:920174-920423_non_binding_533,0.441176,170,2,3,105,71,-0.8804458914333881
Dark,bHLH_1:920174-920423_reference_binding_2366,0.435294,170,2,5,161,77,-1.1254496516183254
Dark,bHLH_1:9209982-9210231_binding_1142,0.382353,170,2,8,225,248,-0.03312670204240106
Dark,bHLH_1:9209982-9210231_binding_1194,0.370588,170,2,10,388,249,-0.442211118935396
Dark,bHLH_1:9209982-9210231_reference_binding_2733,0.376471,170,2,9,338,267,-0.49111877984813224
Dark,bHLH_1:9272891-9273140_binding_1007,0.341176,170,2,9,367,530,0.8006424612584033
Dark,bHLH_1:9272891-9273140_non_binding_957,0.347059,170,2,10,390,336,0.025271437677625797
Dark,bHLH_1:9272891-9273140_reference_binding_2670,0.352941,170,2,6,131,295,1.3902446708923997
Dark,bHLH_1:92764-93013_non_binding_1588,0.441176,170,2,10,316,199,-0.8626113773672951
Dark,bHLH_1:92764-93013_non_binding_1654,0.452941,170,2,17,579,427,-0.5178355260969503
Dark,bHLH_1:92764-93013_reference_binding_2838,0.447059,170,2,14,587,352,-0.7225001044552295
Dark,bHLH_1:9326460-9326709_binding_1273,0.347059,170,2,11,377,1197,1.70408298701347
Dark,bHLH_1:9326460-9326709_reference_binding_2759,0.335294,170,2,5,126,365,1.457073088600443
Dark,bHLH_1:9352999-9353248_non_binding_920,0.311765,170,2,12,405,823,1.0750068494079021
Dark,bHLH_1:9352999-9353248_non_binding_928,0.305882,170,2,9,184,624,1.640016786910043
Dark,bHLH_1:9352999-9353248_reference_binding_2653,0.305882,170,2,7,177,619,1.7376692528545226
Dark,bHLH_1:9376729-9376978_binding_1056,0.4,170,2,3,79,29,-1.5108055048061826
Dark,bHLH_1:9376729-9376978_binding_1182,0.405882,170,2,4,118,44,-1.3955649178230232
Dark,bHLH_1:9376729-9376978_binding_216,0.394118,170,2,6,206,80,-1.3708363051084704
Dark,bHLH_1:9376729-9376978_reference_binding_2176,0.405882,170,2,6,350,133,-1.360719418092101
Dark,bHLH_1:9389495-9389744_binding_1339,0.364706,170,2,6,305,155,-0.8792279616985972
Dark,bHLH_1:9389495-9389744_binding_394,0.388235,170,2,8,456,260,-0.7891693088354976
Dark,bHLH_1:9389495-9389744_reference_binding_2276,0.358824,170,2,7,265,111,-1.2921952262677427
Dark,bHLH_1:9439779-9440028_non_binding_1655,0.458824,170,2,1,17,5,-1.0631665559774806
Dark,bHLH_1:9439779-9440028_non_binding_541,0.458824,170,2,1,80,43,-0.5241953663208303
Dark,bHLH_1:9439779-9440028_reference_binding_2374,0.458824,170,2,1,115,125,0.014724843949656008
Dark,bHLH_1:9539246-9539495_binding_168,0.382353,170,2,22,954,1002,0.16210132616490464
Dark,bHLH_1:9539246-9539495_binding_183,0.382353,170,2,17,595,796,0.3022899676196745
Dark,bHLH_1:9539246-9539495_reference_binding_2146,0.352941,170,2,24,964,2350,1.2604335707913654
Dark,bHLH_1:9569966-9570215_binding_226,0.358824,170,2,11,286,1130,1.8217318306310877
Dark,bHLH_1:9569966-9570215_binding_322,0.347059,170,2,6,114,286,1.4746534665197064
Dark,bHLH_1:9569966-9570215_binding_35,0.341176,170,2,5,141,662,2.114203309753351
Dark,bHLH_1:9569966-9570215_reference_binding_2034,0.323529,170,2,5,184,262,0.556136379690424
Dark,bHLH_1:9619214-9619463_non_binding_1868,0.329412,170,2,17,641,530,-0.07538845620183096
Dark,bHLH_1:9619214-9619463_non_binding_1885,0.329412,170,2,16,359,385,-0.0727256043690889
Dark,bHLH_1:9619214-9619463_reference_binding_2959,0.335294,170,2,9,371,277,-0.49721349187607755
Dark,bHLH_1:9646763-9647012_non_binding_707,0.358824,170,2,6,316,209,-0.8112816625264665
Dark,bHLH_1:9646763-9647012_reference_binding_2509,0.358824,170,2,4,189,165,-0.24719789953050184
Dark,bHLH_1:9668346-9668595_non_binding_850,0.4,170,2,8,296,462,0.5323928803463662
Dark,bHLH_1:9668346-9668595_reference_binding_2604,0.405882,170,2,6,166,298,0.721978242594554
Dark,bHLH_1:9670419-9670668_binding_8,0.4,170,2,1,18,6,-1.8506710693233466
Dark,bHLH_1:9682830-9683079_binding_243,0.382353,170,2,5,233,148,-0.5655041810186255
Dark,bHLH_1:9682830-9683079_non_binding_570,0.388235,170,2,6,180,135,-0.4971883121243465
Dark,bHLH_1:9682830-9683079_reference_binding_2196,0.394118,170,2,16,853,575,-0.42112558457121796
Dark,bHLH_1:9704656-9704905_non_binding_671,0.452941,170,2,10,444,313,-0.5024600743380425
Dark,bHLH_1:9704656-9704905_reference_binding_2480,0.452941,170,2,22,931,759,-0.3635146299806057
Dark,bHLH_1:9715838-9716087_binding_1181,0.447059,170,2,5,262,113,-1.046921047863703
Dark,bHLH_1:9715838-9716087_binding_493,0.447059,170,2,5,313,209,-0.6468068972153836
Dark,bHLH_1:9715838-9716087_binding_89,0.447059,170,2,3,237,296,0.1866437766567737
Dark,bHLH_1:9715838-9716087_reference_binding_2084,0.452941,170,2,13,612,484,-0.2592307688762835
Dark,bHLH_1:9749874-9750123_binding_1365,0.435294,170,2,12,536,391,-0.5393928173373201
Dark,bHLH_1:9749874-9750123_binding_1385,0.429412,170,2,13,588,394,-0.6077991762104913
Dark,bHLH_1:9749874-9750123_binding_232,0.447059,170,2,21,927,669,-0.6096054907045599
Dark,bHLH_1:9749874-9750123_reference_binding_2187,0.429412,170,2,15,719,555,-0.3870954206258512
Dark,bHLH_1:9813392-9813641_binding_160,0.423529,170,2,8,319,468,0.5590309461463647
Dark,bHLH_1:9813392-9813641_reference_binding_2141,0.458824,170,2,7,226,432,0.7514135380474071
Dark,bHLH_1:9844333-9844582_binding_71,0.494118,170,2,22,1151,546,-1.1131623933876873
Dark,bHLH_1:9844333-9844582_reference_binding_2067,0.476471,170,2,11,408,402,-0.1476877273321574
Dark,bHLH_1:9867997-9868246_non_binding_1619,0.294118,170,2,7,168,224,0.30879795681742866
Dark,bHLH_1:9867997-9868246_reference_binding_2857,0.288235,170,2,9,387,344,0.13919148359114272
Dark,bHLH_1:9869758-9870007_non_binding_689,0.382353,170,2,6,221,93,-0.9807907628839616
Dark,bHLH_1:9869758-9870007_reference_binding_2494,0.388235,170,2,2,94,31,-1.5335197115524526
Dark,bHLH_1:9888498-9888747_non_binding_688,0.335294,170,2,11,326,420,0.364944615621265
Dark,bHLH_1:9888498-9888747_reference_binding_2493,0.335294,170,2,14,523,822,0.48187655241065364
Dark,bHLH_1:9908898-9909147_non_binding_1627,0.523529,170,2,15,572,827,0.4577830738009955
Dark,bHLH_1:9908898-9909147_reference_binding_2859,0.517647,170,2,13,581,728,0.21351916595623324
Dark,bHLH_1:9911456-9911705_non_binding_1643,0.411765,170,2,8,304,388,0.38342880239719673
Dark,bHLH_1:9911456-9911705_non_binding_760,0.4,170,2,10,395,261,-0.11930785157511509
Dark,bHLH_1:9911456-9911705_non_binding_785,0.405882,170,2,13,355,528,0.6724722548108204
Dark,bHLH_1:9911456-9911705_non_binding_940,0.405882,170,2,17,604,1002,0.7391422286619975
Dark,bHLH_1:9911456-9911705_non_binding_960,0.4,170,2,13,593,702,0.2738147349838945
Dark,bHLH_1:9911456-9911705_non_binding_999,0.394118,170,2,16,446,717,0.7705562940746058
Dark,bHLH_1:9911456-9911705_reference_binding_2549,0.405882,170,2,14,552,699,0.2884364404588663
Dark,bHLH_1:9952803-9953052_non_binding_1711,0.429412,170,2,4,57,128,1.1124064874128445
Dark,bHLH_1:9952803-9953052_reference_binding_2892,0.423529,170,2,1,44,169,1.7506962112728601
Dark,bHLH_1:9985225-9985474_non_binding_1502,0.382353,170,2,9,409,142,-1.4748395686371665
Dark,bHLH_1:9985225-9985474_reference_binding_2794,0.382353,170,2,3,100,26,-1.8343988109239722
Dark,bHLH_1:9999806-10000055_non_binding_1722,0.476471,170,2,9,311,204,-0.7816168224226336
Dark,bHLH_1:9999806-10000055_reference_binding_2898,0.476471,170,2,11,554,177,-1.7177850421188707
